customer_id,first_name,last_name,email,region,signup_date,customer_segment
C00001,Olivia,Jones,customer00001@example.com,South,2024-02-11,Consumer
C00002,Liam,Kelly,customer00002@example.com,Central,2024-06-21,Small Business
C00003,Ethan,Martin,customer00003@example.com,West,2022-12-31,Consumer
C00004,Mia,Hall,customer00004@example.com,West,2022-06-12,Small Business
C00005,Mia,Murphy,customer00005@example.com,North,2024-12-07,Consumer
C00006,James,Clark,customer00006@example.com,North,2023-05-26,Small Business
C00007,Olivia,Clark,customer00007@example.com,North,2025-09-14,Consumer
C00008,Emily,Wilson,customer00008@example.com,Central,2022-04-26,Consumer
C00009,Noah,Johnson,customer00009@example.com,West,2024-07-29,Enterprise
C00010,Oscar,Martin,customer00010@example.com,West,2022-12-03,Consumer
C00011,Grace,Davies,customer00011@example.com,North,2024-05-30,Consumer
C00012,Emma,Young,customer00012@example.com,Central,2024-01-07,Consumer
C00013,Liam,Walker,customer00013@example.com,Central,2024-04-19,Consumer
C00014,Noah,Thomas,customer00014@example.com,South,2022-05-27,Consumer
C00015,Lucas,Thomas,customer00015@example.com,North,2025-09-08,Consumer
C00016,Mia,Johnson,customer00016@example.com,North,2023-03-19,Consumer
C00017,Leo,Wilson,customer00017@example.com,South,2024-04-16,Consumer
C00018,Amelia,Lewis,customer00018@example.com,East,2024-11-02,Small Business
C00019,Liam,Jones,customer00019@example.com,East,2024-07-31,Consumer
C00020,Emily,Young,customer00020@example.com,South,2022-10-14,Consumer
C00021,Lucas,Clark,customer00021@example.com,West,2023-12-21,Small Business
C00022,Emily,Clark,customer00022@example.com,North,2025-02-11,Consumer
C00023,Grace,Young,customer00023@example.com,South,2023-04-25,Consumer
C00024,Mia,Hall,customer00024@example.com,South,2022-01-22,Consumer
C00025,Jack,Wilson,customer00025@example.com,East,2025-10-04,Consumer
C00026,Oscar,Martin,customer00026@example.com,West,2023-11-14,Consumer
C00027,Ethan,Thomas,customer00027@example.com,North,2024-06-24,Consumer
C00028,Liam,Roberts,customer00028@example.com,East,2022-11-16,Consumer
C00029,Ava,Evans,customer00029@example.com,West,2022-05-06,Consumer
C00030,Grace,Murphy,customer00030@example.com,North,2022-10-04,Consumer
C00031,Daniel,Taylor,customer00031@example.com,West,2025-05-12,Consumer
C00032,Ethan,Lewis,customer00032@example.com,North,2022-07-13,Consumer
C00033,James,Kelly,customer00033@example.com,North,2023-11-27,Small Business
C00034,Lucas,Taylor,customer00034@example.com,Central,2025-08-02,Consumer
C00035,Daniel,Young,customer00035@example.com,Central,2022-02-26,Consumer
C00036,Olivia,Evans,customer00036@example.com,Central,2025-08-19,Consumer
C00037,Noah,Jones,customer00037@example.com,South,2025-04-01,Consumer
C00038,Henry,Roberts,customer00038@example.com,North,2022-01-19,Consumer
C00039,Olivia,Martin,customer00039@example.com,West,2025-10-25,Consumer
C00040,Isla,King,customer00040@example.com,East,2022-09-21,Small Business
C00041,Isla,King,customer00041@example.com,North,2024-03-04,Consumer
C00042,Amelia,Jones,customer00042@example.com,East,2022-04-23,Enterprise
C00043,Ethan,Taylor,customer00043@example.com,North,2025-09-12,Consumer
C00044,Emma,Evans,customer00044@example.com,Central,2023-06-26,Consumer
C00045,Jack,Allen,customer00045@example.com,South,2023-10-09,Consumer
C00046,Emily,Young,customer00046@example.com,West,2023-08-02,Consumer
C00047,Olivia,Evans,customer00047@example.com,South,2024-12-24,Consumer
C00048,Henry,Walker,customer00048@example.com,East,2025-08-08,Consumer
C00049,Noah,Evans,customer00049@example.com,East,2022-01-25,Consumer
C00050,Emily,Murphy,customer00050@example.com,North,2022-01-01,Enterprise
C00051,Sophia,Johnson,customer00051@example.com,Central,2024-06-29,Small Business
C00052,Amelia,Smith,customer00052@example.com,West,2022-05-21,Consumer
C00053,Isla,Evans,customer00053@example.com,Central,2023-10-10,Consumer
C00054,Oscar,Evans,customer00054@example.com,Central,2022-07-07,Consumer
C00055,Lucas,Brown,customer00055@example.com,West,2025-02-25,Consumer
C00056,Noah,Walker,customer00056@example.com,Central,2022-07-20,Consumer
C00057,Emma,Thomas,customer00057@example.com,North,2025-02-24,Consumer
C00058,Mia,King,customer00058@example.com,North,2022-09-14,Consumer
C00059,Sophia,Evans,customer00059@example.com,North,2023-07-01,Consumer
C00060,Noah,Martin,customer00060@example.com,South,2022-07-13,Enterprise
C00061,Mia,Thomas,customer00061@example.com,South,2023-12-04,Small Business
C00062,Olivia,Young,customer00062@example.com,South,2025-02-01,Enterprise
C00063,Henry,Murphy,customer00063@example.com,Central,2025-07-12,Consumer
C00064,Ethan,Johnson,customer00064@example.com,South,2024-03-12,Consumer
C00065,Jack,Martin,customer00065@example.com,South,2024-07-30,Consumer
C00066,Isla,Lewis,customer00066@example.com,East,2025-07-07,Consumer
C00067,Ava,Young,customer00067@example.com,North,2023-02-18,Consumer
C00068,Isla,Kelly,customer00068@example.com,Central,2025-10-13,Small Business
C00069,Isla,Johnson,customer00069@example.com,North,2025-01-03,Consumer
C00070,Lucas,Roberts,customer00070@example.com,Central,2025-10-10,Consumer
C00071,Ethan,Kelly,customer00071@example.com,West,2024-06-28,Consumer
C00072,Noah,Hall,customer00072@example.com,North,2022-07-07,Consumer
C00073,Amelia,Walker,customer00073@example.com,North,2025-08-06,Consumer
C00074,Ava,Lewis,customer00074@example.com,Central,2022-02-14,Consumer
C00075,Emily,Brown,customer00075@example.com,West,2022-03-24,Consumer
C00076,Mia,Walker,customer00076@example.com,West,2025-02-20,Consumer
C00077,Ava,Murphy,customer00077@example.com,West,2022-12-24,Enterprise
C00078,Jack,Evans,customer00078@example.com,North,2024-12-25,Consumer
C00079,Henry,Kelly,customer00079@example.com,South,2024-07-24,Small Business
C00080,Ethan,Murphy,customer00080@example.com,North,2023-01-10,Consumer
C00081,Emily,Clark,customer00081@example.com,Central,2022-06-11,Consumer
C00082,Mia,Jones,customer00082@example.com,West,2025-10-13,Consumer
C00083,Daniel,Allen,customer00083@example.com,South,2025-04-26,Consumer
C00084,Emma,Thomas,customer00084@example.com,North,2022-11-18,Consumer
C00085,Mia,Wilson,customer00085@example.com,South,2023-03-26,Small Business
C00086,Emma,Smith,customer00086@example.com,South,2024-11-02,Small Business
C00087,Daniel,Roberts,customer00087@example.com,West,2022-07-03,Consumer
C00088,Henry,Young,customer00088@example.com,West,2022-04-21,Consumer
C00089,Ethan,Allen,customer00089@example.com,Central,2023-05-23,Enterprise
C00090,Noah,Allen,customer00090@example.com,East,2025-08-06,Consumer
C00091,Lucas,Clark,customer00091@example.com,North,2022-10-22,Consumer
C00092,Oscar,Johnson,customer00092@example.com,West,2024-06-22,Consumer
C00093,Daniel,Wilson,customer00093@example.com,West,2025-05-23,Small Business
C00094,Lucas,Evans,customer00094@example.com,East,2024-08-31,Enterprise
C00095,Ella,Murphy,customer00095@example.com,West,2023-09-24,Consumer
C00096,Henry,Thomas,customer00096@example.com,East,2024-11-16,Small Business
C00097,Jack,Martin,customer00097@example.com,East,2024-01-03,Small Business
C00098,James,Allen,customer00098@example.com,East,2025-06-08,Consumer
C00099,Ethan,Thomas,customer00099@example.com,North,2022-11-17,Consumer
C00100,James,Walker,customer00100@example.com,North,2024-07-01,Consumer
C00101,Mia,Young,customer00101@example.com,North,2025-06-10,Enterprise
C00102,Emily,Murphy,customer00102@example.com,West,2023-03-13,Consumer
C00103,Emily,Roberts,customer00103@example.com,South,2024-02-20,Small Business
C00104,Ethan,Walker,customer00104@example.com,East,2024-12-12,Consumer
C00105,Oscar,Walker,customer00105@example.com,Central,2025-08-29,Small Business
C00106,Grace,Lewis,customer00106@example.com,South,2025-07-28,Consumer
C00107,Oscar,Davies,customer00107@example.com,East,2023-12-27,Consumer
C00108,Henry,Kelly,customer00108@example.com,West,2022-01-31,Small Business
C00109,Isla,Davies,customer00109@example.com,South,2022-12-03,Small Business
C00110,Mia,Wilson,customer00110@example.com,North,2022-07-02,Small Business
C00111,James,Young,customer00111@example.com,South,2024-11-12,Consumer
C00112,Leo,Walker,customer00112@example.com,North,2023-06-28,Small Business
C00113,Ella,Davies,customer00113@example.com,Central,2025-01-02,Consumer
C00114,Noah,Young,customer00114@example.com,Central,2024-10-30,Consumer
C00115,Emma,Jones,customer00115@example.com,West,2023-10-22,Consumer
C00116,Olivia,Hall,customer00116@example.com,Central,2022-06-09,Consumer
C00117,James,Jones,customer00117@example.com,Central,2024-11-03,Consumer
C00118,Ava,Taylor,customer00118@example.com,North,2025-04-16,Enterprise
C00119,Grace,Jones,customer00119@example.com,Central,2023-02-16,Consumer
C00120,Amelia,Smith,customer00120@example.com,East,2024-10-08,Small Business
C00121,Noah,Clark,customer00121@example.com,Central,2022-02-22,Consumer
C00122,Henry,Wilson,customer00122@example.com,Central,2023-02-12,Consumer
C00123,Henry,Thomas,customer00123@example.com,South,2024-04-26,Consumer
C00124,Amelia,Taylor,customer00124@example.com,North,2024-11-11,Enterprise
C00125,Jack,Wilson,customer00125@example.com,South,2024-11-19,Small Business
C00126,Leo,Smith,customer00126@example.com,East,2023-12-04,Small Business
C00127,Ethan,Evans,customer00127@example.com,Central,2022-09-17,Enterprise
C00128,Emily,Hall,customer00128@example.com,Central,2025-05-13,Consumer
C00129,Liam,Lewis,customer00129@example.com,North,2024-12-18,Consumer
C00130,Olivia,Kelly,customer00130@example.com,East,2024-02-15,Small Business
C00131,Emily,Jones,customer00131@example.com,East,2024-11-01,Consumer
C00132,Ethan,King,customer00132@example.com,South,2025-08-06,Consumer
C00133,Daniel,King,customer00133@example.com,North,2024-04-29,Consumer
C00134,Olivia,Walker,customer00134@example.com,South,2022-12-20,Consumer
C00135,Sophia,Walker,customer00135@example.com,Central,2025-01-03,Consumer
C00136,Grace,Smith,customer00136@example.com,South,2024-05-22,Consumer
C00137,Ava,Smith,customer00137@example.com,East,2024-09-17,Consumer
C00138,Jack,Young,customer00138@example.com,West,2025-06-18,Consumer
C00139,Liam,Young,customer00139@example.com,South,2024-10-14,Consumer
C00140,Ethan,Clark,customer00140@example.com,Central,2025-03-23,Consumer
C00141,Leo,Smith,customer00141@example.com,Central,2025-01-24,Small Business
C00142,Ava,Smith,customer00142@example.com,South,2022-10-21,Consumer
C00143,Leo,Hall,customer00143@example.com,East,2022-07-28,Consumer
C00144,Olivia,Roberts,customer00144@example.com,South,2025-09-28,Small Business
C00145,Sophia,Young,customer00145@example.com,South,2025-01-16,Consumer
C00146,Leo,Johnson,customer00146@example.com,North,2024-03-28,Consumer
C00147,Amelia,Smith,customer00147@example.com,West,2023-01-25,Small Business
C00148,Lucas,Hall,customer00148@example.com,East,2022-11-21,Consumer
C00149,James,Clark,customer00149@example.com,North,2024-07-28,Small Business
C00150,Isla,Davies,customer00150@example.com,South,2024-06-07,Small Business
C00151,Ava,Brown,customer00151@example.com,Central,2025-03-26,Consumer
C00152,Emily,Brown,customer00152@example.com,South,2023-10-30,Consumer
C00153,Leo,Hall,customer00153@example.com,North,2023-09-25,Consumer
C00154,Liam,Wilson,customer00154@example.com,East,2023-07-31,Consumer
C00155,Amelia,Thomas,customer00155@example.com,Central,2022-05-17,Consumer
C00156,Daniel,Evans,customer00156@example.com,South,2023-03-04,Consumer
C00157,Ella,King,customer00157@example.com,West,2023-09-04,Consumer
C00158,Liam,Hall,customer00158@example.com,West,2024-06-29,Consumer
C00159,Olivia,Roberts,customer00159@example.com,South,2024-03-29,Consumer
C00160,Isla,Kelly,customer00160@example.com,West,2022-05-21,Consumer
C00161,Sophia,Roberts,customer00161@example.com,South,2025-01-11,Consumer
C00162,Mia,Martin,customer00162@example.com,West,2022-06-26,Small Business
C00163,Emma,Taylor,customer00163@example.com,West,2022-07-17,Consumer
C00164,Mia,Kelly,customer00164@example.com,East,2023-09-16,Consumer
C00165,Oscar,Martin,customer00165@example.com,North,2023-11-22,Enterprise
C00166,Noah,Lewis,customer00166@example.com,Central,2023-02-05,Consumer
C00167,Noah,Allen,customer00167@example.com,South,2023-04-16,Consumer
C00168,Ella,Thomas,customer00168@example.com,North,2022-08-06,Consumer
C00169,Noah,Thomas,customer00169@example.com,North,2024-07-17,Consumer
C00170,Emily,Johnson,customer00170@example.com,West,2023-09-24,Consumer
C00171,James,Taylor,customer00171@example.com,West,2024-08-08,Consumer
C00172,James,Jones,customer00172@example.com,North,2024-06-24,Consumer
C00173,Ella,Taylor,customer00173@example.com,East,2022-06-24,Small Business
C00174,Emily,Martin,customer00174@example.com,South,2022-01-23,Consumer
C00175,Ava,Martin,customer00175@example.com,West,2022-08-23,Consumer
C00176,Ethan,Martin,customer00176@example.com,North,2024-11-02,Small Business
C00177,Leo,Young,customer00177@example.com,West,2025-01-29,Consumer
C00178,Amelia,Walker,customer00178@example.com,South,2024-07-17,Small Business
C00179,Grace,Jones,customer00179@example.com,Central,2023-06-07,Consumer
C00180,Lucas,Smith,customer00180@example.com,North,2023-03-07,Small Business
C00181,Emily,Davies,customer00181@example.com,South,2024-03-03,Consumer
C00182,Lucas,Taylor,customer00182@example.com,North,2023-06-17,Small Business
C00183,Sophia,Walker,customer00183@example.com,Central,2024-09-05,Small Business
C00184,Henry,Clark,customer00184@example.com,Central,2025-08-09,Consumer
C00185,Isla,Murphy,customer00185@example.com,South,2024-03-20,Consumer
C00186,Jack,Allen,customer00186@example.com,West,2024-07-01,Consumer
C00187,Leo,Brown,customer00187@example.com,Central,2025-01-29,Consumer
C00188,Jack,Hall,customer00188@example.com,East,2025-08-20,Consumer
C00189,Olivia,Jones,customer00189@example.com,East,2024-05-20,Consumer
C00190,Mia,Thomas,customer00190@example.com,South,2023-06-24,Consumer
C00191,Mia,Evans,customer00191@example.com,North,2024-10-20,Consumer
C00192,Noah,Allen,customer00192@example.com,Central,2025-10-10,Consumer
C00193,Daniel,Walker,customer00193@example.com,Central,2025-08-19,Consumer
C00194,Liam,Roberts,customer00194@example.com,West,2022-08-15,Consumer
C00195,Oscar,Jones,customer00195@example.com,South,2025-06-13,Consumer
C00196,Emily,Taylor,customer00196@example.com,South,2024-05-22,Consumer
C00197,Mia,Roberts,customer00197@example.com,West,2024-06-10,Consumer
C00198,Oscar,Young,customer00198@example.com,Central,2024-11-02,Consumer
C00199,Mia,Allen,customer00199@example.com,Central,2022-07-29,Consumer
C00200,Liam,Jones,customer00200@example.com,West,2024-01-11,Consumer
C00201,Noah,Davies,customer00201@example.com,West,2023-02-01,Small Business
C00202,Emma,Murphy,customer00202@example.com,North,2025-01-28,Consumer
C00203,Mia,Smith,customer00203@example.com,North,2022-01-31,Consumer
C00204,Noah,Evans,customer00204@example.com,Central,2024-06-16,Small Business
C00205,Emma,Allen,customer00205@example.com,West,2023-10-11,Small Business
C00206,Daniel,Wilson,customer00206@example.com,North,2022-11-25,Enterprise
C00207,Noah,Martin,customer00207@example.com,North,2025-04-04,Consumer
C00208,Leo,Taylor,customer00208@example.com,West,2024-08-09,Consumer
C00209,Mia,Johnson,customer00209@example.com,North,2025-01-28,Small Business
C00210,Ethan,Davies,customer00210@example.com,North,2023-09-13,Consumer
C00211,Ella,Allen,customer00211@example.com,East,2025-04-11,Consumer
C00212,Lucas,Thomas,customer00212@example.com,West,2022-06-11,Small Business
C00213,Emily,Allen,customer00213@example.com,West,2024-02-15,Small Business
C00214,James,Martin,customer00214@example.com,South,2025-07-10,Enterprise
C00215,Oscar,Young,customer00215@example.com,West,2022-10-01,Enterprise
C00216,Oscar,Murphy,customer00216@example.com,South,2024-10-23,Small Business
C00217,Ella,Martin,customer00217@example.com,South,2024-11-17,Consumer
C00218,Mia,Wilson,customer00218@example.com,West,2022-11-22,Small Business
C00219,Ella,Taylor,customer00219@example.com,West,2024-07-28,Consumer
C00220,Grace,Hall,customer00220@example.com,Central,2025-03-18,Consumer
C00221,Lucas,Kelly,customer00221@example.com,West,2023-06-24,Small Business
C00222,Olivia,Jones,customer00222@example.com,East,2023-05-03,Consumer
C00223,Olivia,Brown,customer00223@example.com,North,2024-04-01,Consumer
C00224,Grace,Clark,customer00224@example.com,South,2024-12-24,Consumer
C00225,Isla,Thomas,customer00225@example.com,South,2022-12-22,Small Business
C00226,Grace,Taylor,customer00226@example.com,South,2025-06-29,Consumer
C00227,Grace,Murphy,customer00227@example.com,Central,2022-08-23,Small Business
C00228,Jack,King,customer00228@example.com,East,2022-08-15,Consumer
C00229,Emma,King,customer00229@example.com,Central,2025-08-29,Small Business
C00230,Olivia,King,customer00230@example.com,West,2022-02-18,Small Business
C00231,Emma,Martin,customer00231@example.com,West,2022-04-28,Consumer
C00232,Henry,Murphy,customer00232@example.com,East,2022-02-23,Consumer
C00233,Daniel,Smith,customer00233@example.com,East,2023-07-19,Consumer
C00234,Olivia,Roberts,customer00234@example.com,East,2024-12-03,Enterprise
C00235,Mia,Lewis,customer00235@example.com,North,2022-02-22,Consumer
C00236,Lucas,Walker,customer00236@example.com,West,2023-07-12,Enterprise
C00237,Lucas,Thomas,customer00237@example.com,South,2025-01-30,Consumer
C00238,Emily,Kelly,customer00238@example.com,North,2024-05-17,Small Business
C00239,Jack,Young,customer00239@example.com,West,2023-02-02,Small Business
C00240,James,Martin,customer00240@example.com,North,2025-03-07,Small Business
C00241,Grace,Clark,customer00241@example.com,Central,2023-11-06,Enterprise
C00242,Ava,Davies,customer00242@example.com,Central,2023-01-22,Consumer
C00243,Ethan,Allen,customer00243@example.com,Central,2022-04-21,Consumer
C00244,Jack,Martin,customer00244@example.com,South,2023-09-06,Small Business
C00245,Mia,Taylor,customer00245@example.com,North,2022-01-17,Small Business
C00246,Noah,King,customer00246@example.com,Central,2025-04-20,Consumer
C00247,Jack,Johnson,customer00247@example.com,East,2024-06-02,Consumer
C00248,Emily,Thomas,customer00248@example.com,Central,2023-06-25,Consumer
C00249,Olivia,Taylor,customer00249@example.com,Central,2022-06-20,Consumer
C00250,Emma,Taylor,customer00250@example.com,Central,2023-02-13,Consumer
C00251,Emily,Roberts,customer00251@example.com,South,2024-01-10,Consumer
C00252,Liam,Wilson,customer00252@example.com,South,2025-04-26,Small Business
C00253,Noah,Martin,customer00253@example.com,Central,2024-05-07,Consumer
C00254,Mia,Wilson,customer00254@example.com,South,2022-08-18,Consumer
C00255,Ava,Martin,customer00255@example.com,North,2022-04-29,Consumer
C00256,Grace,Murphy,customer00256@example.com,East,2025-03-25,Consumer
C00257,Ella,Kelly,customer00257@example.com,Central,2024-02-23,Small Business
C00258,Ella,Brown,customer00258@example.com,West,2023-04-10,Small Business
C00259,Lucas,Taylor,customer00259@example.com,East,2022-04-14,Consumer
C00260,Henry,Smith,customer00260@example.com,North,2023-11-29,Small Business
C00261,Emma,Johnson,customer00261@example.com,West,2022-06-24,Small Business
C00262,Ava,Lewis,customer00262@example.com,Central,2024-01-15,Small Business
C00263,Henry,Kelly,customer00263@example.com,North,2025-03-03,Consumer
C00264,Liam,Roberts,customer00264@example.com,East,2023-10-27,Enterprise
C00265,Henry,Brown,customer00265@example.com,Central,2022-02-02,Consumer
C00266,Ethan,Wilson,customer00266@example.com,West,2022-02-24,Consumer
C00267,Jack,Taylor,customer00267@example.com,West,2023-06-03,Consumer
C00268,Sophia,Davies,customer00268@example.com,West,2024-01-26,Consumer
C00269,Grace,Clark,customer00269@example.com,South,2022-01-12,Consumer
C00270,Emily,Lewis,customer00270@example.com,South,2023-12-21,Consumer
C00271,Ella,Young,customer00271@example.com,Central,2023-07-09,Consumer
C00272,James,Young,customer00272@example.com,Central,2023-01-08,Small Business
C00273,Lucas,Hall,customer00273@example.com,Central,2023-04-29,Small Business
C00274,Sophia,Clark,customer00274@example.com,Central,2024-08-30,Consumer
C00275,Lucas,Brown,customer00275@example.com,East,2025-06-05,Small Business
C00276,Emma,Smith,customer00276@example.com,East,2023-09-15,Small Business
C00277,Oscar,Taylor,customer00277@example.com,West,2022-11-03,Small Business
C00278,Emily,Kelly,customer00278@example.com,West,2023-04-02,Consumer
C00279,Emma,Young,customer00279@example.com,West,2022-06-09,Small Business
C00280,Daniel,Taylor,customer00280@example.com,West,2022-11-27,Enterprise
C00281,Emma,King,customer00281@example.com,Central,2024-02-15,Small Business
C00282,Emma,King,customer00282@example.com,South,2022-08-13,Consumer
C00283,Oscar,Murphy,customer00283@example.com,South,2024-09-09,Consumer
C00284,Ella,Martin,customer00284@example.com,North,2023-12-30,Consumer
C00285,Leo,Smith,customer00285@example.com,East,2024-12-04,Consumer
C00286,Leo,Johnson,customer00286@example.com,North,2025-05-22,Consumer
C00287,Ava,Clark,customer00287@example.com,East,2024-12-18,Consumer
C00288,Emma,Martin,customer00288@example.com,East,2023-10-06,Small Business
C00289,Leo,Taylor,customer00289@example.com,South,2023-09-08,Small Business
C00290,Noah,Young,customer00290@example.com,West,2022-07-14,Consumer
C00291,Ava,Thomas,customer00291@example.com,North,2023-05-04,Enterprise
C00292,Noah,Allen,customer00292@example.com,North,2022-06-06,Consumer
C00293,Amelia,Hall,customer00293@example.com,Central,2023-09-02,Small Business
C00294,Noah,Davies,customer00294@example.com,South,2025-06-03,Small Business
C00295,Mia,Martin,customer00295@example.com,North,2023-02-16,Small Business
C00296,Henry,Davies,customer00296@example.com,East,2025-05-13,Enterprise
C00297,Olivia,Wilson,customer00297@example.com,West,2025-01-07,Consumer
C00298,Oscar,Roberts,customer00298@example.com,South,2025-02-21,Small Business
C00299,Mia,Johnson,customer00299@example.com,West,2023-04-16,Consumer
C00300,Oscar,Roberts,customer00300@example.com,North,2025-05-26,Small Business
C00301,Amelia,Walker,customer00301@example.com,North,2023-05-31,Small Business
C00302,Emma,Wilson,customer00302@example.com,East,2025-02-01,Small Business
C00303,Amelia,Taylor,customer00303@example.com,East,2023-01-28,Consumer
C00304,Noah,Davies,customer00304@example.com,West,2023-09-23,Small Business
C00305,Grace,Clark,customer00305@example.com,West,2023-08-31,Consumer
C00306,Oscar,Roberts,customer00306@example.com,Central,2024-09-06,Consumer
C00307,Oscar,Clark,customer00307@example.com,East,2023-03-10,Small Business
C00308,Leo,Johnson,customer00308@example.com,South,2025-09-16,Consumer
C00309,Daniel,Walker,customer00309@example.com,West,2025-03-12,Small Business
C00310,Ethan,Taylor,customer00310@example.com,South,2023-06-24,Consumer
C00311,Lucas,Kelly,customer00311@example.com,East,2022-10-05,Consumer
C00312,Daniel,Roberts,customer00312@example.com,North,2022-08-21,Small Business
C00313,Mia,Thomas,customer00313@example.com,North,2025-01-18,Consumer
C00314,Ethan,Walker,customer00314@example.com,Central,2025-05-07,Consumer
C00315,Henry,King,customer00315@example.com,Central,2022-12-28,Small Business
C00316,James,King,customer00316@example.com,West,2022-01-26,Consumer
C00317,Sophia,Evans,customer00317@example.com,East,2024-11-14,Consumer
C00318,Jack,Lewis,customer00318@example.com,North,2023-05-22,Consumer
C00319,Daniel,Brown,customer00319@example.com,North,2025-08-17,Small Business
C00320,Noah,Wilson,customer00320@example.com,South,2025-09-24,Small Business
C00321,Liam,Johnson,customer00321@example.com,East,2022-09-24,Small Business
C00322,Jack,Smith,customer00322@example.com,West,2023-04-06,Consumer
C00323,Amelia,Martin,customer00323@example.com,West,2023-04-01,Small Business
C00324,Oscar,Murphy,customer00324@example.com,South,2025-10-15,Small Business
C00325,Olivia,King,customer00325@example.com,Central,2024-12-27,Small Business
C00326,Noah,Martin,customer00326@example.com,West,2024-10-03,Consumer
C00327,Emily,Murphy,customer00327@example.com,East,2024-05-12,Small Business
C00328,Lucas,Lewis,customer00328@example.com,West,2023-05-06,Small Business
C00329,Leo,Murphy,customer00329@example.com,East,2024-12-08,Consumer
C00330,Ethan,Clark,customer00330@example.com,South,2023-07-18,Consumer
C00331,James,King,customer00331@example.com,South,2025-01-30,Small Business
C00332,Isla,Wilson,customer00332@example.com,West,2022-08-04,Consumer
C00333,Noah,Johnson,customer00333@example.com,North,2023-07-13,Enterprise
C00334,Mia,Murphy,customer00334@example.com,North,2022-06-08,Small Business
C00335,Isla,King,customer00335@example.com,North,2023-05-04,Consumer
C00336,Sophia,Evans,customer00336@example.com,North,2023-11-17,Consumer
C00337,Ava,Walker,customer00337@example.com,Central,2025-06-19,Consumer
C00338,Jack,Murphy,customer00338@example.com,West,2024-03-04,Enterprise
C00339,Emily,Davies,customer00339@example.com,East,2022-01-05,Consumer
C00340,Sophia,Martin,customer00340@example.com,North,2022-12-27,Small Business
C00341,Amelia,Murphy,customer00341@example.com,East,2023-04-04,Consumer
C00342,Leo,Johnson,customer00342@example.com,East,2022-09-05,Consumer
C00343,Liam,Walker,customer00343@example.com,North,2024-08-03,Consumer
C00344,Emily,Allen,customer00344@example.com,East,2023-02-26,Consumer
C00345,Sophia,Thomas,customer00345@example.com,East,2022-01-15,Enterprise
C00346,Olivia,Murphy,customer00346@example.com,West,2024-01-06,Consumer
C00347,James,Martin,customer00347@example.com,West,2025-02-19,Consumer
C00348,Ethan,Roberts,customer00348@example.com,North,2022-10-04,Consumer
C00349,Olivia,Martin,customer00349@example.com,South,2023-03-29,Consumer
C00350,Olivia,Kelly,customer00350@example.com,West,2025-08-10,Consumer
C00351,Emily,Brown,customer00351@example.com,East,2023-08-21,Small Business
C00352,James,Allen,customer00352@example.com,Central,2023-03-22,Consumer
C00353,Ethan,Evans,customer00353@example.com,West,2022-07-29,Consumer
C00354,Sophia,Allen,customer00354@example.com,North,2023-12-15,Consumer
C00355,Amelia,Young,customer00355@example.com,North,2022-10-29,Enterprise
C00356,Lucas,Davies,customer00356@example.com,West,2025-05-31,Consumer
C00357,Daniel,Young,customer00357@example.com,North,2022-01-03,Consumer
C00358,Lucas,Smith,customer00358@example.com,East,2024-09-16,Small Business
C00359,Ethan,Lewis,customer00359@example.com,Central,2025-01-21,Consumer
C00360,Leo,Evans,customer00360@example.com,East,2023-06-04,Consumer
C00361,Ella,Lewis,customer00361@example.com,South,2023-05-08,Consumer
C00362,Ethan,Johnson,customer00362@example.com,West,2025-06-12,Small Business
C00363,Emma,Taylor,customer00363@example.com,East,2023-09-12,Consumer
C00364,Noah,Clark,customer00364@example.com,East,2025-03-30,Small Business
C00365,Grace,Walker,customer00365@example.com,Central,2022-11-27,Consumer
C00366,Ethan,Wilson,customer00366@example.com,South,2022-11-29,Consumer
C00367,Emma,Johnson,customer00367@example.com,Central,2022-02-19,Consumer
C00368,Liam,Thomas,customer00368@example.com,Central,2024-05-12,Consumer
C00369,Daniel,Roberts,customer00369@example.com,North,2022-09-29,Small Business
C00370,James,Wilson,customer00370@example.com,North,2023-08-03,Consumer
C00371,Ethan,Clark,customer00371@example.com,North,2025-06-29,Consumer
C00372,Ava,Martin,customer00372@example.com,North,2023-07-14,Consumer
C00373,Jack,Taylor,customer00373@example.com,North,2023-11-27,Enterprise
C00374,Emily,Lewis,customer00374@example.com,West,2025-01-18,Consumer
C00375,Grace,King,customer00375@example.com,North,2023-03-22,Enterprise
C00376,Emily,Walker,customer00376@example.com,South,2024-10-13,Consumer
C00377,Liam,Allen,customer00377@example.com,Central,2025-09-17,Consumer
C00378,Olivia,Martin,customer00378@example.com,North,2025-03-08,Consumer
C00379,Noah,Young,customer00379@example.com,Central,2022-12-23,Consumer
C00380,James,Hall,customer00380@example.com,South,2022-10-01,Consumer
C00381,Emily,Clark,customer00381@example.com,North,2024-11-08,Consumer
C00382,Emma,Young,customer00382@example.com,West,2022-11-07,Small Business
C00383,Isla,Jones,customer00383@example.com,West,2024-05-19,Small Business
C00384,Oscar,Kelly,customer00384@example.com,Central,2024-06-04,Small Business
C00385,Emily,Young,customer00385@example.com,West,2022-06-03,Consumer
C00386,James,King,customer00386@example.com,Central,2025-07-07,Consumer
C00387,Grace,Taylor,customer00387@example.com,South,2023-09-12,Consumer
C00388,James,Brown,customer00388@example.com,North,2024-06-01,Small Business
C00389,Emma,Thomas,customer00389@example.com,West,2024-03-07,Enterprise
C00390,Sophia,Kelly,customer00390@example.com,Central,2022-05-05,Consumer
C00391,Isla,Davies,customer00391@example.com,Central,2025-10-09,Consumer
C00392,Emma,King,customer00392@example.com,East,2025-07-20,Consumer
C00393,Isla,Jones,customer00393@example.com,South,2023-09-11,Consumer
C00394,Lucas,Allen,customer00394@example.com,West,2022-09-02,Consumer
C00395,Mia,Martin,customer00395@example.com,South,2024-04-27,Consumer
C00396,Olivia,Murphy,customer00396@example.com,Central,2023-03-26,Small Business
C00397,Isla,Clark,customer00397@example.com,Central,2024-07-18,Consumer
C00398,Emily,Brown,customer00398@example.com,East,2025-06-24,Consumer
C00399,Grace,Smith,customer00399@example.com,West,2023-06-04,Enterprise
C00400,Amelia,Brown,customer00400@example.com,West,2025-03-10,Consumer
C00401,James,Roberts,customer00401@example.com,North,2022-12-28,Consumer
C00402,Mia,Thomas,customer00402@example.com,Central,2022-01-08,Consumer
C00403,Ava,Hall,customer00403@example.com,East,2023-04-23,Consumer
C00404,Ava,Hall,customer00404@example.com,Central,2025-10-07,Consumer
C00405,Grace,Young,customer00405@example.com,South,2023-05-10,Small Business
C00406,Liam,Allen,customer00406@example.com,Central,2024-04-12,Consumer
C00407,Ava,Allen,customer00407@example.com,South,2024-11-28,Consumer
C00408,Daniel,Thomas,customer00408@example.com,North,2023-08-16,Small Business
C00409,Grace,Lewis,customer00409@example.com,Central,2022-07-06,Consumer
C00410,Mia,Kelly,customer00410@example.com,North,2024-01-24,Small Business
C00411,Ethan,Martin,customer00411@example.com,South,2022-04-03,Small Business
C00412,Ava,Lewis,customer00412@example.com,Central,2022-03-27,Consumer
C00413,Olivia,Allen,customer00413@example.com,Central,2024-12-03,Small Business
C00414,Henry,Hall,customer00414@example.com,East,2022-05-17,Consumer
C00415,Emma,Wilson,customer00415@example.com,West,2023-02-25,Enterprise
C00416,Ella,Kelly,customer00416@example.com,East,2022-03-15,Consumer
C00417,Mia,Smith,customer00417@example.com,South,2025-03-25,Enterprise
C00418,Lucas,Walker,customer00418@example.com,South,2025-07-02,Small Business
C00419,Jack,Brown,customer00419@example.com,West,2022-06-20,Consumer
C00420,Isla,Johnson,customer00420@example.com,West,2022-06-19,Consumer
C00421,Sophia,Clark,customer00421@example.com,West,2024-05-21,Enterprise
C00422,Mia,Taylor,customer00422@example.com,West,2022-11-18,Small Business
C00423,Mia,Brown,customer00423@example.com,North,2023-04-01,Consumer
C00424,Liam,Wilson,customer00424@example.com,East,2024-08-01,Small Business
C00425,Lucas,Kelly,customer00425@example.com,North,2024-02-29,Consumer
C00426,Henry,Johnson,customer00426@example.com,East,2023-09-05,Consumer
C00427,Daniel,Murphy,customer00427@example.com,East,2025-03-24,Consumer
C00428,Ethan,Lewis,customer00428@example.com,Central,2024-06-07,Consumer
C00429,Noah,Evans,customer00429@example.com,South,2022-12-15,Small Business
C00430,Ethan,Hall,customer00430@example.com,North,2025-04-11,Consumer
C00431,Isla,Walker,customer00431@example.com,North,2022-01-10,Small Business
C00432,Leo,Kelly,customer00432@example.com,West,2024-01-10,Consumer
C00433,Henry,Walker,customer00433@example.com,West,2025-07-12,Consumer
C00434,Emily,Brown,customer00434@example.com,North,2025-06-24,Consumer
C00435,Daniel,Lewis,customer00435@example.com,North,2023-10-29,Consumer
C00436,Liam,Lewis,customer00436@example.com,West,2023-06-30,Consumer
C00437,Olivia,Murphy,customer00437@example.com,North,2022-05-09,Consumer
C00438,Ethan,Taylor,customer00438@example.com,Central,2023-08-24,Consumer
C00439,Ava,Johnson,customer00439@example.com,West,2023-08-28,Consumer
C00440,Oscar,Jones,customer00440@example.com,North,2022-11-23,Consumer
C00441,Ethan,Brown,customer00441@example.com,North,2024-09-06,Consumer
C00442,Emma,Smith,customer00442@example.com,Central,2023-02-08,Small Business
C00443,Olivia,Murphy,customer00443@example.com,South,2023-09-21,Small Business
C00444,Amelia,Brown,customer00444@example.com,South,2025-10-14,Consumer
C00445,Grace,Davies,customer00445@example.com,Central,2023-12-19,Consumer
C00446,Isla,Thomas,customer00446@example.com,Central,2024-11-06,Consumer
C00447,Daniel,Hall,customer00447@example.com,Central,2022-10-01,Enterprise
C00448,Grace,Davies,customer00448@example.com,West,2023-11-16,Consumer
C00449,Amelia,Young,customer00449@example.com,South,2022-04-26,Consumer
C00450,Leo,Davies,customer00450@example.com,North,2024-05-10,Consumer
C00451,Olivia,Murphy,customer00451@example.com,West,2023-11-24,Consumer
C00452,Henry,Young,customer00452@example.com,East,2025-01-19,Consumer
C00453,Oscar,Clark,customer00453@example.com,East,2025-01-10,Small Business
C00454,Lucas,Lewis,customer00454@example.com,Central,2022-11-20,Consumer
C00455,Ethan,Thomas,customer00455@example.com,North,2024-08-18,Consumer
C00456,Emma,Martin,customer00456@example.com,East,2022-04-24,Consumer
C00457,Grace,Davies,customer00457@example.com,North,2024-12-17,Consumer
C00458,Liam,Davies,customer00458@example.com,East,2022-06-03,Small Business
C00459,Leo,Clark,customer00459@example.com,North,2025-07-13,Consumer
C00460,Emily,Martin,customer00460@example.com,North,2022-11-11,Small Business
C00461,Lucas,Smith,customer00461@example.com,North,2024-11-30,Consumer
C00462,Isla,King,customer00462@example.com,West,2022-04-15,Consumer
C00463,Grace,Evans,customer00463@example.com,West,2025-05-01,Enterprise
C00464,Noah,Lewis,customer00464@example.com,East,2025-07-25,Consumer
C00465,Daniel,Allen,customer00465@example.com,Central,2022-12-20,Small Business
C00466,Amelia,Clark,customer00466@example.com,South,2024-10-12,Consumer
C00467,Daniel,Martin,customer00467@example.com,South,2024-01-03,Small Business
C00468,Olivia,Smith,customer00468@example.com,Central,2023-12-10,Consumer
C00469,Sophia,Evans,customer00469@example.com,South,2025-07-03,Consumer
C00470,Leo,Evans,customer00470@example.com,Central,2023-10-13,Small Business
C00471,Sophia,Roberts,customer00471@example.com,North,2024-04-03,Enterprise
C00472,Grace,Taylor,customer00472@example.com,Central,2024-08-04,Small Business
C00473,Daniel,Allen,customer00473@example.com,North,2023-10-23,Small Business
C00474,Henry,Brown,customer00474@example.com,Central,2022-04-09,Small Business
C00475,Sophia,Young,customer00475@example.com,East,2023-08-11,Consumer
C00476,Emily,Davies,customer00476@example.com,Central,2022-10-09,Consumer
C00477,James,Kelly,customer00477@example.com,North,2023-02-07,Consumer
C00478,Lucas,Murphy,customer00478@example.com,East,2025-02-06,Consumer
C00479,Grace,Evans,customer00479@example.com,Central,2023-12-01,Consumer
C00480,Henry,Lewis,customer00480@example.com,East,2022-07-18,Consumer
C00481,Ava,Brown,customer00481@example.com,West,2025-08-19,Consumer
C00482,Amelia,Roberts,customer00482@example.com,West,2022-11-23,Small Business
C00483,Oscar,Walker,customer00483@example.com,East,2022-06-03,Consumer
C00484,Sophia,Hall,customer00484@example.com,West,2023-07-06,Consumer
C00485,Henry,Murphy,customer00485@example.com,East,2023-02-09,Consumer
C00486,Emily,King,customer00486@example.com,Central,2023-04-07,Small Business
C00487,Liam,Martin,customer00487@example.com,North,2022-05-12,Small Business
C00488,Sophia,King,customer00488@example.com,South,2024-03-01,Consumer
C00489,Sophia,Martin,customer00489@example.com,Central,2024-05-23,Consumer
C00490,Lucas,Allen,customer00490@example.com,Central,2022-03-25,Consumer
C00491,Grace,Brown,customer00491@example.com,East,2024-01-24,Consumer
C00492,Oscar,Kelly,customer00492@example.com,West,2023-09-20,Consumer
C00493,Amelia,Kelly,customer00493@example.com,South,2025-02-06,Consumer
C00494,Daniel,Lewis,customer00494@example.com,North,2022-08-09,Consumer
C00495,Jack,King,customer00495@example.com,East,2023-07-07,Consumer
C00496,Jack,Davies,customer00496@example.com,South,2025-10-23,Enterprise
C00497,Jack,Johnson,customer00497@example.com,East,2025-03-16,Enterprise
C00498,Lucas,King,customer00498@example.com,North,2022-04-22,Consumer
C00499,Leo,Allen,customer00499@example.com,Central,2023-09-07,Consumer
C00500,Ella,Taylor,customer00500@example.com,Central,2024-07-12,Consumer
C00501,Ava,Wilson,customer00501@example.com,West,2023-04-20,Consumer
C00502,Noah,Murphy,customer00502@example.com,East,2024-04-15,Enterprise
C00503,Sophia,Brown,customer00503@example.com,South,2022-09-28,Consumer
C00504,Leo,Thomas,customer00504@example.com,Central,2023-02-25,Small Business
C00505,Amelia,Johnson,customer00505@example.com,West,2023-12-08,Consumer
C00506,Daniel,Brown,customer00506@example.com,North,2025-10-22,Enterprise
C00507,Noah,Davies,customer00507@example.com,Central,2025-07-27,Consumer
C00508,Mia,Kelly,customer00508@example.com,Central,2025-07-30,Small Business
C00509,Sophia,Wilson,customer00509@example.com,Central,2022-02-09,Consumer
C00510,Mia,Hall,customer00510@example.com,West,2022-07-08,Consumer
C00511,Lucas,Martin,customer00511@example.com,West,2025-04-02,Consumer
C00512,James,Clark,customer00512@example.com,East,2024-09-20,Consumer
C00513,Liam,King,customer00513@example.com,Central,2023-06-20,Enterprise
C00514,Emma,Wilson,customer00514@example.com,Central,2024-10-24,Small Business
C00515,Mia,Allen,customer00515@example.com,North,2022-10-17,Small Business
C00516,Ella,Martin,customer00516@example.com,North,2023-03-09,Consumer
C00517,Amelia,Clark,customer00517@example.com,South,2023-04-16,Small Business
C00518,Noah,Davies,customer00518@example.com,Central,2025-04-19,Consumer
C00519,Jack,Walker,customer00519@example.com,Central,2025-06-25,Consumer
C00520,Grace,Young,customer00520@example.com,North,2023-09-20,Consumer
C00521,Oscar,Davies,customer00521@example.com,West,2022-10-06,Consumer
C00522,Lucas,Young,customer00522@example.com,South,2024-05-26,Consumer
C00523,Henry,Davies,customer00523@example.com,Central,2023-08-04,Consumer
C00524,Ella,Walker,customer00524@example.com,Central,2024-05-12,Consumer
C00525,Henry,Johnson,customer00525@example.com,Central,2022-09-11,Small Business
C00526,Mia,Wilson,customer00526@example.com,East,2022-06-30,Consumer
C00527,James,Davies,customer00527@example.com,East,2023-11-12,Consumer
C00528,Liam,Murphy,customer00528@example.com,South,2024-04-04,Consumer
C00529,Olivia,Lewis,customer00529@example.com,North,2023-12-01,Consumer
C00530,Grace,King,customer00530@example.com,Central,2023-07-20,Consumer
C00531,Mia,Jones,customer00531@example.com,Central,2025-09-11,Consumer
C00532,Ava,Kelly,customer00532@example.com,Central,2025-10-12,Consumer
C00533,Leo,Smith,customer00533@example.com,Central,2023-11-11,Small Business
C00534,Jack,Walker,customer00534@example.com,East,2023-01-26,Consumer
C00535,Emma,Wilson,customer00535@example.com,West,2025-01-13,Small Business
C00536,Emily,Evans,customer00536@example.com,Central,2025-09-02,Consumer
C00537,Mia,Martin,customer00537@example.com,Central,2022-07-31,Consumer
C00538,Olivia,Young,customer00538@example.com,South,2023-01-19,Small Business
C00539,Jack,Hall,customer00539@example.com,East,2022-12-08,Consumer
C00540,James,Walker,customer00540@example.com,North,2024-04-23,Consumer
C00541,Jack,Clark,customer00541@example.com,Central,2024-11-27,Small Business
C00542,Leo,Walker,customer00542@example.com,West,2023-02-24,Consumer
C00543,Emily,Clark,customer00543@example.com,South,2024-01-21,Small Business
C00544,Amelia,Lewis,customer00544@example.com,West,2025-04-07,Consumer
C00545,Daniel,Walker,customer00545@example.com,West,2025-09-28,Small Business
C00546,Jack,Davies,customer00546@example.com,South,2022-11-02,Consumer
C00547,Amelia,Taylor,customer00547@example.com,North,2023-12-03,Consumer
C00548,Leo,Allen,customer00548@example.com,West,2024-05-18,Consumer
C00549,Grace,Smith,customer00549@example.com,East,2023-06-21,Consumer
C00550,Emily,Thomas,customer00550@example.com,West,2025-02-09,Consumer
C00551,Jack,Johnson,customer00551@example.com,East,2022-07-25,Consumer
C00552,Ava,Jones,customer00552@example.com,Central,2025-04-23,Consumer
C00553,Ella,Roberts,customer00553@example.com,East,2023-05-11,Consumer
C00554,Jack,Thomas,customer00554@example.com,East,2024-12-06,Consumer
C00555,Ethan,Young,customer00555@example.com,Central,2023-05-19,Small Business
C00556,Mia,Johnson,customer00556@example.com,East,2024-11-11,Consumer
C00557,Ethan,Davies,customer00557@example.com,North,2022-08-01,Consumer
C00558,Leo,Lewis,customer00558@example.com,North,2022-11-06,Consumer
C00559,Ella,Allen,customer00559@example.com,West,2023-10-23,Consumer
C00560,Mia,Walker,customer00560@example.com,West,2024-01-23,Enterprise
C00561,Ethan,Young,customer00561@example.com,West,2022-09-29,Consumer
C00562,Jack,Hall,customer00562@example.com,South,2024-07-26,Enterprise
C00563,Noah,Brown,customer00563@example.com,North,2025-05-10,Consumer
C00564,Sophia,Allen,customer00564@example.com,North,2022-02-01,Small Business
C00565,Mia,Brown,customer00565@example.com,South,2023-03-19,Consumer
C00566,Ethan,Roberts,customer00566@example.com,East,2022-06-11,Small Business
C00567,Daniel,Young,customer00567@example.com,East,2024-02-06,Consumer
C00568,Daniel,Kelly,customer00568@example.com,East,2022-09-11,Consumer
C00569,Emily,Young,customer00569@example.com,Central,2023-06-05,Consumer
C00570,Noah,Jones,customer00570@example.com,South,2024-09-03,Consumer
C00571,James,Lewis,customer00571@example.com,East,2022-01-10,Small Business
C00572,James,Young,customer00572@example.com,West,2023-12-27,Consumer
C00573,Mia,Evans,customer00573@example.com,East,2023-05-20,Consumer
C00574,Henry,Clark,customer00574@example.com,West,2024-02-24,Small Business
C00575,James,Brown,customer00575@example.com,Central,2023-03-12,Consumer
C00576,Lucas,Thomas,customer00576@example.com,Central,2025-02-08,Enterprise
C00577,Noah,Johnson,customer00577@example.com,North,2022-06-02,Small Business
C00578,Grace,Jones,customer00578@example.com,Central,2024-07-05,Consumer
C00579,Grace,Lewis,customer00579@example.com,East,2024-05-18,Small Business
C00580,Daniel,Roberts,customer00580@example.com,South,2025-01-30,Consumer
C00581,Emily,Kelly,customer00581@example.com,East,2024-01-23,Consumer
C00582,Jack,Taylor,customer00582@example.com,Central,2025-04-29,Consumer
C00583,Grace,Lewis,customer00583@example.com,East,2023-07-17,Consumer
C00584,Emma,Brown,customer00584@example.com,South,2025-01-09,Small Business
C00585,Lucas,Thomas,customer00585@example.com,West,2023-05-04,Small Business
C00586,Grace,Evans,customer00586@example.com,South,2024-06-13,Consumer
C00587,Henry,Allen,customer00587@example.com,North,2025-01-16,Consumer
C00588,Oscar,Kelly,customer00588@example.com,North,2025-05-02,Enterprise
C00589,Liam,King,customer00589@example.com,North,2022-04-14,Consumer
C00590,Oscar,Clark,customer00590@example.com,North,2025-01-24,Consumer
C00591,Henry,Davies,customer00591@example.com,North,2025-05-06,Consumer
C00592,Ella,King,customer00592@example.com,West,2024-10-21,Small Business
C00593,Liam,Wilson,customer00593@example.com,North,2024-10-03,Consumer
C00594,Isla,Evans,customer00594@example.com,South,2023-02-11,Small Business
C00595,Sophia,Evans,customer00595@example.com,Central,2022-06-16,Small Business
C00596,Henry,Jones,customer00596@example.com,East,2023-05-24,Consumer
C00597,Grace,Allen,customer00597@example.com,West,2022-11-09,Consumer
C00598,Emily,Kelly,customer00598@example.com,North,2024-02-02,Small Business
C00599,Emily,Young,customer00599@example.com,North,2023-11-12,Consumer
C00600,Amelia,Roberts,customer00600@example.com,North,2023-04-22,Small Business
C00601,Mia,King,customer00601@example.com,North,2022-03-14,Enterprise
C00602,Ella,Young,customer00602@example.com,South,2025-03-10,Consumer
C00603,Mia,Davies,customer00603@example.com,North,2023-08-05,Small Business
C00604,Ethan,Murphy,customer00604@example.com,North,2022-09-19,Small Business
C00605,Grace,Johnson,customer00605@example.com,North,2025-09-25,Small Business
C00606,Ella,Johnson,customer00606@example.com,East,2025-08-24,Consumer
C00607,Liam,Allen,customer00607@example.com,South,2022-09-02,Consumer
C00608,Henry,Roberts,customer00608@example.com,South,2025-09-22,Consumer
C00609,Daniel,Hall,customer00609@example.com,East,2023-07-15,Small Business
C00610,Henry,Brown,customer00610@example.com,West,2025-01-04,Consumer
C00611,Ava,Wilson,customer00611@example.com,North,2022-06-24,Small Business
C00612,Jack,Clark,customer00612@example.com,West,2022-04-19,Consumer
C00613,James,Jones,customer00613@example.com,West,2022-07-02,Consumer
C00614,Amelia,Roberts,customer00614@example.com,North,2022-07-11,Consumer
C00615,Emily,Wilson,customer00615@example.com,Central,2022-03-06,Small Business
C00616,Liam,Wilson,customer00616@example.com,Central,2024-08-20,Consumer
C00617,Henry,Thomas,customer00617@example.com,North,2025-01-28,Consumer
C00618,Oscar,Wilson,customer00618@example.com,South,2024-05-13,Consumer
C00619,Oscar,Murphy,customer00619@example.com,Central,2025-02-25,Small Business
C00620,Liam,Thomas,customer00620@example.com,West,2023-01-04,Consumer
C00621,Noah,Martin,customer00621@example.com,North,2024-04-30,Consumer
C00622,Grace,Walker,customer00622@example.com,South,2022-02-12,Enterprise
C00623,James,Wilson,customer00623@example.com,South,2023-05-03,Small Business
C00624,Jack,Allen,customer00624@example.com,East,2022-03-19,Enterprise
C00625,Ava,Roberts,customer00625@example.com,West,2024-04-05,Consumer
C00626,Emma,Clark,customer00626@example.com,South,2025-07-17,Consumer
C00627,Ethan,Martin,customer00627@example.com,East,2023-11-05,Small Business
C00628,Henry,Lewis,customer00628@example.com,West,2023-12-02,Consumer
C00629,Daniel,Taylor,customer00629@example.com,North,2024-01-29,Small Business
C00630,Lucas,Taylor,customer00630@example.com,South,2023-12-29,Consumer
C00631,Jack,Martin,customer00631@example.com,West,2025-08-31,Consumer
C00632,Daniel,Hall,customer00632@example.com,Central,2024-07-13,Consumer
C00633,Daniel,Roberts,customer00633@example.com,East,2024-06-20,Consumer
C00634,Henry,Kelly,customer00634@example.com,East,2024-06-07,Consumer
C00635,Ethan,Lewis,customer00635@example.com,North,2024-09-19,Consumer
C00636,Grace,Walker,customer00636@example.com,East,2025-04-06,Enterprise
C00637,Ethan,Murphy,customer00637@example.com,East,2022-12-05,Consumer
C00638,Noah,Allen,customer00638@example.com,South,2022-07-12,Small Business
C00639,Ella,Smith,customer00639@example.com,South,2022-10-10,Small Business
C00640,Liam,Taylor,customer00640@example.com,South,2025-09-21,Consumer
C00641,Emily,Lewis,customer00641@example.com,North,2023-01-25,Consumer
C00642,Emma,Kelly,customer00642@example.com,South,2024-09-26,Small Business
C00643,Isla,Taylor,customer00643@example.com,South,2023-06-09,Consumer
C00644,Mia,Young,customer00644@example.com,South,2025-06-17,Small Business
C00645,Noah,Martin,customer00645@example.com,North,2023-10-21,Small Business
C00646,Emma,Evans,customer00646@example.com,Central,2023-12-17,Enterprise
C00647,Liam,Clark,customer00647@example.com,West,2024-06-09,Consumer
C00648,Mia,Evans,customer00648@example.com,West,2025-01-17,Consumer
C00649,Lucas,Walker,customer00649@example.com,West,2025-01-23,Consumer
C00650,Liam,Roberts,customer00650@example.com,East,2023-03-28,Consumer
C00651,Amelia,Murphy,customer00651@example.com,North,2023-03-04,Small Business
C00652,James,Johnson,customer00652@example.com,East,2025-03-20,Consumer
C00653,Mia,Murphy,customer00653@example.com,East,2025-10-31,Consumer
C00654,James,Young,customer00654@example.com,West,2024-11-11,Small Business
C00655,Ella,Allen,customer00655@example.com,East,2024-06-01,Consumer
C00656,Olivia,Wilson,customer00656@example.com,North,2022-11-09,Consumer
C00657,Oscar,Allen,customer00657@example.com,South,2024-04-19,Consumer
C00658,Lucas,Walker,customer00658@example.com,South,2023-06-03,Small Business
C00659,Jack,Murphy,customer00659@example.com,West,2025-05-14,Consumer
C00660,Ethan,Jones,customer00660@example.com,East,2023-01-10,Small Business
C00661,Isla,Jones,customer00661@example.com,South,2023-03-27,Consumer
C00662,Ava,Brown,customer00662@example.com,Central,2024-10-11,Small Business
C00663,Amelia,Lewis,customer00663@example.com,West,2023-08-18,Small Business
C00664,Amelia,Smith,customer00664@example.com,South,2025-04-17,Consumer
C00665,Olivia,Brown,customer00665@example.com,North,2025-05-18,Consumer
C00666,Ava,Davies,customer00666@example.com,North,2023-05-15,Consumer
C00667,Sophia,Lewis,customer00667@example.com,South,2023-04-09,Small Business
C00668,Olivia,Lewis,customer00668@example.com,North,2025-02-21,Consumer
C00669,Oscar,Smith,customer00669@example.com,North,2022-04-23,Consumer
C00670,Liam,Clark,customer00670@example.com,South,2024-11-01,Consumer
C00671,Sophia,Evans,customer00671@example.com,North,2025-02-23,Consumer
C00672,Oscar,Wilson,customer00672@example.com,Central,2022-11-27,Consumer
C00673,Henry,Johnson,customer00673@example.com,North,2025-07-30,Consumer
C00674,Henry,Davies,customer00674@example.com,East,2022-05-20,Consumer
C00675,Lucas,Roberts,customer00675@example.com,East,2024-06-20,Small Business
C00676,Noah,Taylor,customer00676@example.com,Central,2025-01-25,Small Business
C00677,Oscar,Kelly,customer00677@example.com,North,2023-06-01,Consumer
C00678,Mia,Roberts,customer00678@example.com,East,2023-07-23,Enterprise
C00679,Olivia,Taylor,customer00679@example.com,Central,2024-04-25,Small Business
C00680,Sophia,Kelly,customer00680@example.com,Central,2024-12-28,Enterprise
C00681,Amelia,Davies,customer00681@example.com,Central,2022-04-28,Consumer
C00682,Olivia,Jones,customer00682@example.com,South,2024-06-06,Consumer
C00683,Oscar,Martin,customer00683@example.com,North,2024-12-18,Consumer
C00684,Emma,Johnson,customer00684@example.com,West,2024-11-22,Small Business
C00685,Isla,Thomas,customer00685@example.com,Central,2025-09-03,Consumer
C00686,Emily,Clark,customer00686@example.com,East,2022-02-19,Consumer
C00687,Grace,Taylor,customer00687@example.com,East,2022-01-19,Consumer
C00688,Isla,Brown,customer00688@example.com,South,2023-12-27,Consumer
C00689,Noah,Smith,customer00689@example.com,West,2022-07-16,Consumer
C00690,Leo,Evans,customer00690@example.com,North,2023-07-13,Consumer
C00691,Daniel,Walker,customer00691@example.com,South,2023-03-28,Consumer
C00692,Liam,Taylor,customer00692@example.com,East,2022-10-16,Consumer
C00693,Grace,Wilson,customer00693@example.com,East,2025-03-10,Enterprise
C00694,Ella,Allen,customer00694@example.com,South,2025-01-12,Small Business
C00695,Olivia,Thomas,customer00695@example.com,North,2023-01-26,Enterprise
C00696,Grace,Hall,customer00696@example.com,West,2022-08-03,Small Business
C00697,Isla,Lewis,customer00697@example.com,South,2022-08-03,Consumer
C00698,Jack,Smith,customer00698@example.com,East,2022-05-08,Consumer
C00699,James,Smith,customer00699@example.com,North,2024-01-30,Small Business
C00700,Grace,Murphy,customer00700@example.com,East,2023-02-08,Consumer
C00701,Ava,Brown,customer00701@example.com,East,2024-11-18,Consumer
C00702,Leo,Clark,customer00702@example.com,North,2022-12-04,Consumer
C00703,Ethan,Wilson,customer00703@example.com,South,2024-04-10,Consumer
C00704,Amelia,Walker,customer00704@example.com,North,2023-12-15,Consumer
C00705,Emily,Taylor,customer00705@example.com,North,2022-12-27,Consumer
C00706,Ella,Thomas,customer00706@example.com,Central,2023-07-23,Consumer
C00707,Jack,Martin,customer00707@example.com,South,2022-08-06,Small Business
C00708,Grace,Taylor,customer00708@example.com,Central,2022-07-21,Consumer
C00709,Oscar,Brown,customer00709@example.com,South,2022-01-17,Consumer
C00710,Ethan,Brown,customer00710@example.com,West,2022-11-18,Consumer
C00711,Daniel,Murphy,customer00711@example.com,West,2023-06-02,Small Business
C00712,Mia,Kelly,customer00712@example.com,West,2025-09-10,Consumer
C00713,Noah,Johnson,customer00713@example.com,East,2025-09-03,Consumer
C00714,Ethan,Wilson,customer00714@example.com,East,2023-11-12,Consumer
C00715,Jack,Martin,customer00715@example.com,South,2025-01-10,Consumer
C00716,Mia,Wilson,customer00716@example.com,Central,2023-03-01,Enterprise
C00717,Jack,Wilson,customer00717@example.com,Central,2025-05-12,Enterprise
C00718,Oscar,Taylor,customer00718@example.com,Central,2024-10-15,Consumer
C00719,Amelia,Hall,customer00719@example.com,North,2023-01-22,Consumer
C00720,Henry,Allen,customer00720@example.com,West,2024-02-17,Small Business
C00721,Daniel,Smith,customer00721@example.com,Central,2022-04-08,Consumer
C00722,Liam,King,customer00722@example.com,North,2025-09-30,Consumer
C00723,Ella,Davies,customer00723@example.com,North,2022-07-27,Consumer
C00724,Daniel,Lewis,customer00724@example.com,West,2023-08-09,Enterprise
C00725,Ava,Kelly,customer00725@example.com,East,2022-06-15,Consumer
C00726,Ella,Evans,customer00726@example.com,Central,2022-01-22,Consumer
C00727,Lucas,Wilson,customer00727@example.com,North,2022-06-03,Small Business
C00728,Isla,Clark,customer00728@example.com,West,2025-08-11,Consumer
C00729,Ethan,King,customer00729@example.com,South,2022-08-07,Consumer
C00730,Daniel,Lewis,customer00730@example.com,North,2023-10-31,Enterprise
C00731,Ethan,Evans,customer00731@example.com,North,2022-08-18,Consumer
C00732,Amelia,Taylor,customer00732@example.com,Central,2022-01-20,Consumer
C00733,Ethan,Brown,customer00733@example.com,West,2023-07-07,Consumer
C00734,Emily,Wilson,customer00734@example.com,East,2024-08-07,Consumer
C00735,Liam,Brown,customer00735@example.com,South,2022-05-28,Consumer
C00736,Leo,Allen,customer00736@example.com,Central,2025-02-05,Consumer
C00737,Lucas,Martin,customer00737@example.com,East,2023-02-07,Consumer
C00738,Noah,Kelly,customer00738@example.com,Central,2023-08-19,Small Business
C00739,Mia,Clark,customer00739@example.com,East,2023-01-02,Consumer
C00740,Grace,Murphy,customer00740@example.com,South,2025-08-25,Consumer
C00741,Ella,Wilson,customer00741@example.com,East,2024-03-12,Consumer
C00742,Emily,Thomas,customer00742@example.com,South,2024-07-06,Small Business
C00743,Mia,Roberts,customer00743@example.com,West,2025-03-03,Consumer
C00744,Ella,Taylor,customer00744@example.com,East,2025-07-30,Consumer
C00745,Ella,Thomas,customer00745@example.com,South,2022-03-14,Consumer
C00746,Jack,Young,customer00746@example.com,Central,2023-04-26,Consumer
C00747,Liam,King,customer00747@example.com,South,2025-10-07,Consumer
C00748,Noah,King,customer00748@example.com,East,2023-07-14,Small Business
C00749,Sophia,King,customer00749@example.com,Central,2025-09-11,Consumer
C00750,Mia,Johnson,customer00750@example.com,West,2024-01-15,Consumer
C00751,Henry,Smith,customer00751@example.com,North,2022-04-10,Consumer
C00752,Mia,Johnson,customer00752@example.com,Central,2024-12-18,Small Business
C00753,Sophia,Evans,customer00753@example.com,West,2023-05-23,Consumer
C00754,Oscar,Hall,customer00754@example.com,South,2022-09-15,Consumer
C00755,Isla,King,customer00755@example.com,North,2023-02-17,Consumer
C00756,Ella,Hall,customer00756@example.com,West,2024-12-24,Consumer
C00757,Emily,Evans,customer00757@example.com,West,2023-08-18,Consumer
C00758,Leo,Martin,customer00758@example.com,East,2025-03-23,Consumer
C00759,Isla,Johnson,customer00759@example.com,Central,2022-09-23,Consumer
C00760,Grace,Jones,customer00760@example.com,West,2024-03-31,Consumer
C00761,Emily,Thomas,customer00761@example.com,North,2025-01-07,Consumer
C00762,Daniel,Walker,customer00762@example.com,South,2025-08-31,Consumer
C00763,Isla,Martin,customer00763@example.com,South,2023-10-24,Consumer
C00764,Jack,Brown,customer00764@example.com,West,2024-08-04,Small Business
C00765,Ethan,Thomas,customer00765@example.com,North,2023-07-14,Enterprise
C00766,Sophia,Walker,customer00766@example.com,East,2024-07-05,Enterprise
C00767,Ethan,King,customer00767@example.com,West,2024-06-09,Small Business
C00768,Mia,Taylor,customer00768@example.com,Central,2025-06-25,Consumer
C00769,Olivia,Hall,customer00769@example.com,South,2024-05-17,Small Business
C00770,Lucas,Smith,customer00770@example.com,Central,2023-09-02,Consumer
C00771,Daniel,Kelly,customer00771@example.com,North,2023-02-18,Consumer
C00772,Olivia,Murphy,customer00772@example.com,Central,2022-01-25,Consumer
C00773,Emily,Wilson,customer00773@example.com,North,2022-10-11,Consumer
C00774,Ava,Martin,customer00774@example.com,East,2024-05-30,Small Business
C00775,Lucas,Allen,customer00775@example.com,West,2022-10-28,Consumer
C00776,Lucas,Clark,customer00776@example.com,North,2024-12-27,Consumer
C00777,Ella,Kelly,customer00777@example.com,South,2024-10-27,Enterprise
C00778,Ethan,Young,customer00778@example.com,West,2024-03-27,Consumer
C00779,Oscar,Davies,customer00779@example.com,West,2025-03-06,Consumer
C00780,Leo,Walker,customer00780@example.com,West,2025-04-02,Small Business
C00781,Amelia,Taylor,customer00781@example.com,West,2022-03-24,Consumer
C00782,Sophia,Smith,customer00782@example.com,East,2025-01-01,Consumer
C00783,Olivia,Allen,customer00783@example.com,South,2025-06-14,Consumer
C00784,Lucas,Taylor,customer00784@example.com,South,2022-02-15,Consumer
C00785,Sophia,Smith,customer00785@example.com,North,2023-09-10,Small Business
C00786,Mia,Roberts,customer00786@example.com,Central,2024-07-16,Consumer
C00787,Isla,Evans,customer00787@example.com,East,2022-09-19,Consumer
C00788,Ava,Jones,customer00788@example.com,East,2022-06-25,Consumer
C00789,Sophia,Jones,customer00789@example.com,East,2025-04-04,Consumer
C00790,Liam,Martin,customer00790@example.com,Central,2023-10-19,Enterprise
C00791,Emily,Hall,customer00791@example.com,North,2024-04-21,Consumer
C00792,James,Johnson,customer00792@example.com,East,2023-01-05,Consumer
C00793,Ethan,Hall,customer00793@example.com,East,2022-02-23,Consumer
C00794,Emma,Clark,customer00794@example.com,West,2023-11-21,Small Business
C00795,Emma,Clark,customer00795@example.com,North,2025-09-26,Enterprise
C00796,Emily,Martin,customer00796@example.com,Central,2025-02-24,Consumer
C00797,Sophia,Taylor,customer00797@example.com,Central,2023-01-02,Consumer
C00798,James,Young,customer00798@example.com,East,2025-07-18,Consumer
C00799,Ella,Young,customer00799@example.com,West,2023-10-06,Small Business
C00800,Olivia,King,customer00800@example.com,Central,2023-01-14,Consumer
C00801,Liam,Wilson,customer00801@example.com,West,2022-03-14,Small Business
C00802,Oscar,Roberts,customer00802@example.com,North,2024-07-03,Consumer
C00803,Sophia,Taylor,customer00803@example.com,East,2025-06-25,Small Business
C00804,Ella,Johnson,customer00804@example.com,West,2024-05-09,Consumer
C00805,Ella,Taylor,customer00805@example.com,East,2022-02-12,Consumer
C00806,Jack,Hall,customer00806@example.com,West,2023-01-12,Consumer
C00807,Daniel,Evans,customer00807@example.com,Central,2024-11-30,Consumer
C00808,Ava,Wilson,customer00808@example.com,Central,2022-06-19,Small Business
C00809,Emma,Young,customer00809@example.com,East,2022-07-31,Small Business
C00810,Ethan,Murphy,customer00810@example.com,North,2022-02-08,Small Business
C00811,Ella,Martin,customer00811@example.com,Central,2023-01-04,Consumer
C00812,Olivia,Allen,customer00812@example.com,Central,2024-01-27,Consumer
C00813,Noah,Taylor,customer00813@example.com,North,2022-05-31,Small Business
C00814,Henry,Johnson,customer00814@example.com,Central,2025-02-08,Consumer
C00815,Ella,Clark,customer00815@example.com,Central,2024-12-06,Consumer
C00816,Noah,Thomas,customer00816@example.com,East,2024-10-20,Consumer
C00817,Oscar,Jones,customer00817@example.com,West,2024-01-07,Consumer
C00818,Emma,Thomas,customer00818@example.com,East,2025-10-21,Consumer
C00819,James,Taylor,customer00819@example.com,North,2022-03-10,Consumer
C00820,James,Clark,customer00820@example.com,South,2022-10-26,Consumer
C00821,Oscar,Brown,customer00821@example.com,Central,2024-08-01,Enterprise
C00822,Sophia,Lewis,customer00822@example.com,North,2024-03-12,Consumer
C00823,Noah,King,customer00823@example.com,South,2022-10-23,Consumer
C00824,Mia,King,customer00824@example.com,East,2022-07-22,Consumer
C00825,Olivia,Jones,customer00825@example.com,East,2022-03-02,Small Business
C00826,Emily,Johnson,customer00826@example.com,Central,2024-08-03,Consumer
C00827,Grace,Davies,customer00827@example.com,South,2024-08-20,Consumer
C00828,Amelia,Brown,customer00828@example.com,South,2025-08-30,Consumer
C00829,Amelia,Smith,customer00829@example.com,West,2025-03-30,Consumer
C00830,Amelia,Wilson,customer00830@example.com,East,2022-11-27,Consumer
C00831,Mia,Smith,customer00831@example.com,South,2022-12-04,Small Business
C00832,Leo,Davies,customer00832@example.com,East,2025-08-20,Small Business
C00833,Henry,Walker,customer00833@example.com,North,2025-09-23,Consumer
C00834,Jack,Kelly,customer00834@example.com,North,2023-10-01,Consumer
C00835,Jack,Hall,customer00835@example.com,East,2022-10-02,Small Business
C00836,Sophia,Hall,customer00836@example.com,East,2025-04-02,Consumer
C00837,Oscar,Roberts,customer00837@example.com,Central,2022-11-15,Small Business
C00838,Grace,Davies,customer00838@example.com,South,2023-08-12,Consumer
C00839,Sophia,Kelly,customer00839@example.com,East,2023-05-19,Enterprise
C00840,Oscar,Wilson,customer00840@example.com,West,2023-01-22,Small Business
C00841,Amelia,Roberts,customer00841@example.com,North,2024-05-19,Enterprise
C00842,Emma,Brown,customer00842@example.com,West,2024-04-12,Small Business
C00843,Amelia,Smith,customer00843@example.com,North,2024-10-11,Consumer
C00844,Olivia,Murphy,customer00844@example.com,Central,2023-08-26,Enterprise
C00845,Lucas,Clark,customer00845@example.com,North,2023-11-22,Consumer
C00846,Lucas,Roberts,customer00846@example.com,East,2023-05-09,Consumer
C00847,Ethan,Hall,customer00847@example.com,North,2023-05-05,Small Business
C00848,Noah,Taylor,customer00848@example.com,Central,2023-12-22,Small Business
C00849,Ava,Roberts,customer00849@example.com,East,2025-01-01,Enterprise
C00850,Mia,Allen,customer00850@example.com,West,2023-05-24,Consumer
C00851,Ava,Taylor,customer00851@example.com,North,2023-01-25,Small Business
C00852,Emily,Walker,customer00852@example.com,West,2022-10-22,Small Business
C00853,Noah,Lewis,customer00853@example.com,South,2025-10-24,Consumer
C00854,Ava,Hall,customer00854@example.com,Central,2024-03-06,Consumer
C00855,Liam,Kelly,customer00855@example.com,South,2024-05-14,Consumer
C00856,Grace,Jones,customer00856@example.com,North,2023-07-03,Consumer
C00857,Jack,Walker,customer00857@example.com,North,2023-10-11,Enterprise
C00858,Amelia,Allen,customer00858@example.com,East,2023-07-22,Consumer
C00859,Ella,Davies,customer00859@example.com,East,2025-04-25,Small Business
C00860,Sophia,Kelly,customer00860@example.com,North,2024-05-02,Enterprise
C00861,Emma,Davies,customer00861@example.com,West,2024-02-09,Consumer
C00862,Mia,Roberts,customer00862@example.com,East,2023-03-21,Small Business
C00863,Sophia,Brown,customer00863@example.com,East,2022-12-29,Consumer
C00864,Sophia,Allen,customer00864@example.com,East,2022-05-03,Small Business
C00865,Jack,Brown,customer00865@example.com,East,2025-04-26,Consumer
C00866,Noah,Thomas,customer00866@example.com,East,2024-01-12,Enterprise
C00867,Mia,Hall,customer00867@example.com,North,2023-11-11,Consumer
C00868,Ethan,Smith,customer00868@example.com,North,2023-02-24,Consumer
C00869,Oscar,Jones,customer00869@example.com,Central,2025-06-29,Small Business
C00870,Lucas,Smith,customer00870@example.com,Central,2025-09-20,Consumer
C00871,Grace,Thomas,customer00871@example.com,South,2022-04-02,Consumer
C00872,Olivia,Jones,customer00872@example.com,South,2022-03-04,Consumer
C00873,Emily,Walker,customer00873@example.com,West,2023-05-27,Small Business
C00874,Mia,Kelly,customer00874@example.com,East,2025-03-08,Consumer
C00875,James,Martin,customer00875@example.com,North,2025-04-23,Consumer
C00876,Ethan,Wilson,customer00876@example.com,North,2025-05-13,Consumer
C00877,James,Davies,customer00877@example.com,West,2024-02-11,Consumer
C00878,Noah,Jones,customer00878@example.com,West,2025-05-22,Consumer
C00879,Emma,Young,customer00879@example.com,North,2022-09-13,Consumer
C00880,Ava,Clark,customer00880@example.com,South,2022-05-15,Consumer
C00881,Sophia,Thomas,customer00881@example.com,South,2024-05-24,Consumer
C00882,Amelia,Murphy,customer00882@example.com,West,2024-04-01,Consumer
C00883,Oscar,Thomas,customer00883@example.com,North,2022-03-29,Small Business
C00884,Sophia,Clark,customer00884@example.com,North,2024-09-14,Consumer
C00885,Jack,Murphy,customer00885@example.com,West,2025-05-15,Consumer
C00886,Olivia,Roberts,customer00886@example.com,North,2025-02-26,Small Business
C00887,Jack,Taylor,customer00887@example.com,West,2024-04-02,Consumer
C00888,Sophia,Allen,customer00888@example.com,South,2024-10-23,Small Business
C00889,Henry,Kelly,customer00889@example.com,North,2024-08-31,Consumer
C00890,Ethan,Brown,customer00890@example.com,South,2024-07-22,Consumer
C00891,Leo,Hall,customer00891@example.com,West,2022-05-01,Consumer
C00892,Emily,Jones,customer00892@example.com,Central,2024-11-27,Small Business
C00893,Ella,Davies,customer00893@example.com,Central,2025-09-26,Small Business
C00894,Jack,Thomas,customer00894@example.com,East,2024-10-04,Consumer
C00895,Noah,Hall,customer00895@example.com,West,2024-07-13,Consumer
C00896,Amelia,Jones,customer00896@example.com,South,2023-10-07,Enterprise
C00897,Emma,Martin,customer00897@example.com,South,2023-12-15,Consumer
C00898,Grace,Taylor,customer00898@example.com,Central,2024-05-09,Consumer
C00899,Daniel,Lewis,customer00899@example.com,North,2022-01-21,Small Business
C00900,Amelia,Johnson,customer00900@example.com,North,2022-08-30,Small Business
C00901,Ethan,Johnson,customer00901@example.com,South,2023-03-31,Consumer
C00902,Liam,Murphy,customer00902@example.com,North,2024-08-20,Small Business
C00903,Noah,Taylor,customer00903@example.com,North,2023-09-13,Small Business
C00904,Mia,Young,customer00904@example.com,East,2022-10-30,Consumer
C00905,Oscar,Lewis,customer00905@example.com,East,2024-03-13,Consumer
C00906,Oscar,Smith,customer00906@example.com,Central,2024-08-21,Consumer
C00907,Liam,Kelly,customer00907@example.com,Central,2022-03-10,Enterprise
C00908,Ethan,Evans,customer00908@example.com,South,2025-02-26,Small Business
C00909,Oscar,Johnson,customer00909@example.com,South,2022-07-15,Consumer
C00910,Emma,Allen,customer00910@example.com,South,2022-05-20,Small Business
C00911,Ava,Johnson,customer00911@example.com,West,2022-10-10,Consumer
C00912,Ella,King,customer00912@example.com,South,2022-11-08,Consumer
C00913,Leo,Thomas,customer00913@example.com,West,2024-01-16,Consumer
C00914,Jack,Lewis,customer00914@example.com,East,2022-10-04,Consumer
C00915,Ethan,Kelly,customer00915@example.com,East,2022-03-02,Small Business
C00916,Ava,Allen,customer00916@example.com,East,2025-09-04,Consumer
C00917,Oscar,Walker,customer00917@example.com,South,2022-02-21,Small Business
C00918,Grace,Evans,customer00918@example.com,Central,2022-06-02,Consumer
C00919,Ella,Young,customer00919@example.com,West,2025-08-27,Consumer
C00920,Noah,Thomas,customer00920@example.com,North,2023-06-28,Enterprise
C00921,Ella,Wilson,customer00921@example.com,Central,2023-07-21,Consumer
C00922,Isla,Smith,customer00922@example.com,East,2023-09-14,Consumer
C00923,Grace,Clark,customer00923@example.com,Central,2025-04-15,Consumer
C00924,Daniel,Smith,customer00924@example.com,West,2025-10-17,Small Business
C00925,Daniel,Thomas,customer00925@example.com,East,2022-11-10,Consumer
C00926,Olivia,Young,customer00926@example.com,North,2024-03-17,Consumer
C00927,Ava,Kelly,customer00927@example.com,South,2024-04-27,Consumer
C00928,Daniel,Smith,customer00928@example.com,East,2022-04-07,Consumer
C00929,Grace,Murphy,customer00929@example.com,West,2024-05-30,Small Business
C00930,Ella,Smith,customer00930@example.com,South,2025-05-21,Consumer
C00931,Sophia,Martin,customer00931@example.com,North,2024-04-08,Consumer
C00932,Henry,Johnson,customer00932@example.com,Central,2022-05-17,Consumer
C00933,Emily,Brown,customer00933@example.com,Central,2024-10-26,Consumer
C00934,Emma,Evans,customer00934@example.com,East,2024-10-07,Enterprise
C00935,Jack,Hall,customer00935@example.com,North,2022-04-19,Consumer
C00936,Noah,Thomas,customer00936@example.com,South,2023-07-01,Enterprise
C00937,Daniel,Clark,customer00937@example.com,North,2024-11-28,Consumer
C00938,Ethan,Walker,customer00938@example.com,Central,2023-10-24,Consumer
C00939,Daniel,Jones,customer00939@example.com,North,2023-03-01,Small Business
C00940,Olivia,Wilson,customer00940@example.com,East,2023-09-22,Consumer
C00941,Henry,Roberts,customer00941@example.com,South,2022-09-18,Small Business
C00942,Leo,Taylor,customer00942@example.com,East,2022-03-28,Enterprise
C00943,Liam,Jones,customer00943@example.com,West,2023-04-10,Consumer
C00944,Emily,Thomas,customer00944@example.com,Central,2022-03-17,Consumer
C00945,Jack,Hall,customer00945@example.com,South,2023-04-16,Small Business
C00946,Grace,Clark,customer00946@example.com,North,2023-02-18,Consumer
C00947,Emma,Kelly,customer00947@example.com,North,2024-04-04,Consumer
C00948,Lucas,Lewis,customer00948@example.com,Central,2024-06-13,Consumer
C00949,Leo,Taylor,customer00949@example.com,Central,2023-12-27,Consumer
C00950,Isla,Allen,customer00950@example.com,West,2023-04-02,Small Business
C00951,Amelia,Brown,customer00951@example.com,West,2025-08-01,Consumer
C00952,Ella,Hall,customer00952@example.com,West,2025-06-16,Consumer
C00953,Jack,Wilson,customer00953@example.com,North,2023-10-15,Consumer
C00954,Emma,Martin,customer00954@example.com,Central,2023-11-03,Consumer
C00955,Lucas,Taylor,customer00955@example.com,East,2025-10-27,Consumer
C00956,Ethan,Allen,customer00956@example.com,South,2023-05-10,Small Business
C00957,Emily,Allen,customer00957@example.com,East,2024-12-04,Consumer
C00958,James,Jones,customer00958@example.com,North,2025-06-24,Small Business
C00959,Sophia,Clark,customer00959@example.com,North,2023-08-20,Small Business
C00960,Jack,Wilson,customer00960@example.com,West,2023-03-26,Consumer
C00961,Ella,Thomas,customer00961@example.com,North,2023-04-30,Consumer
C00962,Olivia,Johnson,customer00962@example.com,West,2023-10-08,Consumer
C00963,Liam,Roberts,customer00963@example.com,South,2023-09-12,Consumer
C00964,Amelia,Murphy,customer00964@example.com,South,2024-11-07,Small Business
C00965,Mia,Martin,customer00965@example.com,South,2023-10-24,Small Business
C00966,Ava,Murphy,customer00966@example.com,South,2024-01-28,Consumer
C00967,Sophia,Murphy,customer00967@example.com,West,2022-10-16,Consumer
C00968,Emily,Lewis,customer00968@example.com,South,2023-12-22,Enterprise
C00969,Liam,Roberts,customer00969@example.com,East,2023-09-30,Enterprise
C00970,Emily,Thomas,customer00970@example.com,East,2022-08-23,Consumer
C00971,Grace,Taylor,customer00971@example.com,West,2023-02-20,Consumer
C00972,Noah,Evans,customer00972@example.com,Central,2024-07-26,Consumer
C00973,Mia,Wilson,customer00973@example.com,West,2023-05-14,Enterprise
C00974,Olivia,Allen,customer00974@example.com,South,2024-08-31,Consumer
C00975,Jack,Brown,customer00975@example.com,North,2023-09-26,Consumer
C00976,Olivia,Wilson,customer00976@example.com,South,2024-10-16,Consumer
C00977,James,Brown,customer00977@example.com,West,2022-04-25,Consumer
C00978,Ella,Davies,customer00978@example.com,North,2024-07-20,Consumer
C00979,Sophia,Lewis,customer00979@example.com,East,2023-11-05,Enterprise
C00980,Leo,Lewis,customer00980@example.com,West,2025-06-11,Consumer
C00981,Ethan,Murphy,customer00981@example.com,South,2024-10-31,Consumer
C00982,Grace,Clark,customer00982@example.com,West,2022-07-25,Consumer
C00983,Ella,Brown,customer00983@example.com,North,2022-09-04,Consumer
C00984,Ella,Young,customer00984@example.com,North,2024-01-28,Consumer
C00985,Mia,Kelly,customer00985@example.com,West,2025-02-24,Consumer
C00986,Jack,Evans,customer00986@example.com,East,2022-05-27,Consumer
C00987,Emily,Lewis,customer00987@example.com,West,2022-04-28,Consumer
C00988,James,Johnson,customer00988@example.com,East,2023-02-16,Consumer
C00989,Henry,Lewis,customer00989@example.com,South,2022-12-29,Consumer
C00990,Lucas,Roberts,customer00990@example.com,Central,2022-05-17,Enterprise
C00991,Amelia,Brown,customer00991@example.com,West,2025-04-13,Enterprise
C00992,Leo,Taylor,customer00992@example.com,West,2025-08-05,Consumer
C00993,James,Davies,customer00993@example.com,South,2024-08-15,Consumer
C00994,Noah,Johnson,customer00994@example.com,West,2022-01-19,Small Business
C00995,Ethan,King,customer00995@example.com,South,2022-07-14,Consumer
C00996,Grace,Jones,customer00996@example.com,North,2022-11-26,Small Business
C00997,Daniel,Evans,customer00997@example.com,Central,2022-06-24,Enterprise
C00998,Leo,Murphy,customer00998@example.com,North,2024-09-28,Consumer
C00999,Ethan,Wilson,customer00999@example.com,Central,2023-03-25,Consumer
C01000,Liam,Taylor,customer01000@example.com,East,2024-08-03,Enterprise
C01001,Sophia,Thomas,customer01001@example.com,North,2025-10-09,Consumer
C01002,Sophia,Kelly,customer01002@example.com,East,2022-05-21,Consumer
C01003,Oscar,Martin,customer01003@example.com,Central,2024-01-28,Consumer
C01004,Oscar,Hall,customer01004@example.com,West,2024-07-18,Consumer
C01005,Ella,Jones,customer01005@example.com,Central,2022-04-03,Small Business
C01006,James,Johnson,customer01006@example.com,West,2022-08-27,Small Business
C01007,Jack,Roberts,customer01007@example.com,West,2022-07-24,Enterprise
C01008,Emily,Davies,customer01008@example.com,Central,2023-07-14,Consumer
C01009,Ella,Smith,customer01009@example.com,South,2022-09-02,Consumer
C01010,Isla,Martin,customer01010@example.com,East,2024-04-11,Consumer
C01011,Daniel,Lewis,customer01011@example.com,South,2025-09-02,Consumer
C01012,Emily,Young,customer01012@example.com,Central,2024-07-13,Consumer
C01013,Emily,Young,customer01013@example.com,Central,2022-10-22,Enterprise
C01014,Henry,Thomas,customer01014@example.com,North,2023-10-02,Small Business
C01015,Jack,Brown,customer01015@example.com,West,2024-05-05,Consumer
C01016,Daniel,Lewis,customer01016@example.com,Central,2025-07-29,Consumer
C01017,Lucas,Brown,customer01017@example.com,North,2022-01-17,Consumer
C01018,Mia,Wilson,customer01018@example.com,East,2022-03-12,Consumer
C01019,Oscar,Brown,customer01019@example.com,Central,2025-07-16,Small Business
C01020,Henry,Smith,customer01020@example.com,North,2025-09-10,Consumer
C01021,Mia,Jones,customer01021@example.com,West,2022-11-01,Enterprise
C01022,Grace,Thomas,customer01022@example.com,South,2024-10-27,Consumer
C01023,Emma,Wilson,customer01023@example.com,Central,2025-08-30,Consumer
C01024,Daniel,Evans,customer01024@example.com,Central,2024-03-27,Small Business
C01025,Ella,Martin,customer01025@example.com,Central,2025-01-31,Consumer
C01026,Henry,Kelly,customer01026@example.com,East,2024-03-31,Consumer
C01027,Henry,Taylor,customer01027@example.com,Central,2022-07-12,Consumer
C01028,James,Allen,customer01028@example.com,Central,2023-06-13,Consumer
C01029,Ella,Allen,customer01029@example.com,South,2022-06-20,Small Business
C01030,Emma,Roberts,customer01030@example.com,Central,2022-09-08,Consumer
C01031,James,Taylor,customer01031@example.com,North,2025-05-15,Small Business
C01032,Leo,Smith,customer01032@example.com,West,2023-06-25,Consumer
C01033,Oscar,Taylor,customer01033@example.com,South,2023-02-20,Consumer
C01034,Daniel,Evans,customer01034@example.com,North,2024-03-04,Small Business
C01035,Olivia,Lewis,customer01035@example.com,North,2025-03-13,Consumer
C01036,Jack,Wilson,customer01036@example.com,West,2022-01-25,Consumer
C01037,Olivia,Taylor,customer01037@example.com,South,2023-10-30,Consumer
C01038,Leo,Murphy,customer01038@example.com,West,2025-01-01,Consumer
C01039,Jack,Brown,customer01039@example.com,North,2023-09-24,Consumer
C01040,Liam,Jones,customer01040@example.com,South,2025-01-21,Consumer
C01041,James,Lewis,customer01041@example.com,East,2023-05-20,Consumer
C01042,Grace,Jones,customer01042@example.com,West,2022-12-02,Consumer
C01043,James,Davies,customer01043@example.com,South,2023-03-01,Enterprise
C01044,Noah,Allen,customer01044@example.com,West,2023-05-14,Consumer
C01045,Ella,Clark,customer01045@example.com,Central,2025-10-19,Small Business
C01046,Ethan,Martin,customer01046@example.com,West,2024-08-04,Consumer
C01047,Daniel,Walker,customer01047@example.com,South,2023-09-22,Consumer
C01048,Amelia,Smith,customer01048@example.com,North,2025-05-07,Small Business
C01049,Henry,Martin,customer01049@example.com,Central,2023-12-19,Consumer
C01050,Noah,Clark,customer01050@example.com,North,2022-12-05,Small Business
C01051,Daniel,Davies,customer01051@example.com,Central,2023-10-21,Consumer
C01052,Emily,Kelly,customer01052@example.com,East,2024-08-19,Consumer
C01053,Henry,Evans,customer01053@example.com,Central,2023-03-05,Consumer
C01054,Daniel,Davies,customer01054@example.com,West,2024-06-17,Consumer
C01055,Ella,Roberts,customer01055@example.com,Central,2022-05-19,Small Business
C01056,Emily,Roberts,customer01056@example.com,South,2024-07-30,Consumer
C01057,Emma,Lewis,customer01057@example.com,West,2023-06-26,Enterprise
C01058,Amelia,Wilson,customer01058@example.com,East,2022-02-26,Enterprise
C01059,Noah,Jones,customer01059@example.com,East,2025-06-09,Consumer
C01060,Mia,King,customer01060@example.com,West,2023-10-20,Consumer
C01061,Sophia,King,customer01061@example.com,Central,2023-03-11,Small Business
C01062,Mia,King,customer01062@example.com,Central,2023-01-19,Enterprise
C01063,Noah,Thomas,customer01063@example.com,West,2023-07-14,Consumer
C01064,Grace,Johnson,customer01064@example.com,East,2022-07-13,Consumer
C01065,Olivia,Walker,customer01065@example.com,East,2023-06-18,Consumer
C01066,Olivia,Clark,customer01066@example.com,West,2023-06-02,Small Business
C01067,Jack,Young,customer01067@example.com,South,2023-12-17,Consumer
C01068,Ava,Walker,customer01068@example.com,North,2024-01-21,Small Business
C01069,Sophia,Jones,customer01069@example.com,South,2022-07-04,Consumer
C01070,Liam,Taylor,customer01070@example.com,South,2022-10-19,Consumer
C01071,Emma,Roberts,customer01071@example.com,South,2025-09-20,Consumer
C01072,Daniel,Martin,customer01072@example.com,South,2024-01-02,Consumer
C01073,Emma,Wilson,customer01073@example.com,North,2022-04-26,Consumer
C01074,Sophia,Clark,customer01074@example.com,North,2024-04-04,Consumer
C01075,Isla,Evans,customer01075@example.com,Central,2024-12-08,Consumer
C01076,Isla,Hall,customer01076@example.com,East,2023-11-16,Consumer
C01077,Grace,Thomas,customer01077@example.com,South,2022-03-23,Consumer
C01078,James,Young,customer01078@example.com,West,2024-04-13,Enterprise
C01079,Mia,Smith,customer01079@example.com,South,2022-11-29,Consumer
C01080,Leo,Martin,customer01080@example.com,Central,2023-07-11,Consumer
C01081,Grace,Kelly,customer01081@example.com,West,2022-12-01,Consumer
C01082,Oscar,Walker,customer01082@example.com,North,2023-06-16,Enterprise
C01083,Ava,Young,customer01083@example.com,East,2022-08-09,Consumer
C01084,Ava,Walker,customer01084@example.com,Central,2023-09-27,Small Business
C01085,Ava,Kelly,customer01085@example.com,Central,2022-11-19,Small Business
C01086,Noah,Allen,customer01086@example.com,East,2022-01-03,Consumer
C01087,Amelia,Hall,customer01087@example.com,West,2022-07-25,Consumer
C01088,Henry,Murphy,customer01088@example.com,North,2022-02-09,Small Business
C01089,Amelia,Martin,customer01089@example.com,Central,2022-02-28,Consumer
C01090,Mia,Roberts,customer01090@example.com,South,2024-08-08,Consumer
C01091,Ella,Davies,customer01091@example.com,Central,2023-07-28,Small Business
C01092,Oscar,Smith,customer01092@example.com,West,2023-10-06,Consumer
C01093,James,Murphy,customer01093@example.com,West,2024-04-22,Small Business
C01094,Mia,King,customer01094@example.com,East,2025-02-19,Consumer
C01095,Jack,Thomas,customer01095@example.com,South,2023-09-11,Small Business
C01096,Ethan,Smith,customer01096@example.com,North,2022-04-06,Consumer
C01097,Jack,Roberts,customer01097@example.com,South,2025-06-12,Consumer
C01098,Ethan,Jones,customer01098@example.com,North,2024-06-16,Consumer
C01099,Liam,Walker,customer01099@example.com,West,2024-12-21,Enterprise
C01100,Jack,Hall,customer01100@example.com,South,2025-07-03,Consumer
C01101,Sophia,Kelly,customer01101@example.com,North,2023-07-15,Consumer
C01102,Emily,Allen,customer01102@example.com,Central,2024-06-23,Consumer
C01103,Ava,Thomas,customer01103@example.com,Central,2022-12-14,Consumer
C01104,Noah,Davies,customer01104@example.com,Central,2023-11-02,Consumer
C01105,Jack,Brown,customer01105@example.com,Central,2025-02-21,Consumer
C01106,Isla,Thomas,customer01106@example.com,North,2022-11-13,Consumer
C01107,Oscar,Thomas,customer01107@example.com,East,2023-12-20,Consumer
C01108,Sophia,Roberts,customer01108@example.com,West,2024-12-07,Consumer
C01109,Grace,Young,customer01109@example.com,West,2025-03-05,Consumer
C01110,Ethan,Jones,customer01110@example.com,North,2025-05-09,Small Business
C01111,Jack,Thomas,customer01111@example.com,Central,2022-09-07,Consumer
C01112,Sophia,Allen,customer01112@example.com,South,2022-11-10,Consumer
C01113,Lucas,Martin,customer01113@example.com,South,2025-10-23,Consumer
C01114,Henry,Kelly,customer01114@example.com,East,2024-03-17,Enterprise
C01115,Ella,Davies,customer01115@example.com,West,2025-08-30,Enterprise
C01116,Olivia,Davies,customer01116@example.com,East,2025-10-10,Small Business
C01117,Mia,Thomas,customer01117@example.com,North,2023-04-30,Consumer
C01118,Henry,Allen,customer01118@example.com,Central,2025-05-19,Consumer
C01119,Oscar,Murphy,customer01119@example.com,South,2022-02-13,Consumer
C01120,Isla,Kelly,customer01120@example.com,North,2023-07-25,Consumer
C01121,Oscar,Allen,customer01121@example.com,Central,2023-08-06,Consumer
C01122,Sophia,Smith,customer01122@example.com,Central,2025-01-20,Small Business
C01123,Sophia,Kelly,customer01123@example.com,Central,2025-07-12,Small Business
C01124,Liam,Allen,customer01124@example.com,Central,2024-06-13,Small Business
C01125,Henry,Allen,customer01125@example.com,West,2022-08-08,Consumer
C01126,Ethan,Wilson,customer01126@example.com,East,2024-07-13,Small Business
C01127,Liam,Allen,customer01127@example.com,North,2023-02-05,Consumer
C01128,Oscar,Evans,customer01128@example.com,East,2023-12-28,Consumer
C01129,Emma,Walker,customer01129@example.com,South,2024-09-17,Small Business
C01130,Amelia,Young,customer01130@example.com,South,2024-06-17,Consumer
C01131,Ella,Johnson,customer01131@example.com,West,2024-05-07,Consumer
C01132,Sophia,Davies,customer01132@example.com,East,2024-03-14,Consumer
C01133,Mia,Walker,customer01133@example.com,North,2023-05-05,Small Business
C01134,Amelia,Jones,customer01134@example.com,South,2024-07-26,Small Business
C01135,Isla,Taylor,customer01135@example.com,West,2024-04-23,Consumer
C01136,Mia,Jones,customer01136@example.com,North,2025-07-16,Small Business
C01137,Lucas,Thomas,customer01137@example.com,Central,2022-09-24,Consumer
C01138,Amelia,King,customer01138@example.com,East,2022-02-23,Consumer
C01139,Ethan,Thomas,customer01139@example.com,East,2023-06-12,Small Business
C01140,James,Smith,customer01140@example.com,West,2023-09-08,Small Business
C01141,Olivia,Hall,customer01141@example.com,Central,2024-12-18,Enterprise
C01142,Emma,Walker,customer01142@example.com,South,2024-11-29,Consumer
C01143,Sophia,Smith,customer01143@example.com,West,2025-06-14,Small Business
C01144,Jack,Murphy,customer01144@example.com,East,2024-08-12,Consumer
C01145,Emma,King,customer01145@example.com,South,2023-01-21,Small Business
C01146,Oscar,Evans,customer01146@example.com,Central,2024-01-04,Consumer
C01147,Isla,Wilson,customer01147@example.com,West,2023-12-17,Small Business
C01148,James,Murphy,customer01148@example.com,West,2023-10-12,Consumer
C01149,Noah,Davies,customer01149@example.com,Central,2022-10-27,Consumer
C01150,Sophia,Murphy,customer01150@example.com,Central,2023-01-30,Consumer
C01151,Daniel,Jones,customer01151@example.com,West,2025-05-15,Consumer
C01152,Grace,Smith,customer01152@example.com,Central,2025-09-21,Consumer
C01153,Ava,Wilson,customer01153@example.com,West,2023-08-16,Small Business
C01154,Lucas,Allen,customer01154@example.com,West,2023-05-29,Consumer
C01155,James,Wilson,customer01155@example.com,West,2025-04-16,Consumer
C01156,Emily,Brown,customer01156@example.com,West,2023-01-31,Consumer
C01157,Isla,Hall,customer01157@example.com,North,2023-01-06,Consumer
C01158,Leo,Kelly,customer01158@example.com,Central,2024-05-07,Consumer
C01159,Leo,Taylor,customer01159@example.com,Central,2024-03-01,Consumer
C01160,Ethan,Kelly,customer01160@example.com,North,2023-10-20,Consumer
C01161,Ava,Martin,customer01161@example.com,Central,2025-09-03,Consumer
C01162,Ethan,Allen,customer01162@example.com,North,2024-01-06,Consumer
C01163,Ella,Brown,customer01163@example.com,South,2025-10-24,Consumer
C01164,Sophia,Murphy,customer01164@example.com,West,2023-01-19,Consumer
C01165,Daniel,Johnson,customer01165@example.com,North,2022-03-03,Consumer
C01166,Olivia,Murphy,customer01166@example.com,Central,2023-05-20,Consumer
C01167,Jack,Wilson,customer01167@example.com,Central,2022-08-27,Enterprise
C01168,Noah,Davies,customer01168@example.com,East,2022-07-14,Small Business
C01169,James,Clark,customer01169@example.com,North,2023-11-09,Small Business
C01170,Mia,Walker,customer01170@example.com,South,2025-05-30,Consumer
C01171,Henry,Murphy,customer01171@example.com,West,2022-03-02,Small Business
C01172,Emily,Davies,customer01172@example.com,Central,2025-02-26,Small Business
C01173,Isla,Young,customer01173@example.com,West,2024-09-16,Small Business
C01174,Noah,King,customer01174@example.com,South,2023-11-16,Consumer
C01175,Henry,Kelly,customer01175@example.com,West,2022-06-05,Consumer
C01176,Liam,Thomas,customer01176@example.com,East,2024-07-11,Small Business
C01177,Ethan,Allen,customer01177@example.com,West,2024-05-17,Consumer
C01178,Emily,Davies,customer01178@example.com,North,2024-06-21,Consumer
C01179,Olivia,Martin,customer01179@example.com,West,2024-09-25,Consumer
C01180,Jack,Johnson,customer01180@example.com,East,2024-09-01,Consumer
C01181,Isla,Johnson,customer01181@example.com,Central,2025-05-15,Consumer
C01182,Ethan,Wilson,customer01182@example.com,South,2023-01-23,Consumer
C01183,Oscar,Davies,customer01183@example.com,West,2024-06-05,Consumer
C01184,Henry,Smith,customer01184@example.com,Central,2024-04-17,Consumer
C01185,Isla,Allen,customer01185@example.com,North,2025-09-25,Consumer
C01186,Olivia,Martin,customer01186@example.com,Central,2022-12-06,Consumer
C01187,Mia,Allen,customer01187@example.com,West,2022-07-23,Consumer
C01188,Ella,Jones,customer01188@example.com,North,2022-06-10,Small Business
C01189,Liam,Davies,customer01189@example.com,South,2023-01-27,Small Business
C01190,Amelia,King,customer01190@example.com,West,2024-02-08,Consumer
C01191,Emily,Murphy,customer01191@example.com,North,2023-07-29,Consumer
C01192,Daniel,King,customer01192@example.com,East,2023-06-18,Consumer
C01193,Amelia,Thomas,customer01193@example.com,South,2024-12-29,Small Business
C01194,Mia,Allen,customer01194@example.com,West,2024-06-11,Consumer
C01195,Noah,Brown,customer01195@example.com,North,2023-02-09,Consumer
C01196,Jack,Walker,customer01196@example.com,Central,2023-08-31,Consumer
C01197,Sophia,Wilson,customer01197@example.com,Central,2024-04-07,Consumer
C01198,Grace,Murphy,customer01198@example.com,Central,2025-02-17,Small Business
C01199,Olivia,Taylor,customer01199@example.com,West,2023-11-21,Small Business
C01200,James,Thomas,customer01200@example.com,North,2024-06-20,Consumer
C01201,Emma,Kelly,customer01201@example.com,West,2025-05-25,Consumer
C01202,Emma,Murphy,customer01202@example.com,North,2022-02-25,Consumer
C01203,Sophia,Davies,customer01203@example.com,North,2023-01-01,Consumer
C01204,Ella,Taylor,customer01204@example.com,South,2023-03-31,Consumer
C01205,Olivia,Murphy,customer01205@example.com,East,2022-04-14,Consumer
C01206,Olivia,Lewis,customer01206@example.com,West,2022-03-18,Consumer
C01207,Mia,Smith,customer01207@example.com,West,2022-08-18,Consumer
C01208,Emily,Roberts,customer01208@example.com,East,2025-07-05,Enterprise
C01209,James,Evans,customer01209@example.com,South,2025-07-11,Consumer
C01210,Henry,Thomas,customer01210@example.com,Central,2022-11-27,Small Business
C01211,Jack,Taylor,customer01211@example.com,East,2025-04-20,Small Business
C01212,Isla,Kelly,customer01212@example.com,East,2024-06-11,Consumer
C01213,Emily,Roberts,customer01213@example.com,North,2023-11-19,Small Business
C01214,Grace,Brown,customer01214@example.com,West,2022-01-27,Consumer
C01215,Oscar,Smith,customer01215@example.com,West,2025-07-23,Consumer
C01216,James,Jones,customer01216@example.com,South,2022-10-26,Consumer
C01217,Grace,Martin,customer01217@example.com,North,2024-08-14,Enterprise
C01218,Olivia,Lewis,customer01218@example.com,West,2024-03-09,Consumer
C01219,Ella,Clark,customer01219@example.com,West,2025-01-19,Consumer
C01220,Amelia,Davies,customer01220@example.com,South,2023-04-25,Enterprise
C01221,Grace,Clark,customer01221@example.com,Central,2023-07-27,Consumer
C01222,Ethan,Walker,customer01222@example.com,North,2023-04-03,Small Business
C01223,Emma,Martin,customer01223@example.com,East,2022-12-31,Small Business
C01224,Isla,Kelly,customer01224@example.com,Central,2024-05-08,Small Business
C01225,Lucas,Young,customer01225@example.com,East,2022-12-17,Enterprise
C01226,Jack,Martin,customer01226@example.com,West,2022-09-10,Enterprise
C01227,Jack,Brown,customer01227@example.com,East,2024-02-20,Consumer
C01228,Mia,Walker,customer01228@example.com,South,2024-03-13,Small Business
C01229,Isla,Allen,customer01229@example.com,Central,2024-10-08,Consumer
C01230,Olivia,Thomas,customer01230@example.com,East,2023-04-04,Consumer
C01231,Isla,Davies,customer01231@example.com,Central,2024-07-05,Consumer
C01232,Emily,Lewis,customer01232@example.com,South,2023-05-14,Small Business
C01233,Isla,Taylor,customer01233@example.com,South,2024-08-07,Enterprise
C01234,Emma,Jones,customer01234@example.com,North,2023-05-23,Small Business
C01235,Henry,Johnson,customer01235@example.com,West,2025-08-20,Consumer
C01236,Ethan,Smith,customer01236@example.com,South,2023-05-16,Consumer
C01237,Lucas,Murphy,customer01237@example.com,Central,2024-03-13,Consumer
C01238,Olivia,Roberts,customer01238@example.com,East,2023-08-21,Small Business
C01239,Jack,Brown,customer01239@example.com,Central,2022-06-15,Small Business
C01240,Noah,Taylor,customer01240@example.com,North,2023-04-07,Consumer
C01241,Lucas,Murphy,customer01241@example.com,Central,2024-07-08,Consumer
C01242,Amelia,Davies,customer01242@example.com,West,2022-04-24,Consumer
C01243,Liam,Martin,customer01243@example.com,West,2024-09-18,Consumer
C01244,Emma,Davies,customer01244@example.com,Central,2025-10-11,Enterprise
C01245,Daniel,Taylor,customer01245@example.com,West,2022-07-26,Consumer
C01246,Mia,Young,customer01246@example.com,West,2025-06-12,Consumer
C01247,James,Taylor,customer01247@example.com,North,2025-10-10,Consumer
C01248,Oscar,Murphy,customer01248@example.com,North,2023-05-30,Consumer
C01249,Lucas,King,customer01249@example.com,Central,2025-05-16,Enterprise
C01250,Noah,King,customer01250@example.com,West,2023-12-10,Consumer
C01251,Emily,Walker,customer01251@example.com,West,2025-02-22,Consumer
C01252,Lucas,Smith,customer01252@example.com,East,2022-05-18,Consumer
C01253,Oscar,Clark,customer01253@example.com,North,2022-12-05,Small Business
C01254,Lucas,Davies,customer01254@example.com,North,2023-06-21,Small Business
C01255,Mia,King,customer01255@example.com,West,2022-03-09,Small Business
C01256,Daniel,Clark,customer01256@example.com,East,2023-01-18,Consumer
C01257,James,Davies,customer01257@example.com,South,2022-01-19,Consumer
C01258,Amelia,Jones,customer01258@example.com,East,2023-11-14,Consumer
C01259,Liam,Brown,customer01259@example.com,North,2022-03-15,Small Business
C01260,Ethan,Murphy,customer01260@example.com,East,2023-07-27,Consumer
C01261,James,Evans,customer01261@example.com,South,2024-07-27,Consumer
C01262,James,Evans,customer01262@example.com,West,2025-07-23,Small Business
C01263,Emily,Clark,customer01263@example.com,South,2024-12-07,Small Business
C01264,Ethan,Young,customer01264@example.com,East,2022-07-30,Consumer
C01265,Ava,Young,customer01265@example.com,North,2024-05-04,Consumer
C01266,Olivia,Roberts,customer01266@example.com,North,2023-10-13,Consumer
C01267,Liam,Johnson,customer01267@example.com,East,2024-09-20,Small Business
C01268,James,Johnson,customer01268@example.com,East,2023-11-26,Small Business
C01269,Liam,Thomas,customer01269@example.com,West,2023-06-24,Consumer
C01270,Isla,Brown,customer01270@example.com,South,2025-04-29,Consumer
C01271,Mia,Jones,customer01271@example.com,West,2025-08-31,Small Business
C01272,Oscar,Martin,customer01272@example.com,Central,2024-06-19,Small Business
C01273,Daniel,Allen,customer01273@example.com,West,2024-02-19,Consumer
C01274,Liam,Young,customer01274@example.com,North,2025-02-10,Consumer
C01275,Ava,Walker,customer01275@example.com,East,2022-06-19,Consumer
C01276,Ethan,Wilson,customer01276@example.com,North,2024-11-03,Consumer
C01277,Emma,Jones,customer01277@example.com,South,2022-10-15,Small Business
C01278,James,Kelly,customer01278@example.com,Central,2022-07-08,Small Business
C01279,Grace,Smith,customer01279@example.com,North,2024-07-02,Small Business
C01280,Leo,Clark,customer01280@example.com,East,2025-03-24,Consumer
C01281,Olivia,Taylor,customer01281@example.com,West,2023-11-25,Small Business
C01282,Noah,Johnson,customer01282@example.com,West,2024-06-06,Consumer
C01283,Ella,King,customer01283@example.com,East,2023-04-16,Consumer
C01284,Jack,Walker,customer01284@example.com,North,2025-01-03,Consumer
C01285,Isla,Evans,customer01285@example.com,South,2022-10-04,Consumer
C01286,Leo,Brown,customer01286@example.com,East,2024-07-28,Small Business
C01287,Oscar,Smith,customer01287@example.com,North,2025-09-28,Consumer
C01288,Olivia,Evans,customer01288@example.com,South,2023-07-25,Consumer
C01289,Jack,Davies,customer01289@example.com,North,2024-05-06,Consumer
C01290,Leo,Johnson,customer01290@example.com,North,2024-09-27,Consumer
C01291,Mia,Taylor,customer01291@example.com,East,2025-04-20,Consumer
C01292,Amelia,Walker,customer01292@example.com,North,2023-04-03,Consumer
C01293,Emma,Brown,customer01293@example.com,East,2024-07-06,Small Business
C01294,Leo,Johnson,customer01294@example.com,West,2024-04-12,Consumer
C01295,Sophia,Martin,customer01295@example.com,Central,2024-12-23,Consumer
C01296,Jack,Walker,customer01296@example.com,South,2024-04-18,Consumer
C01297,Liam,Walker,customer01297@example.com,North,2025-07-07,Small Business
C01298,Emma,Roberts,customer01298@example.com,North,2022-07-12,Consumer
C01299,Ella,Taylor,customer01299@example.com,West,2023-09-08,Consumer
C01300,Henry,Young,customer01300@example.com,West,2023-02-10,Consumer
C01301,Grace,Martin,customer01301@example.com,North,2024-07-31,Consumer
C01302,Olivia,Davies,customer01302@example.com,Central,2023-12-22,Consumer
C01303,Ella,Kelly,customer01303@example.com,North,2022-04-03,Small Business
C01304,Jack,Martin,customer01304@example.com,East,2023-03-06,Consumer
C01305,Noah,Kelly,customer01305@example.com,West,2023-10-16,Consumer
C01306,Noah,Davies,customer01306@example.com,Central,2023-03-10,Small Business
C01307,Daniel,Lewis,customer01307@example.com,West,2025-02-09,Small Business
C01308,Amelia,Jones,customer01308@example.com,Central,2023-01-10,Consumer
C01309,James,Roberts,customer01309@example.com,South,2024-12-18,Consumer
C01310,Noah,Lewis,customer01310@example.com,Central,2024-12-02,Consumer
C01311,James,Lewis,customer01311@example.com,North,2022-07-26,Consumer
C01312,Ethan,Roberts,customer01312@example.com,Central,2024-02-19,Small Business
C01313,Amelia,Thomas,customer01313@example.com,East,2025-08-12,Small Business
C01314,Oscar,Roberts,customer01314@example.com,Central,2025-02-15,Enterprise
C01315,Emily,Allen,customer01315@example.com,East,2023-06-16,Consumer
C01316,Daniel,Jones,customer01316@example.com,West,2025-05-30,Consumer
C01317,Henry,Wilson,customer01317@example.com,East,2022-06-15,Consumer
C01318,Amelia,Brown,customer01318@example.com,West,2023-10-05,Small Business
C01319,Leo,Taylor,customer01319@example.com,North,2025-03-25,Consumer
C01320,Sophia,Kelly,customer01320@example.com,North,2025-04-22,Consumer
C01321,Jack,Young,customer01321@example.com,South,2022-03-31,Small Business
C01322,Leo,Clark,customer01322@example.com,North,2025-01-22,Small Business
C01323,Amelia,Allen,customer01323@example.com,Central,2022-01-13,Small Business
C01324,Grace,Thomas,customer01324@example.com,South,2024-08-30,Consumer
C01325,Olivia,Young,customer01325@example.com,Central,2024-03-15,Small Business
C01326,Olivia,Jones,customer01326@example.com,South,2024-08-02,Small Business
C01327,Emily,Martin,customer01327@example.com,North,2024-01-12,Consumer
C01328,Lucas,Hall,customer01328@example.com,West,2024-05-25,Consumer
C01329,Grace,Clark,customer01329@example.com,West,2025-03-19,Consumer
C01330,Jack,Young,customer01330@example.com,East,2023-10-22,Enterprise
C01331,Mia,Walker,customer01331@example.com,East,2024-10-28,Consumer
C01332,Grace,Allen,customer01332@example.com,West,2024-11-18,Consumer
C01333,Daniel,Thomas,customer01333@example.com,South,2022-10-23,Consumer
C01334,Jack,Walker,customer01334@example.com,Central,2024-09-12,Small Business
C01335,Henry,Johnson,customer01335@example.com,Central,2024-07-14,Consumer
C01336,Grace,Taylor,customer01336@example.com,West,2023-10-02,Consumer
C01337,Olivia,Martin,customer01337@example.com,North,2022-12-06,Consumer
C01338,Daniel,Jones,customer01338@example.com,West,2023-09-20,Small Business
C01339,Grace,Hall,customer01339@example.com,North,2023-03-15,Consumer
C01340,Daniel,Allen,customer01340@example.com,North,2025-03-13,Consumer
C01341,Ethan,Hall,customer01341@example.com,South,2024-07-30,Small Business
C01342,Isla,Allen,customer01342@example.com,East,2024-04-09,Consumer
C01343,James,King,customer01343@example.com,Central,2023-06-03,Small Business
C01344,Ella,Wilson,customer01344@example.com,West,2024-09-02,Consumer
C01345,Noah,Brown,customer01345@example.com,West,2024-12-04,Consumer
C01346,Noah,Lewis,customer01346@example.com,East,2024-08-12,Consumer
C01347,Noah,Davies,customer01347@example.com,South,2025-06-16,Consumer
C01348,Noah,Davies,customer01348@example.com,South,2024-08-09,Small Business
C01349,Grace,Evans,customer01349@example.com,Central,2024-08-01,Consumer
C01350,Olivia,Evans,customer01350@example.com,North,2022-06-04,Small Business
C01351,Isla,Wilson,customer01351@example.com,Central,2025-04-19,Consumer
C01352,James,Jones,customer01352@example.com,East,2025-05-23,Consumer
C01353,Emily,Clark,customer01353@example.com,East,2022-03-29,Consumer
C01354,Emma,Taylor,customer01354@example.com,West,2025-07-03,Enterprise
C01355,Oscar,Clark,customer01355@example.com,East,2025-01-01,Consumer
C01356,Emily,Evans,customer01356@example.com,Central,2024-07-19,Consumer
C01357,Emily,Wilson,customer01357@example.com,Central,2022-06-28,Consumer
C01358,Daniel,King,customer01358@example.com,East,2022-07-31,Consumer
C01359,Olivia,Roberts,customer01359@example.com,South,2025-06-11,Consumer
C01360,Grace,Murphy,customer01360@example.com,West,2023-04-10,Small Business
C01361,Isla,Taylor,customer01361@example.com,Central,2025-05-31,Consumer
C01362,Grace,Taylor,customer01362@example.com,South,2023-09-23,Small Business
C01363,Emma,Martin,customer01363@example.com,West,2024-04-04,Consumer
C01364,Sophia,Young,customer01364@example.com,West,2025-07-11,Small Business
C01365,Amelia,Martin,customer01365@example.com,West,2025-05-15,Small Business
C01366,Sophia,Young,customer01366@example.com,North,2023-08-30,Consumer
C01367,Isla,Murphy,customer01367@example.com,West,2024-06-03,Enterprise
C01368,Olivia,Roberts,customer01368@example.com,Central,2023-01-01,Consumer
C01369,Oscar,Hall,customer01369@example.com,North,2022-10-03,Enterprise
C01370,Leo,Lewis,customer01370@example.com,South,2023-01-15,Small Business
C01371,Lucas,Smith,customer01371@example.com,Central,2025-08-25,Consumer
C01372,James,King,customer01372@example.com,North,2025-07-15,Consumer
C01373,Ella,Allen,customer01373@example.com,Central,2024-08-02,Consumer
C01374,Mia,Hall,customer01374@example.com,East,2024-12-23,Consumer
C01375,Olivia,Clark,customer01375@example.com,South,2024-03-20,Consumer
C01376,Isla,Brown,customer01376@example.com,Central,2025-10-05,Consumer
C01377,Emily,Clark,customer01377@example.com,East,2024-07-13,Consumer
C01378,Isla,Wilson,customer01378@example.com,East,2023-05-09,Small Business
C01379,Olivia,Wilson,customer01379@example.com,South,2025-01-26,Consumer
C01380,Ethan,Allen,customer01380@example.com,West,2024-12-30,Consumer
C01381,Oscar,Allen,customer01381@example.com,North,2022-12-30,Consumer
C01382,Mia,Allen,customer01382@example.com,East,2023-07-24,Consumer
C01383,Grace,Brown,customer01383@example.com,Central,2024-02-02,Consumer
C01384,Emily,Brown,customer01384@example.com,South,2022-10-03,Consumer
C01385,Amelia,Allen,customer01385@example.com,West,2022-02-19,Enterprise
C01386,Amelia,Brown,customer01386@example.com,South,2025-10-13,Small Business
C01387,Emily,Johnson,customer01387@example.com,West,2023-12-29,Consumer
C01388,Liam,Young,customer01388@example.com,North,2024-06-24,Small Business
C01389,Amelia,Kelly,customer01389@example.com,Central,2024-07-16,Consumer
C01390,Ethan,Clark,customer01390@example.com,East,2023-07-18,Small Business
C01391,Liam,Roberts,customer01391@example.com,South,2024-02-22,Small Business
C01392,Ava,Martin,customer01392@example.com,North,2023-04-30,Consumer
C01393,Ethan,Walker,customer01393@example.com,North,2025-01-12,Consumer
C01394,Sophia,Allen,customer01394@example.com,East,2023-08-07,Consumer
C01395,Daniel,King,customer01395@example.com,South,2025-08-12,Consumer
C01396,Isla,Walker,customer01396@example.com,Central,2022-08-24,Small Business
C01397,Liam,Jones,customer01397@example.com,East,2022-02-25,Consumer
C01398,Ava,Davies,customer01398@example.com,South,2022-12-26,Small Business
C01399,James,Roberts,customer01399@example.com,West,2022-04-20,Enterprise
C01400,Oscar,Martin,customer01400@example.com,West,2022-07-11,Consumer
C01401,Henry,Wilson,customer01401@example.com,North,2024-06-22,Small Business
C01402,Noah,King,customer01402@example.com,North,2025-01-21,Small Business
C01403,James,King,customer01403@example.com,North,2024-05-11,Enterprise
C01404,Liam,Martin,customer01404@example.com,West,2023-07-22,Enterprise
C01405,Noah,Jones,customer01405@example.com,West,2024-12-19,Small Business
C01406,Leo,Martin,customer01406@example.com,East,2023-10-12,Consumer
C01407,Lucas,Murphy,customer01407@example.com,Central,2022-02-08,Small Business
C01408,Henry,Thomas,customer01408@example.com,Central,2024-12-08,Consumer
C01409,Grace,Jones,customer01409@example.com,East,2023-09-29,Small Business
C01410,Jack,Walker,customer01410@example.com,Central,2024-11-02,Small Business
C01411,Daniel,Roberts,customer01411@example.com,South,2022-02-05,Consumer
C01412,Ava,Kelly,customer01412@example.com,North,2022-04-11,Consumer
C01413,Isla,Smith,customer01413@example.com,South,2025-01-14,Consumer
C01414,Sophia,Murphy,customer01414@example.com,North,2025-05-31,Consumer
C01415,Daniel,Johnson,customer01415@example.com,East,2025-09-23,Consumer
C01416,Oscar,Johnson,customer01416@example.com,Central,2022-06-15,Small Business
C01417,Amelia,Roberts,customer01417@example.com,North,2023-01-18,Enterprise
C01418,Noah,Walker,customer01418@example.com,North,2025-10-31,Enterprise
C01419,Emma,Brown,customer01419@example.com,East,2024-02-29,Consumer
C01420,James,Thomas,customer01420@example.com,Central,2022-01-31,Small Business
C01421,Ava,Wilson,customer01421@example.com,South,2025-10-30,Small Business
C01422,Amelia,Johnson,customer01422@example.com,East,2022-01-11,Consumer
C01423,Emma,Lewis,customer01423@example.com,North,2025-08-18,Consumer
C01424,Noah,Murphy,customer01424@example.com,North,2022-04-06,Consumer
C01425,Ethan,Roberts,customer01425@example.com,Central,2025-04-28,Small Business
C01426,Jack,Clark,customer01426@example.com,Central,2023-03-29,Consumer
C01427,Grace,King,customer01427@example.com,North,2022-07-11,Small Business
C01428,Ella,Taylor,customer01428@example.com,Central,2023-05-01,Consumer
C01429,Amelia,Evans,customer01429@example.com,West,2025-07-13,Small Business
C01430,Jack,Lewis,customer01430@example.com,Central,2025-02-25,Consumer
C01431,Grace,Evans,customer01431@example.com,East,2022-08-26,Consumer
C01432,Ethan,Clark,customer01432@example.com,East,2025-10-10,Consumer
C01433,Lucas,Walker,customer01433@example.com,East,2025-02-09,Consumer
C01434,Leo,Hall,customer01434@example.com,West,2025-09-28,Small Business
C01435,Olivia,Kelly,customer01435@example.com,North,2025-03-14,Consumer
C01436,Isla,Jones,customer01436@example.com,North,2024-12-24,Small Business
C01437,Grace,Hall,customer01437@example.com,South,2025-06-24,Consumer
C01438,Olivia,Davies,customer01438@example.com,West,2024-01-05,Consumer
C01439,Sophia,Taylor,customer01439@example.com,South,2024-09-17,Consumer
C01440,Oscar,Johnson,customer01440@example.com,West,2024-04-04,Consumer
C01441,Ella,Hall,customer01441@example.com,Central,2022-04-16,Small Business
C01442,Leo,Martin,customer01442@example.com,North,2022-06-30,Consumer
C01443,Sophia,Wilson,customer01443@example.com,West,2022-07-03,Small Business
C01444,Emma,Hall,customer01444@example.com,East,2022-08-14,Enterprise
C01445,Mia,Allen,customer01445@example.com,Central,2024-02-16,Consumer
C01446,Henry,Smith,customer01446@example.com,North,2024-02-29,Consumer
C01447,Amelia,Davies,customer01447@example.com,West,2025-01-17,Small Business
C01448,Emma,Evans,customer01448@example.com,Central,2023-11-19,Enterprise
C01449,Liam,Evans,customer01449@example.com,Central,2023-06-14,Small Business
C01450,Lucas,Jones,customer01450@example.com,West,2025-10-26,Consumer
C01451,Sophia,Thomas,customer01451@example.com,East,2024-08-29,Small Business
C01452,Lucas,Jones,customer01452@example.com,West,2024-07-24,Consumer
C01453,James,Lewis,customer01453@example.com,Central,2022-04-16,Enterprise
C01454,Ethan,Jones,customer01454@example.com,East,2025-07-18,Enterprise
C01455,Sophia,Kelly,customer01455@example.com,North,2024-04-10,Consumer
C01456,Daniel,Evans,customer01456@example.com,Central,2023-11-10,Consumer
C01457,Olivia,Roberts,customer01457@example.com,West,2024-04-28,Consumer
C01458,Liam,Kelly,customer01458@example.com,West,2024-11-21,Consumer
C01459,Ella,Lewis,customer01459@example.com,South,2023-01-28,Small Business
C01460,Grace,Hall,customer01460@example.com,West,2022-02-09,Consumer
C01461,Ava,Martin,customer01461@example.com,East,2023-10-22,Consumer
C01462,James,Brown,customer01462@example.com,West,2025-05-26,Consumer
C01463,Henry,Smith,customer01463@example.com,North,2024-09-07,Enterprise
C01464,Emily,Thomas,customer01464@example.com,West,2025-01-10,Consumer
C01465,Mia,Kelly,customer01465@example.com,Central,2024-04-24,Consumer
C01466,Leo,Walker,customer01466@example.com,North,2022-07-20,Consumer
C01467,Emily,King,customer01467@example.com,Central,2023-03-23,Enterprise
C01468,Isla,Lewis,customer01468@example.com,East,2024-11-27,Small Business
C01469,Noah,Davies,customer01469@example.com,Central,2025-05-19,Consumer
C01470,Henry,Walker,customer01470@example.com,West,2023-03-20,Consumer
C01471,Emma,Allen,customer01471@example.com,East,2025-09-12,Consumer
C01472,Grace,Young,customer01472@example.com,West,2024-01-31,Consumer
C01473,Liam,Kelly,customer01473@example.com,Central,2022-08-15,Consumer
C01474,Jack,Kelly,customer01474@example.com,East,2022-02-17,Enterprise
C01475,Noah,Davies,customer01475@example.com,South,2024-11-07,Consumer
C01476,Daniel,Roberts,customer01476@example.com,West,2024-06-30,Small Business
C01477,Oscar,Taylor,customer01477@example.com,Central,2022-07-06,Consumer
C01478,Grace,Johnson,customer01478@example.com,West,2022-12-11,Small Business
C01479,Oscar,Smith,customer01479@example.com,West,2022-08-12,Small Business
C01480,Henry,Martin,customer01480@example.com,East,2024-04-09,Consumer
C01481,Grace,Jones,customer01481@example.com,Central,2023-05-03,Consumer
C01482,Sophia,Davies,customer01482@example.com,North,2024-05-26,Consumer
C01483,Olivia,Allen,customer01483@example.com,East,2024-04-28,Consumer
C01484,Henry,Evans,customer01484@example.com,North,2025-06-06,Consumer
C01485,Liam,Thomas,customer01485@example.com,South,2024-09-05,Consumer
C01486,Daniel,Thomas,customer01486@example.com,South,2024-10-13,Enterprise
C01487,Ava,Evans,customer01487@example.com,East,2022-07-07,Consumer
C01488,Amelia,Roberts,customer01488@example.com,West,2022-09-27,Small Business
C01489,Jack,Clark,customer01489@example.com,South,2022-11-06,Consumer
C01490,Isla,Hall,customer01490@example.com,East,2025-03-01,Small Business
C01491,Noah,Smith,customer01491@example.com,South,2024-12-31,Consumer
C01492,Grace,Smith,customer01492@example.com,South,2024-04-24,Small Business
C01493,Olivia,Walker,customer01493@example.com,South,2025-04-25,Consumer
C01494,Mia,Wilson,customer01494@example.com,North,2023-05-01,Consumer
C01495,Grace,Davies,customer01495@example.com,West,2025-04-29,Consumer
C01496,Oscar,King,customer01496@example.com,West,2022-04-30,Consumer
C01497,Henry,Smith,customer01497@example.com,West,2022-08-08,Consumer
C01498,Leo,Thomas,customer01498@example.com,East,2022-02-22,Consumer
C01499,Noah,Roberts,customer01499@example.com,South,2025-06-14,Consumer
C01500,Henry,King,customer01500@example.com,Central,2024-01-28,Small Business
C01501,Sophia,Johnson,customer01501@example.com,East,2024-01-08,Consumer
C01502,Daniel,Roberts,customer01502@example.com,East,2023-12-21,Consumer
C01503,Mia,Clark,customer01503@example.com,North,2023-02-10,Small Business
C01504,Daniel,Martin,customer01504@example.com,South,2023-08-31,Consumer
C01505,Ava,Kelly,customer01505@example.com,South,2024-10-17,Consumer
C01506,Noah,Lewis,customer01506@example.com,East,2023-02-26,Consumer
C01507,Leo,Roberts,customer01507@example.com,East,2023-12-13,Enterprise
C01508,Olivia,Evans,customer01508@example.com,East,2022-09-04,Small Business
C01509,Leo,Lewis,customer01509@example.com,West,2022-03-13,Small Business
C01510,Leo,Johnson,customer01510@example.com,West,2022-07-04,Consumer
C01511,Lucas,Hall,customer01511@example.com,Central,2022-01-06,Small Business
C01512,Isla,King,customer01512@example.com,West,2025-05-14,Consumer
C01513,Isla,Martin,customer01513@example.com,Central,2024-06-24,Consumer
C01514,James,Allen,customer01514@example.com,North,2023-01-22,Consumer
C01515,Mia,Brown,customer01515@example.com,North,2023-11-30,Consumer
C01516,Olivia,Smith,customer01516@example.com,North,2025-01-04,Consumer
C01517,James,Hall,customer01517@example.com,West,2025-04-15,Consumer
C01518,Ethan,Kelly,customer01518@example.com,Central,2024-04-06,Consumer
C01519,Lucas,Young,customer01519@example.com,South,2022-12-15,Consumer
C01520,Ava,King,customer01520@example.com,Central,2025-07-02,Small Business
C01521,Amelia,King,customer01521@example.com,North,2022-11-04,Consumer
C01522,James,Johnson,customer01522@example.com,Central,2025-09-30,Small Business
C01523,Noah,Johnson,customer01523@example.com,South,2025-02-24,Consumer
C01524,Ava,Brown,customer01524@example.com,North,2022-10-14,Small Business
C01525,Ella,Walker,customer01525@example.com,East,2024-02-05,Consumer
C01526,Jack,Taylor,customer01526@example.com,South,2023-12-26,Consumer
C01527,Oscar,Murphy,customer01527@example.com,South,2024-02-01,Consumer
C01528,Oscar,Roberts,customer01528@example.com,South,2023-01-18,Consumer
C01529,Jack,Murphy,customer01529@example.com,Central,2023-01-23,Small Business
C01530,Oscar,Roberts,customer01530@example.com,East,2023-06-09,Consumer
C01531,Amelia,Roberts,customer01531@example.com,South,2023-10-01,Consumer
C01532,Daniel,Johnson,customer01532@example.com,West,2024-07-26,Small Business
C01533,Daniel,Evans,customer01533@example.com,West,2022-10-03,Small Business
C01534,James,Wilson,customer01534@example.com,South,2023-05-15,Consumer
C01535,Jack,Hall,customer01535@example.com,East,2023-12-18,Consumer
C01536,Noah,Thomas,customer01536@example.com,North,2022-12-03,Consumer
C01537,Ella,Jones,customer01537@example.com,North,2024-07-20,Consumer
C01538,Jack,King,customer01538@example.com,West,2023-04-26,Consumer
C01539,Sophia,Martin,customer01539@example.com,North,2024-06-29,Enterprise
C01540,Ethan,Murphy,customer01540@example.com,East,2025-07-20,Consumer
C01541,Oscar,Wilson,customer01541@example.com,West,2024-12-17,Consumer
C01542,Emma,Smith,customer01542@example.com,North,2025-09-13,Consumer
C01543,Isla,Walker,customer01543@example.com,East,2022-04-19,Small Business
C01544,Leo,Johnson,customer01544@example.com,South,2025-07-26,Small Business
C01545,Noah,Roberts,customer01545@example.com,Central,2022-11-24,Consumer
C01546,Sophia,Clark,customer01546@example.com,East,2022-11-11,Small Business
C01547,Jack,Martin,customer01547@example.com,Central,2025-02-08,Consumer
C01548,Jack,Martin,customer01548@example.com,East,2023-11-30,Consumer
C01549,Emma,Jones,customer01549@example.com,North,2024-02-20,Consumer
C01550,Emma,Allen,customer01550@example.com,West,2025-06-06,Consumer
C01551,Isla,Allen,customer01551@example.com,Central,2022-06-05,Consumer
C01552,Sophia,Evans,customer01552@example.com,West,2025-07-19,Small Business
C01553,Noah,Murphy,customer01553@example.com,Central,2024-06-05,Consumer
C01554,Noah,Thomas,customer01554@example.com,Central,2024-10-22,Enterprise
C01555,Amelia,Young,customer01555@example.com,South,2024-01-28,Consumer
C01556,Amelia,Walker,customer01556@example.com,South,2023-12-23,Consumer
C01557,Leo,Kelly,customer01557@example.com,West,2024-07-01,Consumer
C01558,Henry,Hall,customer01558@example.com,East,2025-08-02,Consumer
C01559,Jack,Johnson,customer01559@example.com,Central,2024-05-20,Consumer
C01560,Oscar,Davies,customer01560@example.com,Central,2022-01-13,Consumer
C01561,Emily,Young,customer01561@example.com,South,2023-08-31,Consumer
C01562,Emma,Davies,customer01562@example.com,South,2023-05-13,Consumer
C01563,Jack,Johnson,customer01563@example.com,West,2022-08-26,Small Business
C01564,Oscar,Brown,customer01564@example.com,South,2025-01-22,Consumer
C01565,Lucas,Walker,customer01565@example.com,Central,2025-09-23,Consumer
C01566,Daniel,Wilson,customer01566@example.com,East,2024-02-20,Consumer
C01567,Amelia,Roberts,customer01567@example.com,West,2025-04-09,Enterprise
C01568,Ella,Young,customer01568@example.com,North,2023-08-29,Small Business
C01569,Leo,Davies,customer01569@example.com,West,2023-10-23,Consumer
C01570,James,Murphy,customer01570@example.com,East,2024-04-28,Consumer
C01571,Emma,Taylor,customer01571@example.com,East,2024-07-24,Consumer
C01572,Jack,Thomas,customer01572@example.com,North,2023-09-20,Enterprise
C01573,Olivia,Kelly,customer01573@example.com,West,2022-05-23,Small Business
C01574,Daniel,Thomas,customer01574@example.com,Central,2025-05-09,Consumer
C01575,Noah,Johnson,customer01575@example.com,South,2025-04-18,Consumer
C01576,Leo,Clark,customer01576@example.com,North,2023-12-15,Consumer
C01577,Ava,Murphy,customer01577@example.com,North,2025-10-19,Enterprise
C01578,Emma,Kelly,customer01578@example.com,West,2023-04-24,Consumer
C01579,Mia,Roberts,customer01579@example.com,West,2023-07-19,Consumer
C01580,Jack,Allen,customer01580@example.com,East,2023-04-16,Consumer
C01581,Jack,Johnson,customer01581@example.com,South,2023-01-19,Small Business
C01582,Leo,Lewis,customer01582@example.com,East,2024-07-14,Small Business
C01583,Leo,Brown,customer01583@example.com,West,2023-02-21,Small Business
C01584,Amelia,Walker,customer01584@example.com,East,2022-11-04,Consumer
C01585,Ava,Jones,customer01585@example.com,Central,2023-10-11,Small Business
C01586,Isla,Allen,customer01586@example.com,North,2025-10-22,Consumer
C01587,Isla,Allen,customer01587@example.com,West,2024-10-21,Consumer
C01588,Sophia,King,customer01588@example.com,East,2024-12-03,Consumer
C01589,Henry,Taylor,customer01589@example.com,East,2024-01-09,Enterprise
C01590,Grace,Walker,customer01590@example.com,West,2025-01-26,Consumer
C01591,Daniel,Evans,customer01591@example.com,West,2025-07-12,Small Business
C01592,Amelia,Hall,customer01592@example.com,Central,2022-05-20,Small Business
C01593,Emma,Brown,customer01593@example.com,North,2025-06-14,Consumer
C01594,Daniel,Martin,customer01594@example.com,North,2024-08-31,Consumer
C01595,Noah,Hall,customer01595@example.com,West,2024-10-13,Consumer
C01596,Daniel,Johnson,customer01596@example.com,East,2024-08-10,Consumer
C01597,Olivia,Clark,customer01597@example.com,South,2024-06-22,Consumer
C01598,Emily,Jones,customer01598@example.com,North,2022-03-13,Consumer
C01599,Henry,Wilson,customer01599@example.com,North,2025-04-28,Small Business
C01600,Sophia,Wilson,customer01600@example.com,Central,2025-07-15,Enterprise
C01601,Ethan,Evans,customer01601@example.com,North,2025-09-06,Consumer
C01602,Amelia,Murphy,customer01602@example.com,South,2022-04-17,Consumer
C01603,James,Clark,customer01603@example.com,South,2025-06-09,Consumer
C01604,Daniel,Allen,customer01604@example.com,South,2024-12-01,Small Business
C01605,Noah,Lewis,customer01605@example.com,North,2024-06-01,Small Business
C01606,Oscar,Wilson,customer01606@example.com,East,2022-05-19,Consumer
C01607,James,Murphy,customer01607@example.com,North,2023-09-07,Consumer
C01608,Isla,Davies,customer01608@example.com,Central,2024-05-12,Small Business
C01609,Sophia,Taylor,customer01609@example.com,South,2022-09-30,Consumer
C01610,Henry,Walker,customer01610@example.com,East,2023-02-20,Consumer
C01611,James,Murphy,customer01611@example.com,Central,2023-05-21,Consumer
C01612,Amelia,Davies,customer01612@example.com,West,2024-01-03,Consumer
C01613,Noah,Murphy,customer01613@example.com,East,2023-02-28,Consumer
C01614,Sophia,Jones,customer01614@example.com,South,2023-01-25,Small Business
C01615,Emily,Smith,customer01615@example.com,South,2022-12-08,Small Business
C01616,Henry,Lewis,customer01616@example.com,West,2024-08-03,Consumer
C01617,Daniel,Roberts,customer01617@example.com,Central,2023-09-06,Enterprise
C01618,James,Evans,customer01618@example.com,West,2023-05-08,Consumer
C01619,Leo,Davies,customer01619@example.com,East,2022-07-11,Small Business
C01620,Noah,Allen,customer01620@example.com,West,2023-05-14,Consumer
C01621,Grace,Davies,customer01621@example.com,East,2024-04-01,Small Business
C01622,Leo,Walker,customer01622@example.com,North,2025-06-10,Small Business
C01623,Isla,Taylor,customer01623@example.com,East,2022-08-15,Consumer
C01624,Liam,Wilson,customer01624@example.com,Central,2025-10-26,Enterprise
C01625,Isla,King,customer01625@example.com,North,2022-05-19,Small Business
C01626,Sophia,Clark,customer01626@example.com,West,2024-05-05,Small Business
C01627,Ava,Clark,customer01627@example.com,South,2024-03-27,Consumer
C01628,Lucas,Martin,customer01628@example.com,East,2025-03-18,Small Business
C01629,Daniel,Clark,customer01629@example.com,North,2025-02-12,Small Business
C01630,Ella,Walker,customer01630@example.com,East,2024-12-22,Consumer
C01631,Lucas,Martin,customer01631@example.com,West,2022-04-14,Enterprise
C01632,Mia,Smith,customer01632@example.com,South,2024-05-20,Consumer
C01633,James,Jones,customer01633@example.com,West,2023-10-30,Consumer
C01634,James,Young,customer01634@example.com,West,2022-09-30,Consumer
C01635,Noah,Evans,customer01635@example.com,Central,2024-10-26,Consumer
C01636,Sophia,Kelly,customer01636@example.com,South,2025-03-16,Consumer
C01637,Olivia,Smith,customer01637@example.com,East,2022-07-03,Consumer
C01638,Leo,Murphy,customer01638@example.com,North,2024-11-17,Enterprise
C01639,Emily,Hall,customer01639@example.com,Central,2025-02-16,Consumer
C01640,Leo,Evans,customer01640@example.com,Central,2022-10-20,Consumer
C01641,Emma,Smith,customer01641@example.com,East,2025-10-26,Consumer
C01642,Daniel,Smith,customer01642@example.com,Central,2025-06-21,Consumer
C01643,Amelia,Thomas,customer01643@example.com,East,2025-05-26,Enterprise
C01644,James,Thomas,customer01644@example.com,West,2022-06-26,Small Business
C01645,Amelia,Kelly,customer01645@example.com,North,2025-08-15,Small Business
C01646,Henry,Johnson,customer01646@example.com,West,2022-02-27,Consumer
C01647,James,Wilson,customer01647@example.com,North,2025-07-16,Consumer
C01648,Ava,Brown,customer01648@example.com,Central,2022-11-04,Consumer
C01649,Ava,Martin,customer01649@example.com,West,2025-08-04,Consumer
C01650,Amelia,Hall,customer01650@example.com,West,2024-09-03,Consumer
C01651,Ava,Allen,customer01651@example.com,North,2025-02-02,Small Business
C01652,Jack,Johnson,customer01652@example.com,South,2025-06-05,Consumer
C01653,Emma,Davies,customer01653@example.com,South,2025-06-24,Small Business
C01654,Grace,Taylor,customer01654@example.com,South,2023-12-01,Consumer
C01655,Isla,Jones,customer01655@example.com,North,2022-03-24,Consumer
C01656,Mia,Johnson,customer01656@example.com,Central,2025-04-24,Consumer
C01657,Jack,Johnson,customer01657@example.com,East,2022-09-09,Consumer
C01658,Amelia,Lewis,customer01658@example.com,South,2025-10-10,Small Business
C01659,Sophia,Hall,customer01659@example.com,East,2024-03-06,Consumer
C01660,Jack,King,customer01660@example.com,East,2024-06-15,Consumer
C01661,Mia,Hall,customer01661@example.com,West,2022-07-29,Enterprise
C01662,Emily,Murphy,customer01662@example.com,East,2024-03-26,Consumer
C01663,Mia,Clark,customer01663@example.com,Central,2023-09-01,Consumer
C01664,Sophia,Wilson,customer01664@example.com,East,2023-03-23,Consumer
C01665,Ella,Murphy,customer01665@example.com,Central,2023-04-05,Consumer
C01666,Lucas,Walker,customer01666@example.com,Central,2024-08-25,Small Business
C01667,Isla,Kelly,customer01667@example.com,South,2023-04-17,Small Business
C01668,Oscar,Evans,customer01668@example.com,Central,2023-01-05,Enterprise
C01669,Jack,Davies,customer01669@example.com,North,2024-06-18,Consumer
C01670,Jack,Martin,customer01670@example.com,Central,2024-07-11,Consumer
C01671,Sophia,Smith,customer01671@example.com,South,2022-05-17,Small Business
C01672,Henry,Thomas,customer01672@example.com,Central,2023-01-02,Consumer
C01673,Leo,Thomas,customer01673@example.com,Central,2024-06-30,Consumer
C01674,Leo,Wilson,customer01674@example.com,Central,2022-07-03,Consumer
C01675,Grace,Evans,customer01675@example.com,West,2025-08-03,Consumer
C01676,Ava,Smith,customer01676@example.com,South,2023-04-17,Consumer
C01677,Lucas,Allen,customer01677@example.com,North,2025-10-30,Small Business
C01678,Amelia,Hall,customer01678@example.com,East,2023-10-16,Small Business
C01679,James,Davies,customer01679@example.com,North,2024-01-19,Consumer
C01680,Ethan,Brown,customer01680@example.com,West,2023-06-21,Consumer
C01681,Emma,Kelly,customer01681@example.com,South,2024-03-12,Consumer
C01682,Ella,Jones,customer01682@example.com,Central,2025-06-27,Small Business
C01683,Isla,Martin,customer01683@example.com,West,2024-07-08,Consumer
C01684,Emily,Roberts,customer01684@example.com,Central,2023-05-25,Small Business
C01685,Olivia,Young,customer01685@example.com,North,2023-09-22,Consumer
C01686,Leo,King,customer01686@example.com,Central,2024-09-28,Consumer
C01687,Olivia,Jones,customer01687@example.com,Central,2025-01-01,Consumer
C01688,Sophia,King,customer01688@example.com,East,2025-07-29,Small Business
C01689,Noah,Jones,customer01689@example.com,West,2024-07-04,Consumer
C01690,Ava,Brown,customer01690@example.com,West,2025-10-15,Consumer
C01691,Ethan,Smith,customer01691@example.com,North,2024-10-30,Consumer
C01692,Jack,Jones,customer01692@example.com,East,2025-05-19,Small Business
C01693,Leo,Brown,customer01693@example.com,East,2022-06-01,Small Business
C01694,James,Clark,customer01694@example.com,North,2024-10-25,Consumer
C01695,Grace,Lewis,customer01695@example.com,South,2025-05-03,Small Business
C01696,Noah,Martin,customer01696@example.com,North,2025-07-30,Consumer
C01697,Mia,Brown,customer01697@example.com,North,2023-04-09,Consumer
C01698,Jack,Young,customer01698@example.com,North,2025-02-10,Consumer
C01699,Isla,Roberts,customer01699@example.com,Central,2022-09-28,Consumer
C01700,Liam,Walker,customer01700@example.com,East,2025-04-01,Small Business
C01701,Grace,Wilson,customer01701@example.com,Central,2023-04-05,Small Business
C01702,Emma,Evans,customer01702@example.com,East,2022-04-15,Consumer
C01703,Henry,Smith,customer01703@example.com,South,2025-07-29,Consumer
C01704,Leo,Johnson,customer01704@example.com,East,2022-06-11,Small Business
C01705,Isla,Clark,customer01705@example.com,East,2022-12-17,Enterprise
C01706,Mia,Brown,customer01706@example.com,North,2023-03-10,Consumer
C01707,Henry,Hall,customer01707@example.com,West,2024-05-01,Enterprise
C01708,Noah,Roberts,customer01708@example.com,South,2022-05-20,Consumer
C01709,Isla,King,customer01709@example.com,West,2025-03-01,Consumer
C01710,Mia,King,customer01710@example.com,West,2022-03-28,Small Business
C01711,Liam,Wilson,customer01711@example.com,North,2022-07-02,Consumer
C01712,Daniel,Clark,customer01712@example.com,North,2023-01-03,Consumer
C01713,Olivia,Brown,customer01713@example.com,West,2022-05-09,Consumer
C01714,Daniel,Hall,customer01714@example.com,East,2025-06-23,Small Business
C01715,James,King,customer01715@example.com,North,2023-11-01,Small Business
C01716,James,Brown,customer01716@example.com,Central,2022-05-29,Consumer
C01717,Emma,Johnson,customer01717@example.com,North,2024-09-11,Consumer
C01718,Sophia,Brown,customer01718@example.com,West,2024-05-01,Consumer
C01719,Ella,Brown,customer01719@example.com,Central,2023-09-20,Consumer
C01720,James,Walker,customer01720@example.com,South,2023-03-22,Consumer
C01721,Ella,Evans,customer01721@example.com,North,2024-06-02,Small Business
C01722,Jack,King,customer01722@example.com,North,2022-10-21,Consumer
C01723,Amelia,Evans,customer01723@example.com,South,2025-03-12,Consumer
C01724,Liam,Roberts,customer01724@example.com,North,2022-09-07,Consumer
C01725,Noah,Hall,customer01725@example.com,West,2024-05-27,Consumer
C01726,Liam,Evans,customer01726@example.com,North,2024-08-05,Enterprise
C01727,Ethan,Kelly,customer01727@example.com,East,2024-09-01,Consumer
C01728,Lucas,Clark,customer01728@example.com,Central,2025-08-18,Consumer
C01729,James,Johnson,customer01729@example.com,Central,2024-11-14,Consumer
C01730,Emily,Davies,customer01730@example.com,West,2024-02-28,Consumer
C01731,Amelia,Jones,customer01731@example.com,South,2024-09-10,Consumer
C01732,Leo,Young,customer01732@example.com,West,2024-06-07,Consumer
C01733,Grace,Walker,customer01733@example.com,East,2024-06-08,Consumer
C01734,Olivia,Evans,customer01734@example.com,East,2022-03-11,Consumer
C01735,Sophia,Walker,customer01735@example.com,North,2023-09-17,Consumer
C01736,Mia,Murphy,customer01736@example.com,Central,2024-05-24,Consumer
C01737,Sophia,Thomas,customer01737@example.com,East,2025-02-09,Enterprise
C01738,Olivia,Smith,customer01738@example.com,North,2025-10-19,Consumer
C01739,Emma,Smith,customer01739@example.com,South,2025-08-19,Consumer
C01740,Mia,Taylor,customer01740@example.com,East,2023-04-16,Consumer
C01741,Grace,Brown,customer01741@example.com,Central,2022-04-01,Consumer
C01742,Amelia,Allen,customer01742@example.com,West,2023-06-14,Small Business
C01743,Jack,Walker,customer01743@example.com,West,2023-10-23,Consumer
C01744,Noah,Wilson,customer01744@example.com,North,2024-01-09,Small Business
C01745,Olivia,Taylor,customer01745@example.com,East,2023-12-27,Consumer
C01746,Ella,Hall,customer01746@example.com,East,2024-05-21,Consumer
C01747,Amelia,Taylor,customer01747@example.com,North,2022-07-11,Small Business
C01748,Emily,Brown,customer01748@example.com,South,2025-06-19,Consumer
C01749,Liam,Roberts,customer01749@example.com,West,2022-05-18,Consumer
C01750,Leo,Thomas,customer01750@example.com,North,2022-12-11,Consumer
C01751,Oscar,Lewis,customer01751@example.com,East,2025-04-18,Small Business
C01752,Mia,Johnson,customer01752@example.com,South,2024-10-05,Consumer
C01753,James,Roberts,customer01753@example.com,North,2023-05-18,Small Business
C01754,Sophia,Lewis,customer01754@example.com,South,2022-07-22,Consumer
C01755,Grace,Jones,customer01755@example.com,Central,2023-07-27,Small Business
C01756,Liam,Brown,customer01756@example.com,Central,2022-07-11,Consumer
C01757,Amelia,Davies,customer01757@example.com,Central,2022-01-05,Small Business
C01758,Isla,Jones,customer01758@example.com,East,2025-06-14,Consumer
C01759,Mia,Johnson,customer01759@example.com,North,2022-11-07,Small Business
C01760,Oscar,Kelly,customer01760@example.com,East,2023-07-03,Consumer
C01761,Grace,Murphy,customer01761@example.com,East,2022-02-25,Consumer
C01762,Ava,Clark,customer01762@example.com,Central,2023-03-19,Consumer
C01763,Noah,Brown,customer01763@example.com,North,2025-06-14,Consumer
C01764,Leo,Brown,customer01764@example.com,East,2024-05-19,Consumer
C01765,Isla,Jones,customer01765@example.com,North,2025-05-05,Enterprise
C01766,Noah,Smith,customer01766@example.com,South,2023-08-08,Enterprise
C01767,Leo,Wilson,customer01767@example.com,West,2024-01-22,Consumer
C01768,Emily,Davies,customer01768@example.com,East,2022-12-26,Enterprise
C01769,Leo,Murphy,customer01769@example.com,South,2024-03-29,Consumer
C01770,Leo,Kelly,customer01770@example.com,East,2022-01-30,Consumer
C01771,Emily,Lewis,customer01771@example.com,East,2022-04-18,Small Business
C01772,Liam,King,customer01772@example.com,West,2024-04-23,Small Business
C01773,Henry,Roberts,customer01773@example.com,Central,2023-12-18,Enterprise
C01774,Ella,Taylor,customer01774@example.com,Central,2024-06-09,Consumer
C01775,Emma,Kelly,customer01775@example.com,West,2024-08-17,Small Business
C01776,Henry,Murphy,customer01776@example.com,South,2024-06-11,Consumer
C01777,Isla,Davies,customer01777@example.com,West,2024-01-02,Consumer
C01778,Ethan,Brown,customer01778@example.com,East,2023-08-29,Consumer
C01779,Liam,Martin,customer01779@example.com,South,2023-04-02,Enterprise
C01780,Isla,Martin,customer01780@example.com,Central,2023-09-07,Small Business
C01781,Noah,Lewis,customer01781@example.com,North,2023-11-29,Small Business
C01782,Isla,Roberts,customer01782@example.com,Central,2023-11-05,Consumer
C01783,Mia,Martin,customer01783@example.com,East,2025-06-24,Consumer
C01784,Olivia,Walker,customer01784@example.com,West,2023-06-27,Consumer
C01785,Oscar,Clark,customer01785@example.com,West,2024-05-06,Consumer
C01786,Daniel,Davies,customer01786@example.com,Central,2024-06-15,Consumer
C01787,James,Brown,customer01787@example.com,West,2022-10-05,Small Business
C01788,Emma,Wilson,customer01788@example.com,West,2023-07-06,Consumer
C01789,Isla,Jones,customer01789@example.com,North,2022-04-21,Consumer
C01790,Emily,Davies,customer01790@example.com,East,2023-01-20,Consumer
C01791,Daniel,Brown,customer01791@example.com,North,2024-01-31,Consumer
C01792,Ava,Clark,customer01792@example.com,West,2025-04-29,Consumer
C01793,Jack,Allen,customer01793@example.com,East,2023-11-25,Enterprise
C01794,Ella,Walker,customer01794@example.com,West,2023-02-09,Consumer
C01795,Ava,Allen,customer01795@example.com,North,2025-09-20,Small Business
C01796,James,Lewis,customer01796@example.com,North,2025-05-17,Consumer
C01797,Noah,Davies,customer01797@example.com,West,2022-01-22,Consumer
C01798,Jack,King,customer01798@example.com,North,2023-11-09,Consumer
C01799,Emma,Martin,customer01799@example.com,North,2023-09-03,Small Business
C01800,Sophia,Kelly,customer01800@example.com,North,2025-05-16,Small Business
C01801,Lucas,King,customer01801@example.com,Central,2022-01-08,Consumer
C01802,Emma,Smith,customer01802@example.com,West,2023-12-03,Consumer
C01803,Lucas,Wilson,customer01803@example.com,South,2023-06-13,Consumer
C01804,Emma,Walker,customer01804@example.com,South,2023-08-25,Consumer
C01805,Daniel,Walker,customer01805@example.com,South,2023-10-19,Enterprise
C01806,Sophia,Brown,customer01806@example.com,West,2022-06-15,Consumer
C01807,Leo,Clark,customer01807@example.com,West,2024-04-28,Consumer
C01808,Henry,Lewis,customer01808@example.com,North,2023-05-11,Consumer
C01809,Emily,Jones,customer01809@example.com,North,2023-08-13,Consumer
C01810,Ella,Taylor,customer01810@example.com,North,2023-03-05,Consumer
C01811,Ethan,Roberts,customer01811@example.com,West,2024-02-13,Consumer
C01812,Emma,Murphy,customer01812@example.com,West,2022-06-12,Small Business
C01813,Lucas,Smith,customer01813@example.com,South,2023-01-01,Small Business
C01814,Sophia,Hall,customer01814@example.com,North,2025-06-16,Consumer
C01815,Isla,Allen,customer01815@example.com,North,2022-03-13,Small Business
C01816,Emma,Allen,customer01816@example.com,Central,2023-10-17,Consumer
C01817,Daniel,Thomas,customer01817@example.com,South,2022-09-26,Consumer
C01818,Ethan,Murphy,customer01818@example.com,West,2023-02-19,Consumer
C01819,Olivia,Hall,customer01819@example.com,West,2025-06-22,Consumer
C01820,Isla,Hall,customer01820@example.com,South,2024-10-12,Consumer
C01821,Grace,King,customer01821@example.com,South,2023-11-06,Consumer
C01822,Henry,Brown,customer01822@example.com,North,2024-12-19,Consumer
C01823,Jack,Clark,customer01823@example.com,West,2022-01-06,Enterprise
C01824,Henry,Thomas,customer01824@example.com,West,2024-09-08,Consumer
C01825,Daniel,Walker,customer01825@example.com,West,2023-07-24,Consumer
C01826,Ava,Kelly,customer01826@example.com,East,2023-02-11,Consumer
C01827,Ella,Martin,customer01827@example.com,North,2025-05-25,Consumer
C01828,Ella,Wilson,customer01828@example.com,Central,2022-01-26,Consumer
C01829,Isla,Young,customer01829@example.com,West,2024-10-25,Small Business
C01830,Leo,King,customer01830@example.com,South,2024-09-12,Consumer
C01831,Ethan,Jones,customer01831@example.com,Central,2023-01-25,Consumer
C01832,Noah,Smith,customer01832@example.com,West,2023-12-11,Consumer
C01833,Grace,Davies,customer01833@example.com,East,2023-07-25,Consumer
C01834,Noah,Hall,customer01834@example.com,West,2024-01-24,Consumer
C01835,Grace,Walker,customer01835@example.com,Central,2022-05-26,Consumer
C01836,Amelia,Walker,customer01836@example.com,West,2024-02-24,Consumer
C01837,Ava,Davies,customer01837@example.com,North,2025-06-26,Consumer
C01838,Emily,Taylor,customer01838@example.com,South,2023-06-10,Consumer
C01839,Sophia,Walker,customer01839@example.com,Central,2022-01-13,Enterprise
C01840,Daniel,Murphy,customer01840@example.com,South,2024-06-21,Consumer
C01841,Olivia,Thomas,customer01841@example.com,South,2023-01-19,Small Business
C01842,Noah,Murphy,customer01842@example.com,East,2023-07-10,Small Business
C01843,Daniel,Roberts,customer01843@example.com,East,2024-06-05,Consumer
C01844,Sophia,Jones,customer01844@example.com,West,2022-01-19,Consumer
C01845,Sophia,Hall,customer01845@example.com,Central,2023-07-29,Consumer
C01846,Jack,Thomas,customer01846@example.com,South,2024-01-21,Small Business
C01847,Amelia,Young,customer01847@example.com,North,2024-09-30,Consumer
C01848,Grace,Martin,customer01848@example.com,North,2023-02-23,Small Business
C01849,Ava,Martin,customer01849@example.com,Central,2025-09-22,Enterprise
C01850,Jack,Thomas,customer01850@example.com,West,2023-02-23,Small Business
C01851,Isla,Taylor,customer01851@example.com,South,2022-05-02,Consumer
C01852,Jack,Lewis,customer01852@example.com,Central,2023-03-08,Consumer
C01853,Emma,Lewis,customer01853@example.com,Central,2022-02-13,Small Business
C01854,Isla,Allen,customer01854@example.com,Central,2025-09-02,Consumer
C01855,Amelia,Lewis,customer01855@example.com,Central,2023-01-16,Consumer
C01856,Grace,Taylor,customer01856@example.com,South,2022-05-25,Small Business
C01857,Ethan,Walker,customer01857@example.com,West,2025-09-12,Consumer
C01858,Emma,Lewis,customer01858@example.com,East,2022-12-29,Enterprise
C01859,Noah,Murphy,customer01859@example.com,Central,2024-12-09,Small Business
C01860,Henry,Brown,customer01860@example.com,West,2024-12-24,Consumer
C01861,Isla,Walker,customer01861@example.com,West,2022-12-21,Enterprise
C01862,Leo,Smith,customer01862@example.com,West,2024-03-10,Consumer
C01863,Ava,Brown,customer01863@example.com,North,2025-04-02,Consumer
C01864,Liam,Martin,customer01864@example.com,East,2025-03-10,Consumer
C01865,James,Clark,customer01865@example.com,Central,2024-04-05,Consumer
C01866,Amelia,Jones,customer01866@example.com,Central,2025-02-25,Consumer
C01867,Jack,Young,customer01867@example.com,North,2023-02-02,Consumer
C01868,Emma,Young,customer01868@example.com,North,2024-05-29,Consumer
C01869,James,Smith,customer01869@example.com,North,2023-04-08,Consumer
C01870,Noah,Taylor,customer01870@example.com,West,2024-03-18,Small Business
C01871,Mia,King,customer01871@example.com,Central,2022-07-06,Small Business
C01872,Isla,King,customer01872@example.com,South,2024-01-02,Consumer
C01873,Isla,Johnson,customer01873@example.com,East,2025-04-28,Consumer
C01874,Henry,Hall,customer01874@example.com,Central,2023-03-05,Consumer
C01875,Oscar,Young,customer01875@example.com,West,2024-05-07,Consumer
C01876,Emma,Evans,customer01876@example.com,East,2025-07-31,Small Business
C01877,Amelia,Lewis,customer01877@example.com,West,2022-08-25,Small Business
C01878,James,Murphy,customer01878@example.com,East,2025-05-02,Consumer
C01879,Jack,Kelly,customer01879@example.com,South,2025-08-03,Consumer
C01880,Isla,Jones,customer01880@example.com,East,2024-02-10,Consumer
C01881,Isla,Thomas,customer01881@example.com,West,2024-01-28,Consumer
C01882,Jack,Lewis,customer01882@example.com,Central,2022-05-16,Consumer
C01883,Noah,Murphy,customer01883@example.com,West,2024-03-02,Enterprise
C01884,Oscar,Young,customer01884@example.com,West,2022-06-20,Small Business
C01885,James,King,customer01885@example.com,North,2022-06-08,Consumer
C01886,Leo,King,customer01886@example.com,East,2022-07-20,Consumer
C01887,Isla,Walker,customer01887@example.com,North,2024-08-19,Small Business
C01888,Henry,Kelly,customer01888@example.com,South,2023-08-06,Consumer
C01889,Daniel,Lewis,customer01889@example.com,West,2024-05-25,Consumer
C01890,Ethan,Brown,customer01890@example.com,Central,2023-01-06,Consumer
C01891,Mia,Brown,customer01891@example.com,North,2022-04-13,Small Business
C01892,Olivia,Thomas,customer01892@example.com,East,2024-09-28,Consumer
C01893,Liam,Smith,customer01893@example.com,Central,2025-02-22,Small Business
C01894,Ava,Murphy,customer01894@example.com,South,2025-08-29,Small Business
C01895,Ella,Kelly,customer01895@example.com,East,2024-09-02,Small Business
C01896,Leo,Johnson,customer01896@example.com,West,2024-03-08,Small Business
C01897,Henry,Young,customer01897@example.com,West,2025-06-07,Consumer
C01898,Emily,Hall,customer01898@example.com,North,2023-10-20,Consumer
C01899,Olivia,Kelly,customer01899@example.com,South,2024-05-31,Small Business
C01900,Ethan,Brown,customer01900@example.com,West,2025-05-05,Small Business
C01901,Ethan,Jones,customer01901@example.com,East,2024-01-03,Consumer
C01902,Jack,Davies,customer01902@example.com,North,2023-02-27,Consumer
C01903,Lucas,Walker,customer01903@example.com,West,2023-07-26,Small Business
C01904,Amelia,Wilson,customer01904@example.com,North,2022-06-20,Small Business
C01905,Sophia,Clark,customer01905@example.com,West,2022-06-22,Consumer
C01906,Ella,Brown,customer01906@example.com,South,2023-10-25,Consumer
C01907,Lucas,Roberts,customer01907@example.com,Central,2023-03-29,Consumer
C01908,Olivia,King,customer01908@example.com,South,2022-12-16,Consumer
C01909,James,Evans,customer01909@example.com,South,2023-05-09,Consumer
C01910,Noah,Evans,customer01910@example.com,North,2023-09-12,Consumer
C01911,Jack,Brown,customer01911@example.com,South,2024-10-24,Consumer
C01912,Ava,Martin,customer01912@example.com,Central,2025-01-21,Consumer
C01913,Jack,Evans,customer01913@example.com,Central,2024-07-07,Small Business
C01914,Noah,Lewis,customer01914@example.com,South,2022-01-06,Small Business
C01915,Daniel,Evans,customer01915@example.com,East,2022-10-15,Consumer
C01916,Isla,Murphy,customer01916@example.com,West,2025-03-15,Consumer
C01917,Noah,Brown,customer01917@example.com,Central,2023-08-31,Small Business
C01918,Emily,Clark,customer01918@example.com,West,2023-04-02,Consumer
C01919,Emily,Jones,customer01919@example.com,East,2025-05-10,Enterprise
C01920,Sophia,Allen,customer01920@example.com,East,2025-05-20,Small Business
C01921,Sophia,Brown,customer01921@example.com,West,2024-10-26,Consumer
C01922,Ava,Lewis,customer01922@example.com,North,2023-09-16,Enterprise
C01923,Ava,Lewis,customer01923@example.com,West,2023-01-11,Consumer
C01924,Isla,Allen,customer01924@example.com,South,2023-03-23,Consumer
C01925,Leo,Hall,customer01925@example.com,West,2024-04-14,Consumer
C01926,Mia,Wilson,customer01926@example.com,North,2025-02-03,Consumer
C01927,Olivia,Walker,customer01927@example.com,East,2024-03-21,Enterprise
C01928,Lucas,Smith,customer01928@example.com,East,2025-01-24,Consumer
C01929,James,Hall,customer01929@example.com,West,2024-08-16,Consumer
C01930,Mia,Jones,customer01930@example.com,North,2024-04-28,Consumer
C01931,Ella,Young,customer01931@example.com,East,2024-03-19,Small Business
C01932,Liam,Clark,customer01932@example.com,East,2024-09-05,Consumer
C01933,Isla,Allen,customer01933@example.com,East,2023-02-20,Consumer
C01934,Emily,Walker,customer01934@example.com,West,2023-12-27,Small Business
C01935,Oscar,Hall,customer01935@example.com,West,2023-03-30,Consumer
C01936,Isla,Davies,customer01936@example.com,Central,2025-08-07,Small Business
C01937,Jack,Allen,customer01937@example.com,South,2025-05-01,Consumer
C01938,Emily,Davies,customer01938@example.com,Central,2022-05-30,Small Business
C01939,James,Wilson,customer01939@example.com,East,2024-01-29,Small Business
C01940,Amelia,Brown,customer01940@example.com,North,2024-02-18,Consumer
C01941,Noah,Martin,customer01941@example.com,North,2024-08-30,Consumer
C01942,Noah,King,customer01942@example.com,South,2024-02-02,Small Business
C01943,Sophia,King,customer01943@example.com,West,2024-09-28,Consumer
C01944,Henry,Murphy,customer01944@example.com,West,2025-09-01,Enterprise
C01945,Ella,Hall,customer01945@example.com,West,2022-03-17,Consumer
C01946,Leo,Martin,customer01946@example.com,East,2023-08-22,Consumer
C01947,Grace,Clark,customer01947@example.com,East,2025-07-17,Consumer
C01948,Grace,King,customer01948@example.com,North,2022-08-13,Enterprise
C01949,Oscar,Thomas,customer01949@example.com,South,2022-04-23,Consumer
C01950,Noah,Roberts,customer01950@example.com,East,2022-09-08,Small Business
C01951,James,Martin,customer01951@example.com,North,2025-06-10,Small Business
C01952,Daniel,Murphy,customer01952@example.com,South,2024-04-20,Consumer
C01953,Noah,Johnson,customer01953@example.com,West,2023-12-15,Consumer
C01954,Jack,Lewis,customer01954@example.com,West,2025-01-11,Small Business
C01955,Jack,Wilson,customer01955@example.com,Central,2022-05-05,Consumer
C01956,Leo,Wilson,customer01956@example.com,Central,2025-04-13,Small Business
C01957,Isla,Clark,customer01957@example.com,West,2024-12-28,Consumer
C01958,James,King,customer01958@example.com,East,2024-12-06,Consumer
C01959,Emily,Hall,customer01959@example.com,West,2024-06-02,Small Business
C01960,Oscar,Johnson,customer01960@example.com,West,2025-07-03,Consumer
C01961,Ava,Young,customer01961@example.com,North,2022-01-30,Consumer
C01962,James,Murphy,customer01962@example.com,East,2022-10-08,Consumer
C01963,Grace,Young,customer01963@example.com,Central,2024-07-12,Consumer
C01964,Leo,Evans,customer01964@example.com,South,2025-06-14,Consumer
C01965,Emma,Evans,customer01965@example.com,East,2025-06-25,Small Business
C01966,Olivia,Evans,customer01966@example.com,East,2023-01-03,Consumer
C01967,Leo,King,customer01967@example.com,North,2023-05-10,Consumer
C01968,James,Johnson,customer01968@example.com,South,2024-11-14,Small Business
C01969,Sophia,Kelly,customer01969@example.com,South,2023-12-19,Consumer
C01970,Ava,Wilson,customer01970@example.com,North,2024-10-13,Consumer
C01971,Ava,Davies,customer01971@example.com,North,2025-08-30,Enterprise
C01972,Daniel,Hall,customer01972@example.com,Central,2023-08-29,Small Business
C01973,Mia,Young,customer01973@example.com,South,2023-01-10,Consumer
C01974,Isla,Murphy,customer01974@example.com,East,2023-10-01,Consumer
C01975,Leo,Brown,customer01975@example.com,South,2024-11-14,Consumer
C01976,Sophia,Kelly,customer01976@example.com,Central,2025-09-19,Consumer
C01977,Noah,Young,customer01977@example.com,South,2025-10-10,Consumer
C01978,Ethan,Walker,customer01978@example.com,East,2022-04-26,Consumer
C01979,Lucas,Allen,customer01979@example.com,Central,2022-02-17,Consumer
C01980,Emily,Allen,customer01980@example.com,Central,2022-04-09,Consumer
C01981,Ethan,Clark,customer01981@example.com,North,2023-02-09,Consumer
C01982,James,Young,customer01982@example.com,Central,2025-05-22,Enterprise
C01983,Sophia,Johnson,customer01983@example.com,East,2023-11-16,Consumer
C01984,Amelia,Clark,customer01984@example.com,East,2024-06-21,Consumer
C01985,Emily,Smith,customer01985@example.com,North,2023-05-18,Consumer
C01986,Noah,Hall,customer01986@example.com,North,2024-06-12,Consumer
C01987,Leo,Brown,customer01987@example.com,West,2022-09-15,Small Business
C01988,Ava,Smith,customer01988@example.com,East,2024-04-23,Consumer
C01989,Oscar,Martin,customer01989@example.com,East,2022-05-01,Consumer
C01990,Oscar,Wilson,customer01990@example.com,West,2024-03-20,Consumer
C01991,James,Jones,customer01991@example.com,West,2024-09-04,Small Business
C01992,Ava,Jones,customer01992@example.com,North,2022-02-23,Consumer
C01993,Amelia,Evans,customer01993@example.com,West,2024-10-15,Consumer
C01994,Amelia,Roberts,customer01994@example.com,North,2025-09-16,Consumer
C01995,Daniel,Davies,customer01995@example.com,West,2024-02-23,Consumer
C01996,Oscar,Johnson,customer01996@example.com,West,2022-08-29,Consumer
C01997,Emma,Roberts,customer01997@example.com,Central,2023-04-28,Consumer
C01998,Liam,Wilson,customer01998@example.com,North,2024-10-09,Small Business
C01999,Noah,Jones,customer01999@example.com,North,2022-07-06,Small Business
C02000,Emma,Johnson,customer02000@example.com,South,2023-10-18,Consumer
C02001,Oscar,Evans,customer02001@example.com,South,2022-09-19,Consumer
C02002,Ethan,Young,customer02002@example.com,South,2024-08-10,Consumer
C02003,Lucas,Jones,customer02003@example.com,Central,2025-10-19,Enterprise
C02004,Oscar,Kelly,customer02004@example.com,South,2023-05-06,Consumer
C02005,Grace,Lewis,customer02005@example.com,South,2023-03-07,Small Business
C02006,Amelia,Brown,customer02006@example.com,West,2022-08-27,Consumer
C02007,Liam,King,customer02007@example.com,East,2022-10-31,Consumer
C02008,Ella,Young,customer02008@example.com,West,2022-10-25,Consumer
C02009,Emily,Thomas,customer02009@example.com,North,2022-03-17,Consumer
C02010,Sophia,Young,customer02010@example.com,East,2025-09-18,Enterprise
C02011,Sophia,Martin,customer02011@example.com,North,2024-09-25,Enterprise
C02012,Ella,Thomas,customer02012@example.com,North,2023-10-04,Consumer
C02013,Mia,Hall,customer02013@example.com,Central,2024-04-06,Consumer
C02014,Henry,Johnson,customer02014@example.com,North,2022-10-10,Enterprise
C02015,Sophia,Jones,customer02015@example.com,East,2023-08-14,Small Business
C02016,Jack,Martin,customer02016@example.com,East,2022-03-13,Consumer
C02017,Noah,Martin,customer02017@example.com,South,2025-07-10,Consumer
C02018,Emma,Clark,customer02018@example.com,Central,2023-12-04,Consumer
C02019,Ava,Murphy,customer02019@example.com,North,2023-07-29,Consumer
C02020,Jack,Young,customer02020@example.com,West,2024-09-26,Consumer
C02021,Grace,Jones,customer02021@example.com,Central,2024-06-10,Consumer
C02022,Ella,Smith,customer02022@example.com,East,2022-01-12,Consumer
C02023,Jack,Roberts,customer02023@example.com,Central,2022-05-21,Consumer
C02024,Lucas,Evans,customer02024@example.com,North,2022-01-17,Consumer
C02025,Daniel,King,customer02025@example.com,East,2024-12-22,Small Business
C02026,Amelia,Lewis,customer02026@example.com,South,2022-09-10,Small Business
C02027,James,Thomas,customer02027@example.com,West,2023-04-10,Consumer
C02028,Daniel,Kelly,customer02028@example.com,Central,2023-01-11,Enterprise
C02029,Daniel,Allen,customer02029@example.com,South,2024-09-07,Small Business
C02030,Isla,Young,customer02030@example.com,West,2023-06-04,Consumer
C02031,Henry,King,customer02031@example.com,North,2022-03-31,Consumer
C02032,James,Evans,customer02032@example.com,East,2023-12-21,Small Business
C02033,Isla,Evans,customer02033@example.com,East,2024-03-14,Small Business
C02034,Leo,Johnson,customer02034@example.com,Central,2024-03-06,Enterprise
C02035,Emily,Lewis,customer02035@example.com,West,2023-09-22,Small Business
C02036,Olivia,Davies,customer02036@example.com,South,2025-04-13,Consumer
C02037,Daniel,Taylor,customer02037@example.com,North,2022-03-17,Consumer
C02038,Mia,Davies,customer02038@example.com,North,2024-07-14,Consumer
C02039,Jack,Davies,customer02039@example.com,South,2023-02-04,Consumer
C02040,Olivia,Hall,customer02040@example.com,South,2024-08-27,Consumer
C02041,Ethan,Brown,customer02041@example.com,Central,2024-12-30,Consumer
C02042,Jack,Martin,customer02042@example.com,East,2025-04-18,Consumer
C02043,Mia,Jones,customer02043@example.com,East,2025-02-21,Small Business
C02044,James,Clark,customer02044@example.com,North,2025-08-09,Consumer
C02045,Olivia,Roberts,customer02045@example.com,Central,2024-03-07,Consumer
C02046,Emma,Young,customer02046@example.com,West,2022-07-14,Consumer
C02047,Sophia,Roberts,customer02047@example.com,North,2022-08-16,Consumer
C02048,Henry,Wilson,customer02048@example.com,West,2023-04-06,Small Business
C02049,Amelia,Davies,customer02049@example.com,East,2023-09-10,Small Business
C02050,Grace,Allen,customer02050@example.com,North,2024-11-10,Enterprise
C02051,Mia,Roberts,customer02051@example.com,East,2022-03-05,Consumer
C02052,Ava,Smith,customer02052@example.com,East,2022-06-14,Consumer
C02053,Daniel,Murphy,customer02053@example.com,North,2022-01-27,Consumer
C02054,Oscar,Lewis,customer02054@example.com,Central,2025-08-27,Consumer
C02055,Daniel,Wilson,customer02055@example.com,Central,2024-10-08,Small Business
C02056,Lucas,Jones,customer02056@example.com,West,2022-10-12,Small Business
C02057,Ava,Wilson,customer02057@example.com,East,2022-10-08,Small Business
C02058,Ella,Murphy,customer02058@example.com,East,2024-04-17,Consumer
C02059,Leo,King,customer02059@example.com,West,2024-04-10,Small Business
C02060,Jack,Jones,customer02060@example.com,East,2025-04-02,Consumer
C02061,Ella,King,customer02061@example.com,North,2024-07-06,Small Business
C02062,Sophia,Johnson,customer02062@example.com,East,2022-08-12,Consumer
C02063,Ella,Walker,customer02063@example.com,Central,2024-02-23,Consumer
C02064,Liam,Allen,customer02064@example.com,East,2025-03-15,Consumer
C02065,Noah,Young,customer02065@example.com,North,2024-08-22,Enterprise
C02066,Henry,Kelly,customer02066@example.com,West,2024-08-07,Consumer
C02067,Leo,Taylor,customer02067@example.com,South,2024-11-19,Consumer
C02068,Jack,Murphy,customer02068@example.com,South,2022-02-14,Small Business
C02069,Mia,Hall,customer02069@example.com,North,2023-04-16,Consumer
C02070,Lucas,Thomas,customer02070@example.com,South,2022-02-03,Consumer
C02071,Oscar,Davies,customer02071@example.com,West,2023-10-15,Consumer
C02072,Isla,Hall,customer02072@example.com,East,2024-04-09,Consumer
C02073,Emma,Taylor,customer02073@example.com,South,2022-08-09,Small Business
C02074,Emma,Hall,customer02074@example.com,Central,2023-06-18,Small Business
C02075,Sophia,Davies,customer02075@example.com,Central,2023-11-23,Consumer
C02076,Ella,Clark,customer02076@example.com,Central,2025-10-22,Enterprise
C02077,Amelia,Young,customer02077@example.com,South,2024-07-20,Consumer
C02078,Ella,Young,customer02078@example.com,East,2024-04-20,Consumer
C02079,Sophia,Martin,customer02079@example.com,Central,2024-10-07,Consumer
C02080,Emily,Taylor,customer02080@example.com,West,2023-08-05,Consumer
C02081,Liam,Kelly,customer02081@example.com,North,2025-02-13,Consumer
C02082,Olivia,Thomas,customer02082@example.com,North,2022-08-27,Enterprise
C02083,Grace,Evans,customer02083@example.com,East,2025-09-20,Small Business
C02084,James,Murphy,customer02084@example.com,Central,2023-03-17,Consumer
C02085,Ethan,Murphy,customer02085@example.com,East,2022-05-28,Consumer
C02086,Isla,Kelly,customer02086@example.com,East,2024-10-29,Small Business
C02087,Henry,Johnson,customer02087@example.com,North,2025-08-04,Enterprise
C02088,Isla,Evans,customer02088@example.com,West,2023-01-23,Small Business
C02089,Emma,King,customer02089@example.com,Central,2024-12-09,Consumer
C02090,Henry,Hall,customer02090@example.com,South,2024-07-04,Small Business
C02091,Emma,Walker,customer02091@example.com,West,2023-09-30,Consumer
C02092,Oscar,Young,customer02092@example.com,Central,2022-10-05,Consumer
C02093,Emily,Smith,customer02093@example.com,South,2024-09-15,Consumer
C02094,Lucas,Brown,customer02094@example.com,East,2025-08-16,Consumer
C02095,Isla,Kelly,customer02095@example.com,South,2023-08-12,Consumer
C02096,Emily,Lewis,customer02096@example.com,West,2023-10-11,Consumer
C02097,Sophia,Thomas,customer02097@example.com,East,2023-09-10,Consumer
C02098,Noah,King,customer02098@example.com,West,2022-05-15,Small Business
C02099,Henry,King,customer02099@example.com,West,2023-08-03,Consumer
C02100,Leo,Thomas,customer02100@example.com,East,2025-03-16,Consumer
C02101,Jack,Jones,customer02101@example.com,Central,2023-05-05,Consumer
C02102,Emily,Murphy,customer02102@example.com,East,2023-04-23,Enterprise
C02103,Ethan,Martin,customer02103@example.com,North,2025-03-28,Consumer
C02104,Amelia,Brown,customer02104@example.com,West,2023-01-19,Consumer
C02105,Amelia,Martin,customer02105@example.com,West,2022-06-12,Consumer
C02106,Olivia,Roberts,customer02106@example.com,South,2023-03-17,Small Business
C02107,James,Young,customer02107@example.com,Central,2025-04-27,Enterprise
C02108,Olivia,Johnson,customer02108@example.com,Central,2023-02-19,Consumer
C02109,Henry,Smith,customer02109@example.com,South,2025-09-24,Consumer
C02110,Isla,Hall,customer02110@example.com,Central,2025-04-19,Small Business
C02111,Daniel,Kelly,customer02111@example.com,North,2022-10-15,Consumer
C02112,Emily,Hall,customer02112@example.com,South,2022-07-06,Consumer
C02113,Isla,Hall,customer02113@example.com,North,2025-03-07,Consumer
C02114,James,Lewis,customer02114@example.com,Central,2022-05-10,Consumer
C02115,Lucas,Walker,customer02115@example.com,West,2022-07-13,Consumer
C02116,Amelia,Jones,customer02116@example.com,North,2022-11-12,Consumer
C02117,Leo,Johnson,customer02117@example.com,East,2022-05-24,Small Business
C02118,Henry,Evans,customer02118@example.com,West,2022-01-16,Enterprise
C02119,Leo,Murphy,customer02119@example.com,North,2025-08-18,Consumer
C02120,Emma,Hall,customer02120@example.com,Central,2023-02-27,Small Business
C02121,Emma,Taylor,customer02121@example.com,Central,2022-09-02,Consumer
C02122,Emma,Brown,customer02122@example.com,East,2024-07-15,Consumer
C02123,James,Davies,customer02123@example.com,Central,2025-02-04,Consumer
C02124,Daniel,Young,customer02124@example.com,East,2025-01-16,Enterprise
C02125,Ella,Young,customer02125@example.com,Central,2022-05-09,Small Business
C02126,Leo,Smith,customer02126@example.com,West,2024-06-25,Small Business
C02127,Jack,Taylor,customer02127@example.com,West,2024-06-05,Small Business
C02128,James,Evans,customer02128@example.com,North,2022-12-07,Consumer
C02129,Amelia,Evans,customer02129@example.com,Central,2022-01-04,Enterprise
C02130,Leo,Clark,customer02130@example.com,East,2025-09-12,Small Business
C02131,James,Brown,customer02131@example.com,North,2022-11-02,Enterprise
C02132,Daniel,Evans,customer02132@example.com,North,2024-06-26,Consumer
C02133,Amelia,Young,customer02133@example.com,East,2023-08-30,Consumer
C02134,Daniel,Clark,customer02134@example.com,East,2025-06-02,Consumer
C02135,Ava,Taylor,customer02135@example.com,West,2025-10-03,Consumer
C02136,Henry,Wilson,customer02136@example.com,Central,2024-09-18,Consumer
C02137,Amelia,Smith,customer02137@example.com,North,2022-11-17,Consumer
C02138,Sophia,Lewis,customer02138@example.com,West,2023-07-13,Consumer
C02139,Oscar,Murphy,customer02139@example.com,North,2025-04-19,Consumer
C02140,Daniel,Jones,customer02140@example.com,Central,2023-09-10,Consumer
C02141,Leo,Taylor,customer02141@example.com,Central,2023-12-12,Consumer
C02142,Leo,Taylor,customer02142@example.com,East,2025-02-05,Enterprise
C02143,Emily,Jones,customer02143@example.com,West,2023-06-15,Consumer
C02144,Ella,Davies,customer02144@example.com,South,2023-02-14,Consumer
C02145,Oscar,Roberts,customer02145@example.com,East,2025-08-12,Small Business
C02146,Sophia,Young,customer02146@example.com,Central,2024-03-28,Consumer
C02147,Ella,Taylor,customer02147@example.com,East,2025-04-09,Consumer
C02148,Liam,Allen,customer02148@example.com,South,2025-09-16,Consumer
C02149,Isla,Thomas,customer02149@example.com,East,2023-05-08,Consumer
C02150,Daniel,Roberts,customer02150@example.com,Central,2025-05-03,Enterprise
C02151,Olivia,Clark,customer02151@example.com,South,2022-01-12,Consumer
C02152,Grace,Martin,customer02152@example.com,North,2022-07-14,Consumer
C02153,Oscar,Lewis,customer02153@example.com,West,2023-05-05,Consumer
C02154,Sophia,Martin,customer02154@example.com,Central,2024-03-05,Consumer
C02155,Liam,Clark,customer02155@example.com,North,2024-05-30,Small Business
C02156,Amelia,Murphy,customer02156@example.com,South,2022-07-01,Consumer
C02157,Ella,Smith,customer02157@example.com,North,2024-08-19,Consumer
C02158,Ethan,Martin,customer02158@example.com,South,2023-10-18,Consumer
C02159,Oscar,Brown,customer02159@example.com,East,2025-09-01,Consumer
C02160,Oscar,Young,customer02160@example.com,West,2023-11-25,Consumer
C02161,Mia,Smith,customer02161@example.com,West,2022-01-30,Small Business
C02162,Emma,King,customer02162@example.com,West,2025-01-24,Small Business
C02163,Oscar,Taylor,customer02163@example.com,South,2024-02-17,Small Business
C02164,Ella,Allen,customer02164@example.com,Central,2023-03-20,Small Business
C02165,Ava,Jones,customer02165@example.com,East,2022-10-25,Small Business
C02166,Leo,Taylor,customer02166@example.com,Central,2024-03-18,Consumer
C02167,Amelia,Kelly,customer02167@example.com,West,2024-04-24,Small Business
C02168,Henry,Hall,customer02168@example.com,North,2024-10-12,Small Business
C02169,James,Brown,customer02169@example.com,West,2025-10-16,Small Business
C02170,Mia,Johnson,customer02170@example.com,South,2025-10-29,Consumer
C02171,Emma,Johnson,customer02171@example.com,West,2023-07-08,Consumer
C02172,Oscar,King,customer02172@example.com,North,2022-10-30,Small Business
C02173,Olivia,Taylor,customer02173@example.com,North,2023-02-25,Small Business
C02174,Lucas,Johnson,customer02174@example.com,Central,2025-06-23,Enterprise
C02175,Liam,Lewis,customer02175@example.com,South,2025-06-14,Consumer
C02176,Jack,Martin,customer02176@example.com,Central,2022-07-04,Consumer
C02177,Daniel,Martin,customer02177@example.com,South,2023-04-13,Consumer
C02178,Grace,Smith,customer02178@example.com,West,2024-01-24,Small Business
C02179,James,Walker,customer02179@example.com,West,2022-12-29,Consumer
C02180,Grace,Davies,customer02180@example.com,East,2025-07-30,Consumer
C02181,Lucas,Young,customer02181@example.com,South,2022-12-02,Enterprise
C02182,Grace,Thomas,customer02182@example.com,South,2022-06-11,Consumer
C02183,Leo,Wilson,customer02183@example.com,North,2025-03-29,Small Business
C02184,Amelia,Martin,customer02184@example.com,South,2025-09-07,Consumer
C02185,Ella,Young,customer02185@example.com,West,2022-01-12,Small Business
C02186,Emma,Johnson,customer02186@example.com,Central,2025-01-01,Consumer
C02187,James,Wilson,customer02187@example.com,Central,2023-08-11,Small Business
C02188,Leo,Johnson,customer02188@example.com,West,2022-07-20,Enterprise
C02189,Lucas,Kelly,customer02189@example.com,West,2023-06-06,Consumer
C02190,Emily,Smith,customer02190@example.com,West,2023-05-20,Consumer
C02191,Daniel,Young,customer02191@example.com,South,2024-02-27,Consumer
C02192,Ella,Young,customer02192@example.com,Central,2024-11-28,Small Business
C02193,Leo,Wilson,customer02193@example.com,West,2022-03-01,Small Business
C02194,Henry,Brown,customer02194@example.com,East,2023-08-01,Consumer
C02195,Daniel,Jones,customer02195@example.com,North,2022-11-17,Consumer
C02196,Ava,Smith,customer02196@example.com,East,2024-07-11,Consumer
C02197,Jack,Allen,customer02197@example.com,East,2023-07-23,Small Business
C02198,Emily,King,customer02198@example.com,Central,2025-01-06,Enterprise
C02199,Daniel,Martin,customer02199@example.com,East,2025-05-02,Consumer
C02200,Emily,Young,customer02200@example.com,South,2025-08-01,Consumer
C02201,Isla,Young,customer02201@example.com,Central,2023-06-11,Consumer
C02202,Ethan,Taylor,customer02202@example.com,North,2023-06-08,Consumer
C02203,Amelia,Johnson,customer02203@example.com,East,2023-09-05,Consumer
C02204,Ella,Evans,customer02204@example.com,North,2025-03-25,Consumer
C02205,Lucas,Kelly,customer02205@example.com,West,2025-09-25,Consumer
C02206,Mia,Evans,customer02206@example.com,Central,2022-05-05,Consumer
C02207,Ethan,Clark,customer02207@example.com,South,2024-05-20,Consumer
C02208,Emily,Hall,customer02208@example.com,Central,2022-10-07,Consumer
C02209,Sophia,Wilson,customer02209@example.com,South,2024-07-05,Consumer
C02210,Mia,Davies,customer02210@example.com,Central,2023-09-14,Small Business
C02211,Sophia,Davies,customer02211@example.com,West,2024-04-25,Small Business
C02212,Sophia,Thomas,customer02212@example.com,Central,2023-11-05,Consumer
C02213,Lucas,King,customer02213@example.com,North,2025-02-25,Consumer
C02214,Ella,Roberts,customer02214@example.com,Central,2022-11-10,Small Business
C02215,Daniel,Evans,customer02215@example.com,West,2022-11-28,Enterprise
C02216,Ella,Brown,customer02216@example.com,South,2025-03-19,Consumer
C02217,Isla,Davies,customer02217@example.com,Central,2022-02-05,Consumer
C02218,Emily,Allen,customer02218@example.com,South,2024-11-11,Consumer
C02219,Ethan,Jones,customer02219@example.com,Central,2022-07-25,Consumer
C02220,Sophia,Young,customer02220@example.com,North,2023-10-01,Consumer
C02221,Olivia,Lewis,customer02221@example.com,West,2024-04-27,Consumer
C02222,Oscar,Young,customer02222@example.com,East,2025-10-11,Small Business
C02223,Emily,Taylor,customer02223@example.com,North,2023-03-16,Consumer
C02224,Henry,Johnson,customer02224@example.com,South,2023-12-30,Consumer
C02225,Henry,Taylor,customer02225@example.com,North,2025-01-24,Consumer
C02226,Isla,Roberts,customer02226@example.com,East,2024-07-29,Consumer
C02227,James,Brown,customer02227@example.com,South,2022-06-13,Consumer
C02228,Sophia,Evans,customer02228@example.com,West,2022-05-28,Consumer
C02229,Emma,Allen,customer02229@example.com,South,2022-10-21,Small Business
C02230,Sophia,Walker,customer02230@example.com,South,2022-07-14,Consumer
C02231,Noah,Murphy,customer02231@example.com,West,2023-10-25,Small Business
C02232,Isla,Kelly,customer02232@example.com,North,2023-04-25,Enterprise
C02233,Jack,Wilson,customer02233@example.com,Central,2022-05-03,Consumer
C02234,Ethan,Thomas,customer02234@example.com,Central,2023-11-30,Consumer
C02235,Ella,Brown,customer02235@example.com,West,2024-08-22,Consumer
C02236,Lucas,Johnson,customer02236@example.com,West,2023-10-23,Small Business
C02237,Lucas,King,customer02237@example.com,Central,2025-02-01,Enterprise
C02238,Emily,Taylor,customer02238@example.com,North,2023-12-11,Small Business
C02239,Ethan,Evans,customer02239@example.com,North,2023-01-31,Consumer
C02240,Emily,Murphy,customer02240@example.com,South,2024-06-30,Small Business
C02241,Ethan,Walker,customer02241@example.com,West,2025-09-22,Consumer
C02242,James,Lewis,customer02242@example.com,North,2024-10-01,Consumer
C02243,Olivia,Murphy,customer02243@example.com,East,2025-03-11,Consumer
C02244,Amelia,King,customer02244@example.com,Central,2022-11-13,Consumer
C02245,Oscar,Johnson,customer02245@example.com,Central,2023-11-12,Small Business
C02246,Mia,Allen,customer02246@example.com,East,2025-08-26,Consumer
C02247,Mia,Wilson,customer02247@example.com,North,2023-05-10,Consumer
C02248,Emma,Allen,customer02248@example.com,Central,2023-07-10,Consumer
C02249,Leo,Allen,customer02249@example.com,West,2023-09-02,Small Business
C02250,Mia,Kelly,customer02250@example.com,North,2022-04-19,Small Business
C02251,Mia,Murphy,customer02251@example.com,North,2023-01-07,Consumer
C02252,Emma,Clark,customer02252@example.com,Central,2024-05-04,Consumer
C02253,Olivia,Davies,customer02253@example.com,West,2023-09-08,Consumer
C02254,Grace,Smith,customer02254@example.com,Central,2024-02-07,Enterprise
C02255,Daniel,Murphy,customer02255@example.com,Central,2022-07-25,Consumer
C02256,Ella,Thomas,customer02256@example.com,East,2024-04-26,Consumer
C02257,Olivia,Thomas,customer02257@example.com,East,2022-02-12,Consumer
C02258,James,Clark,customer02258@example.com,East,2024-05-14,Consumer
C02259,Liam,Roberts,customer02259@example.com,South,2025-06-22,Small Business
C02260,Emily,Kelly,customer02260@example.com,East,2025-08-03,Consumer
C02261,Ava,Wilson,customer02261@example.com,West,2025-10-10,Consumer
C02262,Grace,Murphy,customer02262@example.com,West,2024-02-24,Consumer
C02263,Ella,Walker,customer02263@example.com,Central,2023-04-21,Consumer
C02264,Ella,Lewis,customer02264@example.com,East,2022-03-24,Enterprise
C02265,Lucas,Lewis,customer02265@example.com,West,2025-02-07,Consumer
C02266,Sophia,Kelly,customer02266@example.com,West,2022-07-09,Small Business
C02267,Daniel,Johnson,customer02267@example.com,West,2024-03-10,Small Business
C02268,Sophia,Walker,customer02268@example.com,West,2024-07-24,Consumer
C02269,Emma,Young,customer02269@example.com,South,2022-09-08,Consumer
C02270,Noah,Brown,customer02270@example.com,East,2022-10-18,Consumer
C02271,Oscar,Davies,customer02271@example.com,North,2025-05-09,Small Business
C02272,Mia,King,customer02272@example.com,South,2022-11-22,Consumer
C02273,Emily,Taylor,customer02273@example.com,East,2024-04-16,Consumer
C02274,Emma,Roberts,customer02274@example.com,West,2023-05-23,Consumer
C02275,Ava,Wilson,customer02275@example.com,Central,2024-01-01,Small Business
C02276,Grace,Young,customer02276@example.com,West,2022-03-13,Consumer
C02277,Ava,Evans,customer02277@example.com,West,2025-06-24,Consumer
C02278,Emma,Roberts,customer02278@example.com,East,2023-10-03,Consumer
C02279,Henry,Taylor,customer02279@example.com,West,2024-07-28,Consumer
C02280,Ella,Taylor,customer02280@example.com,North,2023-08-31,Small Business
C02281,Ava,Smith,customer02281@example.com,South,2023-07-20,Consumer
C02282,Sophia,Hall,customer02282@example.com,South,2025-09-29,Small Business
C02283,Emma,Smith,customer02283@example.com,East,2022-02-23,Small Business
C02284,Liam,Allen,customer02284@example.com,North,2023-06-12,Consumer
C02285,Sophia,Allen,customer02285@example.com,North,2023-09-03,Small Business
C02286,Oscar,Martin,customer02286@example.com,South,2022-07-12,Consumer
C02287,Amelia,Allen,customer02287@example.com,Central,2022-02-27,Consumer
C02288,Olivia,Evans,customer02288@example.com,South,2025-02-08,Small Business
C02289,Daniel,Jones,customer02289@example.com,East,2022-05-09,Consumer
C02290,Sophia,Young,customer02290@example.com,North,2023-12-07,Consumer
C02291,Jack,Roberts,customer02291@example.com,West,2024-05-01,Consumer
C02292,Emily,Young,customer02292@example.com,South,2025-09-11,Small Business
C02293,Leo,Young,customer02293@example.com,South,2022-01-08,Consumer
C02294,Ella,Walker,customer02294@example.com,East,2022-01-29,Consumer
C02295,James,Wilson,customer02295@example.com,North,2025-02-09,Consumer
C02296,Leo,Kelly,customer02296@example.com,North,2024-08-04,Small Business
C02297,Jack,Martin,customer02297@example.com,South,2022-05-11,Small Business
C02298,Ethan,Thomas,customer02298@example.com,North,2022-07-07,Consumer
C02299,Lucas,Allen,customer02299@example.com,North,2023-12-10,Small Business
C02300,Olivia,Johnson,customer02300@example.com,South,2025-10-19,Consumer
C02301,Daniel,Wilson,customer02301@example.com,Central,2025-05-12,Consumer
C02302,Ava,Lewis,customer02302@example.com,East,2022-07-31,Small Business
C02303,Jack,Hall,customer02303@example.com,East,2022-10-03,Small Business
C02304,Ethan,Hall,customer02304@example.com,South,2025-01-01,Small Business
C02305,Ava,Taylor,customer02305@example.com,Central,2022-08-31,Small Business
C02306,Liam,Martin,customer02306@example.com,East,2025-01-30,Consumer
C02307,Daniel,Kelly,customer02307@example.com,North,2024-09-13,Small Business
C02308,Sophia,Hall,customer02308@example.com,West,2023-11-16,Consumer
C02309,Oscar,Smith,customer02309@example.com,North,2022-06-20,Consumer
C02310,Lucas,Thomas,customer02310@example.com,South,2023-10-15,Consumer
C02311,Ava,King,customer02311@example.com,East,2022-07-07,Consumer
C02312,Amelia,Davies,customer02312@example.com,Central,2025-01-14,Consumer
C02313,Henry,Hall,customer02313@example.com,East,2022-02-21,Consumer
C02314,Grace,Wilson,customer02314@example.com,West,2022-04-21,Consumer
C02315,Leo,Lewis,customer02315@example.com,Central,2024-05-26,Consumer
C02316,Daniel,Davies,customer02316@example.com,North,2024-12-02,Consumer
C02317,Noah,Davies,customer02317@example.com,South,2022-07-30,Consumer
C02318,Henry,Allen,customer02318@example.com,East,2025-05-08,Consumer
C02319,Olivia,Allen,customer02319@example.com,East,2024-05-07,Small Business
C02320,Ava,Wilson,customer02320@example.com,East,2023-09-19,Small Business
C02321,James,Walker,customer02321@example.com,Central,2024-11-15,Small Business
C02322,Ella,Kelly,customer02322@example.com,West,2022-10-26,Consumer
C02323,Daniel,Jones,customer02323@example.com,West,2025-01-05,Small Business
C02324,Mia,Thomas,customer02324@example.com,South,2024-07-12,Consumer
C02325,Liam,Walker,customer02325@example.com,Central,2022-05-17,Consumer
C02326,Ethan,Thomas,customer02326@example.com,Central,2024-11-09,Consumer
C02327,Henry,Taylor,customer02327@example.com,Central,2023-03-16,Small Business
C02328,Mia,Roberts,customer02328@example.com,North,2022-07-30,Consumer
C02329,Jack,Kelly,customer02329@example.com,West,2024-01-22,Consumer
C02330,Ethan,Thomas,customer02330@example.com,North,2023-03-11,Consumer
C02331,Daniel,Jones,customer02331@example.com,South,2024-02-19,Small Business
C02332,Sophia,Evans,customer02332@example.com,North,2025-05-15,Consumer
C02333,Oscar,Hall,customer02333@example.com,West,2023-03-15,Consumer
C02334,Oscar,Kelly,customer02334@example.com,West,2023-10-28,Consumer
C02335,Liam,Martin,customer02335@example.com,North,2024-12-01,Consumer
C02336,Ethan,Walker,customer02336@example.com,South,2023-02-15,Small Business
C02337,Isla,Lewis,customer02337@example.com,East,2024-03-16,Consumer
C02338,Mia,Jones,customer02338@example.com,South,2023-09-02,Small Business
C02339,Emma,Jones,customer02339@example.com,North,2023-03-03,Consumer
C02340,Olivia,Murphy,customer02340@example.com,East,2025-07-22,Small Business
C02341,Jack,Brown,customer02341@example.com,West,2024-06-20,Consumer
C02342,Sophia,Hall,customer02342@example.com,North,2024-07-30,Consumer
C02343,Ava,Roberts,customer02343@example.com,North,2024-01-12,Consumer
C02344,Henry,Roberts,customer02344@example.com,South,2025-10-24,Consumer
C02345,Leo,Allen,customer02345@example.com,Central,2025-05-28,Consumer
C02346,Sophia,Young,customer02346@example.com,West,2025-06-09,Small Business
C02347,Olivia,Allen,customer02347@example.com,West,2022-11-24,Consumer
C02348,Sophia,Davies,customer02348@example.com,South,2022-02-21,Small Business
C02349,Isla,Martin,customer02349@example.com,West,2023-01-11,Small Business
C02350,Amelia,Martin,customer02350@example.com,North,2022-09-20,Consumer
C02351,Mia,Kelly,customer02351@example.com,West,2022-09-24,Small Business
C02352,Mia,Allen,customer02352@example.com,Central,2022-12-25,Small Business
C02353,James,Taylor,customer02353@example.com,West,2025-09-02,Consumer
C02354,Ella,Hall,customer02354@example.com,Central,2025-09-09,Small Business
C02355,James,Roberts,customer02355@example.com,West,2023-10-14,Consumer
C02356,Jack,Martin,customer02356@example.com,North,2022-02-15,Consumer
C02357,Amelia,Thomas,customer02357@example.com,Central,2023-08-23,Small Business
C02358,Isla,Hall,customer02358@example.com,North,2023-12-21,Consumer
C02359,Grace,Martin,customer02359@example.com,East,2025-07-16,Consumer
C02360,Emily,Kelly,customer02360@example.com,North,2023-08-24,Consumer
C02361,Ella,Kelly,customer02361@example.com,North,2023-01-16,Small Business
C02362,Emily,Walker,customer02362@example.com,East,2022-04-28,Enterprise
C02363,Lucas,Walker,customer02363@example.com,South,2022-04-26,Consumer
C02364,Mia,King,customer02364@example.com,East,2022-09-17,Small Business
C02365,Amelia,Smith,customer02365@example.com,East,2025-01-03,Small Business
C02366,Noah,Hall,customer02366@example.com,North,2022-11-01,Consumer
C02367,Leo,Wilson,customer02367@example.com,North,2022-01-07,Consumer
C02368,Jack,Lewis,customer02368@example.com,East,2023-01-01,Small Business
C02369,Leo,Davies,customer02369@example.com,South,2023-06-07,Small Business
C02370,Isla,Thomas,customer02370@example.com,West,2025-10-03,Small Business
C02371,Noah,Taylor,customer02371@example.com,West,2025-05-23,Consumer
C02372,Oscar,Hall,customer02372@example.com,Central,2023-03-05,Consumer
C02373,Olivia,Roberts,customer02373@example.com,West,2024-03-01,Consumer
C02374,Emma,Evans,customer02374@example.com,East,2024-01-17,Consumer
C02375,Emily,Wilson,customer02375@example.com,West,2023-01-02,Consumer
C02376,Leo,Davies,customer02376@example.com,South,2022-11-09,Small Business
C02377,Lucas,Davies,customer02377@example.com,South,2023-06-22,Consumer
C02378,Oscar,Kelly,customer02378@example.com,West,2024-07-09,Small Business
C02379,Emily,King,customer02379@example.com,East,2024-12-13,Consumer
C02380,James,Brown,customer02380@example.com,West,2024-05-14,Consumer
C02381,Ava,Thomas,customer02381@example.com,Central,2025-04-02,Consumer
C02382,Daniel,Clark,customer02382@example.com,Central,2024-02-21,Consumer
C02383,Leo,Murphy,customer02383@example.com,Central,2022-11-30,Consumer
C02384,Jack,Brown,customer02384@example.com,East,2024-03-08,Enterprise
C02385,Olivia,Walker,customer02385@example.com,South,2022-12-14,Small Business
C02386,Lucas,Walker,customer02386@example.com,East,2022-09-30,Consumer
C02387,Oscar,Walker,customer02387@example.com,South,2024-08-20,Consumer
C02388,Ella,Evans,customer02388@example.com,West,2023-12-21,Enterprise
C02389,Noah,Allen,customer02389@example.com,West,2023-05-15,Consumer
C02390,Leo,Davies,customer02390@example.com,West,2025-01-21,Consumer
C02391,Jack,Clark,customer02391@example.com,South,2023-11-16,Consumer
C02392,Emma,Smith,customer02392@example.com,North,2022-03-20,Enterprise
C02393,Jack,Thomas,customer02393@example.com,East,2023-09-14,Consumer
C02394,James,Jones,customer02394@example.com,North,2025-05-25,Consumer
C02395,Leo,Wilson,customer02395@example.com,Central,2024-08-04,Enterprise
C02396,Grace,Allen,customer02396@example.com,South,2022-12-24,Consumer
C02397,Jack,Allen,customer02397@example.com,North,2023-09-10,Consumer
C02398,Oscar,Davies,customer02398@example.com,North,2023-05-22,Consumer
C02399,Emma,Wilson,customer02399@example.com,West,2025-04-19,Small Business
C02400,Emily,Hall,customer02400@example.com,West,2023-07-30,Consumer
C02401,Jack,Jones,customer02401@example.com,South,2025-06-23,Enterprise
C02402,Sophia,Allen,customer02402@example.com,North,2022-09-01,Small Business
C02403,Liam,Wilson,customer02403@example.com,East,2023-05-21,Consumer
C02404,Henry,Jones,customer02404@example.com,South,2023-02-26,Enterprise
C02405,Ethan,Davies,customer02405@example.com,West,2025-09-05,Consumer
C02406,Liam,Roberts,customer02406@example.com,West,2025-01-15,Consumer
C02407,Lucas,Davies,customer02407@example.com,South,2022-08-05,Consumer
C02408,Oscar,Hall,customer02408@example.com,South,2025-07-25,Consumer
C02409,Noah,Martin,customer02409@example.com,Central,2024-10-05,Consumer
C02410,Emma,King,customer02410@example.com,East,2025-04-07,Consumer
C02411,Grace,Allen,customer02411@example.com,West,2022-11-26,Consumer
C02412,Isla,Smith,customer02412@example.com,North,2023-10-12,Small Business
C02413,Noah,Johnson,customer02413@example.com,East,2023-01-26,Consumer
C02414,Emily,Taylor,customer02414@example.com,North,2023-01-16,Enterprise
C02415,Emma,Evans,customer02415@example.com,East,2025-08-22,Consumer
C02416,Noah,Lewis,customer02416@example.com,Central,2024-01-12,Consumer
C02417,Ella,King,customer02417@example.com,South,2024-03-30,Consumer
C02418,Emma,Walker,customer02418@example.com,North,2023-11-04,Consumer
C02419,Sophia,Walker,customer02419@example.com,North,2023-05-28,Consumer
C02420,Grace,Davies,customer02420@example.com,South,2024-08-06,Small Business
C02421,Ava,Thomas,customer02421@example.com,North,2025-04-26,Small Business
C02422,James,Clark,customer02422@example.com,North,2024-07-18,Enterprise
C02423,Grace,King,customer02423@example.com,West,2024-07-01,Consumer
C02424,Isla,Wilson,customer02424@example.com,East,2023-10-06,Small Business
C02425,Henry,Allen,customer02425@example.com,South,2023-03-03,Consumer
C02426,Jack,Davies,customer02426@example.com,Central,2023-05-17,Consumer
C02427,Henry,King,customer02427@example.com,North,2023-12-31,Small Business
C02428,Henry,Hall,customer02428@example.com,Central,2025-07-07,Consumer
C02429,Noah,Roberts,customer02429@example.com,South,2022-03-12,Consumer
C02430,Emily,Davies,customer02430@example.com,Central,2023-04-23,Consumer
C02431,James,Murphy,customer02431@example.com,West,2025-04-16,Consumer
C02432,Isla,Lewis,customer02432@example.com,Central,2023-04-02,Small Business
C02433,Olivia,King,customer02433@example.com,Central,2022-07-08,Consumer
C02434,Ava,Allen,customer02434@example.com,South,2022-10-18,Enterprise
C02435,Emily,Taylor,customer02435@example.com,Central,2024-07-08,Consumer
C02436,Henry,Thomas,customer02436@example.com,South,2022-10-19,Consumer
C02437,Leo,Martin,customer02437@example.com,South,2024-01-26,Consumer
C02438,James,Martin,customer02438@example.com,South,2025-07-30,Consumer
C02439,Mia,Wilson,customer02439@example.com,East,2023-01-12,Consumer
C02440,Liam,Brown,customer02440@example.com,North,2025-03-25,Small Business
C02441,Liam,Smith,customer02441@example.com,East,2023-05-23,Small Business
C02442,Sophia,Evans,customer02442@example.com,East,2023-06-12,Enterprise
C02443,Jack,Hall,customer02443@example.com,West,2025-10-10,Small Business
C02444,Emily,Hall,customer02444@example.com,Central,2023-07-13,Small Business
C02445,Grace,Clark,customer02445@example.com,East,2025-04-25,Consumer
C02446,Emily,Wilson,customer02446@example.com,South,2024-11-20,Small Business
C02447,Henry,King,customer02447@example.com,South,2022-09-17,Consumer
C02448,Mia,Brown,customer02448@example.com,North,2023-02-25,Consumer
C02449,Mia,Davies,customer02449@example.com,North,2022-10-31,Consumer
C02450,Jack,Walker,customer02450@example.com,South,2024-07-30,Consumer
C02451,Isla,King,customer02451@example.com,South,2024-11-28,Consumer
C02452,James,King,customer02452@example.com,Central,2023-06-26,Enterprise
C02453,Ethan,Jones,customer02453@example.com,East,2025-07-25,Consumer
C02454,Lucas,Young,customer02454@example.com,South,2025-05-11,Consumer
C02455,Olivia,Hall,customer02455@example.com,East,2024-12-25,Consumer
C02456,Emma,Brown,customer02456@example.com,North,2022-04-18,Consumer
C02457,Grace,Taylor,customer02457@example.com,East,2022-09-25,Consumer
C02458,Amelia,Walker,customer02458@example.com,West,2022-08-10,Consumer
C02459,Liam,Wilson,customer02459@example.com,East,2025-01-18,Consumer
C02460,Mia,King,customer02460@example.com,East,2023-11-24,Consumer
C02461,Lucas,Young,customer02461@example.com,Central,2022-09-12,Small Business
C02462,Noah,Smith,customer02462@example.com,Central,2022-09-10,Small Business
C02463,Olivia,Clark,customer02463@example.com,West,2022-09-14,Consumer
C02464,Amelia,Hall,customer02464@example.com,East,2023-01-18,Consumer
C02465,Emma,Clark,customer02465@example.com,West,2023-03-18,Consumer
C02466,Jack,Kelly,customer02466@example.com,South,2023-08-22,Small Business
C02467,Amelia,Jones,customer02467@example.com,East,2025-01-18,Consumer
C02468,Emma,Hall,customer02468@example.com,North,2023-01-25,Consumer
C02469,Mia,Clark,customer02469@example.com,East,2023-08-05,Small Business
C02470,Emma,Thomas,customer02470@example.com,East,2024-12-03,Consumer
C02471,Henry,Walker,customer02471@example.com,South,2023-08-21,Consumer
C02472,Jack,Martin,customer02472@example.com,Central,2022-01-19,Consumer
C02473,Mia,Kelly,customer02473@example.com,Central,2025-01-29,Enterprise
C02474,Emily,Allen,customer02474@example.com,West,2023-08-30,Small Business
C02475,Lucas,Allen,customer02475@example.com,East,2025-10-12,Small Business
C02476,Emma,Brown,customer02476@example.com,Central,2022-02-02,Consumer
C02477,James,Clark,customer02477@example.com,North,2025-06-06,Consumer
C02478,Leo,Wilson,customer02478@example.com,West,2024-05-11,Enterprise
C02479,Sophia,Roberts,customer02479@example.com,North,2022-06-04,Enterprise
C02480,Mia,Walker,customer02480@example.com,West,2024-06-23,Consumer
C02481,Oscar,Thomas,customer02481@example.com,South,2025-06-23,Small Business
C02482,Daniel,Taylor,customer02482@example.com,Central,2023-02-09,Consumer
C02483,Oscar,Johnson,customer02483@example.com,Central,2024-04-23,Consumer
C02484,Amelia,King,customer02484@example.com,North,2025-03-30,Small Business
C02485,Daniel,Young,customer02485@example.com,East,2024-01-17,Consumer
C02486,Mia,Clark,customer02486@example.com,Central,2025-02-14,Enterprise
C02487,Sophia,Roberts,customer02487@example.com,East,2022-09-28,Consumer
C02488,James,Evans,customer02488@example.com,Central,2024-02-09,Consumer
C02489,Leo,Smith,customer02489@example.com,East,2022-06-21,Small Business
C02490,Mia,Smith,customer02490@example.com,South,2022-10-01,Small Business
C02491,Grace,Allen,customer02491@example.com,South,2022-09-16,Consumer
C02492,Sophia,Hall,customer02492@example.com,South,2025-03-04,Consumer
C02493,Ethan,Brown,customer02493@example.com,West,2023-02-26,Consumer
C02494,Emma,Hall,customer02494@example.com,South,2025-04-24,Consumer
C02495,Emily,Smith,customer02495@example.com,East,2022-12-30,Enterprise
C02496,Oscar,Martin,customer02496@example.com,East,2023-01-13,Small Business
C02497,Ava,Evans,customer02497@example.com,East,2023-08-03,Consumer
C02498,Grace,Murphy,customer02498@example.com,Central,2024-06-09,Consumer
C02499,Emily,Clark,customer02499@example.com,Central,2023-12-23,Consumer
C02500,Ella,Kelly,customer02500@example.com,East,2025-05-04,Small Business
