customer_id,total_orders,total_revenue,total_profit,total_units,avg_order_value,last_order_date,customer_lifetime_days,customer_value_segment
C00001,3,3718.8525,695.8625000000002,7,1239.6175,2025-09-10,618,Mid-Low
C00002,4,4543.4325,1832.3224999999998,13,1135.858125,2024-12-28,362,Mid-Low
C00003,6,8166.5935,2360.1835,18,1361.0989166666666,2025-12-23,722,High Value
C00004,7,3043.388,1144.988,12,434.76971428571426,2025-11-20,689,Mid-Low
C00005,5,3000.47,535.8399999999998,8,600.0939999999999,2025-11-19,688,Mid-Low
C00006,6,2944.0315,988.9714999999999,11,490.6719166666667,2025-11-13,682,Low Value
C00007,10,7578.745999999999,2551.3459999999995,20,757.8745999999999,2025-12-06,705,High Value
C00008,3,2571.679,658.179,8,857.2263333333334,2025-11-02,671,Low Value
C00009,10,9174.7805,2119.5505000000007,20,917.47805,2025-10-28,666,High Value
C00010,9,7734.374,2235.0040000000004,26,859.3748888888889,2025-12-25,724,High Value
C00011,4,2484.147,813.7369999999999,12,621.03675,2025-11-24,693,Low Value
C00012,9,7448.6810000000005,2868.1910000000003,21,827.6312222222223,2025-12-28,727,High Value
C00013,1,14.512,-10.767999999999999,1,14.512,2025-09-27,635,Low Value
C00014,9,4333.4545,1363.2644999999998,16,481.4949444444444,2025-11-10,679,Mid-Low
C00015,12,7172.349499999999,1713.4995,26,597.6957916666667,2025-09-21,629,High Value
C00016,8,4007.7025000000003,1132.3225,15,500.96281250000004,2025-11-12,681,Mid-Low
C00017,2,5049.132,1833.7419999999995,7,2524.566,2025-11-01,670,Mid-High
C00018,7,5089.518,1449.3780000000002,12,727.074,2025-08-16,593,Mid-High
C00019,9,1814.8235,430.7835,20,201.64705555555554,2025-11-26,695,Low Value
C00020,6,2834.6169999999997,1106.787,11,472.4361666666666,2025-07-20,566,Low Value
C00021,14,7789.731,2473.1209999999996,27,556.4093571428572,2025-12-15,714,High Value
C00022,10,9721.57,3334.2600000000007,29,972.1569999999999,2025-11-07,676,High Value
C00023,5,6271.365,1702.8949999999998,13,1254.273,2025-11-18,687,Mid-High
C00024,6,3656.2695,807.7795000000001,13,609.37825,2025-11-07,676,Mid-Low
C00025,4,1394.808,527.528,6,348.702,2025-07-02,548,Low Value
C00026,9,7687.595,2292.395,18,854.1772222222222,2025-10-26,664,High Value
C00027,6,8770.063,2679.333,20,1461.6771666666666,2025-11-04,673,High Value
C00028,11,7855.318,2755.418,28,714.1198181818182,2025-10-26,664,High Value
C00029,6,5015.5425,1807.6725,20,835.9237499999999,2025-12-04,703,Mid-High
C00030,7,4266.883,1008.9030000000002,19,609.5547142857142,2025-09-21,629,Mid-Low
C00031,11,5320.6415,1265.3715000000002,20,483.6946818181818,2025-11-28,697,Mid-High
C00032,7,4566.398,1354.448,10,652.3425714285714,2025-11-13,682,Mid-Low
C00033,4,1990.96,624.78,8,497.74,2025-03-07,431,Low Value
C00034,6,6643.0845,1850.4244999999996,12,1107.18075,2025-09-23,631,Mid-High
C00035,8,4949.615,1243.325,12,618.701875,2025-05-12,497,Mid-High
C00036,8,6812.029,1624.439,13,851.503625,2025-12-26,725,High Value
C00037,7,4708.835,1844.2150000000001,10,672.6907142857143,2025-12-27,726,Mid-High
C00038,11,6556.105,1581.375,23,596.0095454545454,2025-12-26,725,Mid-High
C00039,3,823.9330000000001,160.41300000000007,5,274.64433333333335,2025-12-30,729,Low Value
C00040,6,2060.9555,523.8755000000001,9,343.49258333333336,2025-12-17,716,Low Value
C00041,7,7225.3405,2220.7205,14,1032.1915000000001,2025-11-07,676,High Value
C00042,9,4283.794,1407.9339999999997,18,475.97711111111107,2025-06-14,530,Mid-Low
C00043,9,2867.766,543.506,16,318.6406666666667,2025-12-10,709,Low Value
C00044,4,4363.0160000000005,1164.1160000000002,8,1090.7540000000001,2025-11-24,693,Mid-Low
C00045,9,3671.0415,917.9414999999998,13,407.89349999999996,2025-09-13,621,Mid-Low
C00046,7,7263.8845,2230.2145,17,1037.6977857142858,2025-11-02,671,High Value
C00047,5,3758.0855,1056.8055,14,751.6171,2025-12-02,701,Mid-Low
C00048,5,1473.0739999999998,458.7739999999998,12,294.61479999999995,2025-08-15,592,Low Value
C00049,10,7352.7205,2245.6505000000006,18,735.27205,2025-12-17,716,High Value
C00050,8,6274.075,2419.505,13,784.259375,2025-12-07,706,Mid-High
C00051,6,3603.8655,1247.4655,13,600.6442499999999,2025-08-22,599,Mid-Low
C00052,6,6420.552500000001,2265.6825,17,1070.0920833333334,2025-05-12,497,Mid-High
C00053,7,5798.572,2399.1119999999996,15,828.3674285714286,2025-10-13,651,Mid-High
C00054,6,6290.442,1871.9819999999997,17,1048.407,2025-06-07,523,Mid-High
C00055,9,7395.28,2645.33,23,821.6977777777778,2025-12-09,708,High Value
C00056,6,3531.8755,851.5355000000001,10,588.6459166666667,2025-06-08,524,Mid-Low
C00057,5,6455.5644999999995,2312.5744999999997,11,1291.1128999999999,2025-06-19,535,Mid-High
C00058,6,2983.9975,1010.1975,13,497.3329166666667,2025-08-04,581,Mid-Low
C00059,5,910.2615000000001,286.7415,8,182.0523,2025-12-06,705,Low Value
C00060,6,2767.711,630.9309999999999,8,461.2851666666666,2025-11-18,687,Low Value
C00061,6,2212.9469999999997,873.8969999999999,13,368.82449999999994,2025-11-10,679,Low Value
C00062,7,2817.1035,842.7334999999999,16,402.44335714285717,2025-09-10,618,Low Value
C00063,4,1417.694,284.73400000000004,11,354.4235,2025-09-18,626,Low Value
C00064,9,10654.984,3123.8440000000005,21,1183.8871111111112,2025-11-28,697,High Value
C00065,6,2671.534,883.8040000000001,12,445.2556666666667,2025-09-28,636,Low Value
C00066,7,4535.8645,1483.7845,15,647.9806428571428,2025-12-24,723,Mid-Low
C00067,6,2741.986,842.5060000000001,9,456.99766666666665,2025-12-28,727,Low Value
C00068,11,3787.9755,928.6755,14,344.3614090909091,2025-12-19,718,Mid-Low
C00069,6,6099.835,2504.1750000000006,18,1016.6391666666667,2025-02-06,402,Mid-High
C00070,10,8618.237,3562.117,23,861.8236999999999,2025-08-12,589,High Value
C00071,3,770.0239999999999,172.0639999999999,5,256.6746666666666,2025-07-17,563,Low Value
C00072,5,2551.1285,921.9685,11,510.22569999999996,2025-10-24,662,Low Value
C00073,8,9622.4265,3628.9664999999995,21,1202.8033125,2025-10-03,641,High Value
C00074,9,2713.157,786.187,13,301.4618888888889,2025-11-06,675,Low Value
C00075,13,10159.6165,3226.1865000000003,28,781.5089615384616,2025-10-15,653,High Value
C00076,5,5467.9795,2409.939500000001,11,1093.5959,2025-12-01,700,Mid-High
C00077,13,3816.1855,1205.7855,22,293.5527307692308,2025-12-22,721,Mid-Low
C00078,10,5836.153,1832.0229999999997,19,583.6153,2025-09-22,630,Mid-High
C00079,7,3570.465,904.6750000000001,13,510.0664285714286,2025-10-26,664,Mid-Low
C00080,5,12054.065999999999,5016.816000000001,13,2410.8131999999996,2025-09-28,636,High Value
C00081,9,6439.914999999999,2052.725,24,715.546111111111,2025-10-23,661,Mid-High
C00082,11,9414.370499999999,3042.1304999999998,33,855.8518636363635,2025-12-13,712,High Value
C00083,4,1281.58,426.76000000000005,10,320.395,2025-12-08,707,Low Value
C00084,6,6029.121,2074.521,22,1004.8535,2025-08-23,600,Mid-High
C00085,5,8618.92,2922.330000000001,15,1723.784,2025-08-06,583,High Value
C00086,6,2720.3535,826.3534999999999,11,453.39225000000005,2025-08-14,591,Low Value
C00087,4,3138.2015,632.4615000000001,10,784.550375,2025-04-12,467,Mid-Low
C00088,11,8035.102,2526.542,17,730.4638181818182,2025-10-04,642,High Value
C00089,19,21481.0295,6632.6895,47,1130.5805,2025-12-26,725,High Value
C00090,8,6182.075,1787.915,16,772.759375,2025-09-02,610,Mid-High
C00091,8,2482.5775,629.2574999999998,16,310.3221875,2025-12-15,714,Low Value
C00092,3,2646.5795,825.2295,12,882.1931666666666,2025-12-21,720,Low Value
C00093,3,1570.914,298.224,6,523.638,2025-12-27,726,Low Value
C00094,8,3251.209,775.8990000000001,18,406.401125,2025-11-30,699,Mid-Low
C00095,13,11629.843,3690.123,24,894.6033076923078,2025-12-30,729,High Value
C00096,5,1401.498,284.3380000000001,7,280.2996,2025-09-10,618,Low Value
C00097,7,3245.534,1174.964,11,463.6477142857143,2025-05-20,505,Mid-Low
C00098,5,4653.7605,718.7205,9,930.7521,2025-11-15,684,Mid-High
C00099,4,1919.7875000000001,287.2875,5,479.94687500000003,2025-10-14,652,Low Value
C00100,8,3904.482,908.7320000000004,18,488.06025,2025-10-15,653,Mid-Low
C00101,6,1062.786,223.01600000000002,9,177.131,2025-11-09,678,Low Value
C00102,7,2853.2155,689.8354999999999,15,407.60221428571424,2025-09-18,626,Low Value
C00103,7,1747.025,573.495,12,249.57500000000002,2025-12-25,724,Low Value
C00104,8,7078.336,2889.9260000000004,28,884.792,2025-05-26,511,High Value
C00105,10,7306.9465,1973.3465,21,730.69465,2025-11-29,698,High Value
C00106,8,2745.661,920.231,17,343.207625,2025-12-20,719,Low Value
C00107,10,11787.0305,3811.0605,25,1178.70305,2025-11-28,697,High Value
C00108,8,8216.972,3326.152000000001,17,1027.1215,2025-12-15,714,High Value
C00109,1,654.516,153.22599999999994,2,654.516,2024-04-08,98,Low Value
C00110,6,4317.800499999999,1459.0104999999999,11,719.6334166666666,2025-11-10,679,Mid-Low
C00111,5,4469.7925,1539.4625,9,893.9585,2025-11-15,684,Mid-Low
C00112,7,2120.0685000000003,776.1685000000001,8,302.8669285714286,2025-12-08,707,Low Value
C00113,8,3477.922,434.6419999999998,13,434.74025,2025-11-17,686,Mid-Low
C00114,5,3058.442,785.562,14,611.6884,2024-06-17,168,Mid-Low
C00115,6,7629.139999999999,1279.4699999999993,15,1271.5233333333333,2025-10-02,640,High Value
C00116,10,3600.485,1047.875,13,360.0485,2025-12-22,721,Mid-Low
C00117,4,3518.022,821.1719999999998,12,879.5055,2025-11-25,694,Mid-Low
C00118,6,6856.311,1660.9710000000005,22,1142.7185,2025-06-20,536,High Value
C00119,15,12774.6695,4640.4895,33,851.6446333333333,2025-12-31,730,High Value
C00120,10,4089.0615,751.0415,19,408.90614999999997,2025-09-17,625,Mid-Low
C00121,11,8136.6805,2943.7705,25,739.6982272727273,2025-12-26,725,High Value
C00122,7,3048.0389999999998,763.549,12,435.43414285714283,2025-05-07,492,Mid-Low
C00123,5,6351.753000000001,2065.8030000000003,10,1270.3506000000002,2025-09-07,615,Mid-High
C00124,3,491.99,119.16,4,163.99666666666667,2025-05-01,486,Low Value
C00125,9,4583.594,1887.9140000000002,18,509.2882222222222,2025-12-06,705,Mid-Low
C00126,8,4838.030000000001,1291.7800000000002,15,604.7537500000001,2025-10-17,655,Mid-High
C00127,6,2898.8514999999998,834.1814999999999,10,483.14191666666665,2025-08-14,591,Low Value
C00128,11,8641.1,2292.370000000001,23,785.5545454545455,2025-12-22,721,High Value
C00129,8,3824.532,1407.5620000000001,14,478.0665,2025-10-27,665,Mid-Low
C00130,10,6958.3395,1275.7895000000003,21,695.83395,2025-12-31,730,High Value
C00131,10,7049.511,2005.1309999999999,23,704.9511,2025-11-14,683,High Value
C00132,12,5256.2155,1774.4554999999998,29,438.01795833333335,2025-11-20,689,Mid-High
C00133,9,4008.2735,1043.7034999999998,13,445.3637222222222,2025-11-23,692,Mid-Low
C00134,8,5250.007,1705.957,15,656.250875,2025-07-06,552,Mid-High
C00135,7,7783.844,2153.7340000000004,14,1111.9777142857142,2025-12-30,729,High Value
C00136,7,4474.2,1097.8300000000002,15,639.1714285714286,2025-12-26,725,Mid-Low
C00137,8,3397.4795,1144.4595,12,424.6849375,2025-07-19,565,Mid-Low
C00138,8,6687.790999999999,2112.7509999999997,22,835.9738749999999,2025-10-31,669,Mid-High
C00139,9,6358.4155,2093.4955,22,706.4906111111111,2025-12-09,708,Mid-High
C00140,5,1265.7205,507.1705,8,253.14409999999998,2025-04-01,456,Low Value
C00141,6,3847.3559999999998,1407.916,12,641.226,2025-11-04,673,Mid-Low
C00142,8,6528.8015,2136.9715,21,816.1001875,2025-11-26,695,Mid-High
C00143,6,4536.8144999999995,1169.2545000000002,15,756.1357499999999,2025-09-06,614,Mid-Low
C00144,8,4023.7654999999995,893.3154999999997,15,502.97068749999994,2025-12-25,724,Mid-Low
C00145,3,995.0730000000001,231.59300000000002,6,331.69100000000003,2025-06-18,534,Low Value
C00146,6,2417.7400000000002,758.3000000000001,15,402.9566666666667,2025-09-10,618,Low Value
C00147,9,3517.2439999999997,985.0939999999998,12,390.80488888888885,2025-08-03,580,Mid-Low
C00148,6,2047.804,378.03400000000005,8,341.3006666666667,2025-08-05,582,Low Value
C00149,7,2984.3224999999998,975.1825,17,426.3317857142857,2025-08-10,587,Mid-Low
C00150,6,3924.489,1378.809,10,654.0815,2025-12-23,722,Mid-Low
C00151,9,4545.0255,1515.0055000000002,14,505.0028333333333,2025-10-23,661,Mid-Low
C00152,7,6102.6965,2161.5565,19,871.8137857142857,2025-12-13,712,Mid-High
C00153,2,3391.1279999999997,939.558,5,1695.5639999999999,2025-12-24,723,Mid-Low
C00154,6,6235.9715,2367.4015000000004,13,1039.3285833333332,2025-10-04,642,Mid-High
C00155,10,8160.384,2877.334,30,816.0384,2025-12-03,702,High Value
C00156,8,8893.477499999999,2037.8974999999994,23,1111.6846874999999,2025-09-04,612,High Value
C00157,4,2922.174,906.6440000000001,8,730.5435,2025-04-07,462,Low Value
C00158,7,5419.512,1549.5719999999994,14,774.216,2025-12-25,724,Mid-High
C00159,8,7752.008,2227.3379999999997,18,969.001,2025-11-22,691,High Value
C00160,5,7447.83,2049.86,13,1489.566,2025-12-14,713,High Value
C00161,9,5534.876499999999,1941.9064999999998,19,614.9862777777777,2025-06-22,538,Mid-High
C00162,15,9536.103,2499.323,30,635.7402,2025-12-21,720,High Value
C00163,6,1984.8035,628.0835000000001,14,330.80058333333335,2025-08-20,597,Low Value
C00164,5,2933.905,736.485,14,586.7810000000001,2025-10-24,662,Low Value
C00165,7,5463.184,1986.8039999999999,13,780.4548571428571,2025-12-13,712,Mid-High
C00166,4,3081.846,1010.4859999999999,7,770.4615,2025-12-05,704,Mid-Low
C00167,6,4834.490000000001,1444.6000000000004,11,805.7483333333334,2025-09-16,624,Mid-High
C00168,5,3964.7079999999996,1702.318,10,792.9415999999999,2025-07-22,568,Mid-Low
C00169,7,4909.1,1272.65,17,701.3000000000001,2025-08-16,593,Mid-High
C00170,4,1750.4669999999999,686.9269999999999,9,437.61674999999997,2025-12-10,709,Low Value
C00171,5,5523.127,1768.407,17,1104.6254000000001,2025-10-25,663,Mid-High
C00172,7,3343.737,791.9370000000001,15,477.6767142857143,2025-12-14,713,Mid-Low
C00173,10,7876.912,2647.102,27,787.6912,2025-08-27,604,High Value
C00174,6,6518.1225,2160.4624999999996,15,1086.35375,2025-12-16,715,Mid-High
C00175,8,2504.6875,677.0374999999999,12,313.0859375,2025-08-21,598,Low Value
C00176,7,7056.0509999999995,1784.441,19,1008.0072857142857,2025-12-12,711,High Value
C00177,6,6481.1295,2825.9195000000004,12,1080.18825,2025-10-22,660,Mid-High
C00178,10,6068.9345,1794.4145,15,606.89345,2025-11-28,697,Mid-High
C00179,6,6443.7875,1282.8675,19,1073.9645833333334,2025-12-09,708,Mid-High
C00180,5,1685.025,573.515,7,337.005,2025-12-02,701,Low Value
C00181,6,7042.3965,1878.5765000000004,14,1173.73275,2025-10-09,647,High Value
C00182,6,3826.324,1432.4740000000002,14,637.7206666666667,2025-08-29,606,Mid-Low
C00183,5,4486.191,1809.141,8,897.2382,2024-10-04,277,Mid-Low
C00184,5,4339.12,1409.6799999999998,17,867.824,2025-11-24,693,Mid-Low
C00185,9,8039.396,2273.486,19,893.2662222222222,2025-12-20,719,High Value
C00186,4,4146.849999999999,1845.2599999999998,11,1036.7124999999999,2025-12-15,714,Mid-Low
C00187,13,10604.451500000001,3094.7115000000003,28,815.7270384615385,2025-12-26,725,High Value
C00188,5,4124.6215,1530.9115000000002,12,824.9243,2025-10-10,648,Mid-Low
C00189,4,864.858,210.29800000000003,6,216.2145,2025-11-01,670,Low Value
C00190,6,4950.2744999999995,1247.4745,9,825.0457499999999,2025-05-08,493,Mid-High
C00191,12,7673.54,2436.8999999999996,20,639.4616666666667,2025-08-11,588,High Value
C00192,11,9693.1715,3319.1815,30,881.1974090909091,2025-10-05,643,High Value
C00193,8,4258.4220000000005,1214.5620000000001,12,532.3027500000001,2025-12-12,711,Mid-Low
C00194,6,2456.3630000000003,815.663,12,409.39383333333336,2025-07-02,548,Low Value
C00195,12,6412.9235,2039.0835000000002,29,534.4102916666667,2025-12-09,708,Mid-High
C00196,5,6337.977499999999,2276.4174999999996,18,1267.5955,2025-07-30,576,Mid-High
C00197,4,3122.8,993.97,10,780.7,2024-12-19,353,Mid-Low
C00198,5,3951.0865000000003,1608.9565,10,790.2173,2025-12-08,707,Mid-Low
C00199,6,4550.353,1416.043,12,758.3921666666666,2025-11-09,678,Mid-Low
C00200,4,3064.693,699.003,11,766.17325,2025-10-15,653,Mid-Low
C00201,4,3211.442,982.2819999999999,11,802.8605,2025-08-15,592,Mid-Low
C00202,11,7666.9165,2556.0165,28,696.9924090909091,2025-11-09,678,High Value
C00203,7,2956.932,847.492,12,422.4188571428571,2025-02-08,404,Low Value
C00204,3,1088.112,155.08199999999994,4,362.704,2025-10-09,647,Low Value
C00205,11,5204.077499999999,1272.1174999999998,29,473.0979545454545,2025-11-23,692,Mid-High
C00206,8,7664.0505,2696.8805000000007,16,958.0063125,2025-12-12,711,High Value
C00207,10,10520.414,3561.0539999999996,21,1052.0414,2025-12-13,712,High Value
C00208,3,1431.3335,385.5435,3,477.11116666666663,2024-11-23,327,Low Value
C00209,7,10700.2875,2655.7475000000004,17,1528.6125,2025-12-25,724,High Value
C00210,14,9518.755000000001,2382.915,27,679.9110714285715,2025-09-26,634,High Value
C00211,9,5214.0405,1604.0405,23,579.3378333333334,2025-12-19,718,Mid-High
C00212,2,1471.592,409.9920000000001,3,735.796,2024-06-27,178,Low Value
C00213,12,5787.2345,1729.9145,22,482.2695416666666,2025-11-18,687,Mid-High
C00214,8,4378.101,1075.4910000000002,14,547.262625,2025-11-11,680,Mid-Low
C00215,9,7534.602,2538.9719999999998,13,837.178,2025-11-20,689,High Value
C00216,3,552.9,139.34,5,184.29999999999998,2025-01-04,369,Low Value
C00217,12,6941.556500000001,2366.9565000000002,18,578.4630416666668,2025-10-30,668,High Value
C00218,7,4909.738,1500.9279999999999,17,701.3911428571429,2025-12-30,729,Mid-High
C00219,6,5364.9580000000005,1743.7979999999998,10,894.1596666666668,2025-06-24,540,Mid-High
C00220,7,10619.369,4424.329,18,1517.0527142857143,2025-12-12,711,High Value
C00221,5,5503.5855,2178.7655000000004,13,1100.7171,2025-12-03,702,Mid-High
C00222,4,1447.202,359.04200000000003,6,361.8005,2025-07-18,564,Low Value
C00223,7,4682.2735,1716.6834999999999,15,668.8962142857143,2025-11-25,694,Mid-High
C00224,14,6692.9335,1767.2835,36,478.06667857142855,2025-09-27,635,Mid-High
C00225,12,9210.757,3273.0570000000002,23,767.5630833333333,2025-11-18,687,High Value
C00226,8,4560.9365,1627.5665000000001,11,570.1170625,2025-11-06,675,Mid-Low
C00227,6,6459.956,2205.656,10,1076.6593333333333,2025-12-02,701,Mid-High
C00228,8,2950.724,787.8539999999998,21,368.8405,2025-09-11,619,Low Value
C00229,11,6052.3195000000005,2099.3295,13,550.2108636363637,2025-10-22,660,Mid-High
C00230,7,3836.1875,828.3574999999997,12,548.0267857142857,2025-12-26,725,Mid-Low
C00231,7,5090.4415,2188.6915,10,727.2059285714286,2025-11-01,670,Mid-High
C00232,6,2585.3265,875.2565000000002,13,430.88775000000004,2025-12-07,706,Low Value
C00233,8,2455.919,726.309,16,306.989875,2025-12-15,714,Low Value
C00234,5,3613.9100000000003,787.02,7,722.782,2025-07-20,566,Mid-Low
C00235,7,6689.1425,1848.2425,18,955.5917857142857,2025-11-06,675,Mid-High
C00236,8,2806.777,1079.7269999999999,16,350.847125,2025-12-17,716,Low Value
C00237,3,698.099,188.129,9,232.69966666666667,2025-11-19,688,Low Value
C00238,10,4620.1320000000005,1431.8220000000001,22,462.01320000000004,2025-12-22,721,Mid-High
C00239,3,615.6514999999999,145.43149999999997,7,205.21716666666666,2025-09-27,635,Low Value
C00240,11,4302.633,1126.5330000000001,24,391.1484545454545,2025-10-08,646,Mid-Low
C00241,8,2785.612,764.162,14,348.2015,2025-12-11,710,Low Value
C00242,4,3139.456,852.4359999999999,7,784.864,2025-12-08,707,Mid-Low
C00243,10,5463.586,1969.336,17,546.3586,2025-11-28,697,Mid-High
C00244,5,5517.139,2524.7990000000004,10,1103.4278,2025-09-25,633,Mid-High
C00245,7,3054.6835,1069.7735,12,436.38335714285716,2025-12-14,713,Mid-Low
C00246,5,824.739,268.05899999999997,7,164.9478,2025-10-02,640,Low Value
C00247,9,7867.639,2504.679,19,874.1821111111111,2025-11-30,699,High Value
C00248,9,4573.9105,1379.8905,19,508.2122777777778,2025-09-21,629,Mid-Low
C00249,10,5287.414,1653.984,21,528.7414,2025-12-21,720,Mid-High
C00250,7,4419.079,1701.0090000000002,12,631.2969999999999,2025-11-27,696,Mid-Low
C00251,10,9819.7375,3414.0375,21,981.9737499999999,2025-03-29,453,High Value
C00252,6,4243.149,1342.1290000000001,14,707.1915,2025-11-20,689,Mid-Low
C00253,6,2325.602,619.212,10,387.6003333333333,2025-12-17,716,Low Value
C00254,8,3272.7985,1220.7984999999999,14,409.0998125,2025-09-02,610,Mid-Low
C00255,11,12531.068,2181.198,31,1139.1879999999999,2025-10-07,645,High Value
C00256,4,1703.1999999999998,638.4299999999998,13,425.79999999999995,2025-07-16,562,Low Value
C00257,2,1231.406,444.5159999999999,7,615.703,2025-05-31,516,Low Value
C00258,8,5289.75,1370.9399999999998,19,661.21875,2025-09-05,613,Mid-High
C00259,12,7649.5785000000005,1736.0085000000001,30,637.464875,2025-12-01,700,High Value
C00260,6,3712.3639999999996,1137.4139999999998,12,618.7273333333333,2025-11-01,670,Mid-Low
C00261,12,10356.046,3683.9559999999997,30,863.0038333333333,2025-11-05,674,High Value
C00262,7,5985.0869999999995,1560.5970000000002,14,855.0124285714285,2025-10-30,668,Mid-High
C00263,10,1939.7179999999998,552.9379999999999,18,193.97179999999997,2025-11-16,685,Low Value
C00264,8,3113.3360000000002,969.656,12,389.16700000000003,2025-11-24,693,Mid-Low
C00265,10,6379.8745,2486.2045,18,637.98745,2025-12-31,730,Mid-High
C00266,8,3370.5315,821.3215,10,421.3164375,2025-07-28,574,Mid-Low
C00267,7,7769.121999999999,3015.982,14,1109.8745714285712,2025-12-27,726,High Value
C00268,5,3267.8360000000002,642.7060000000004,12,653.5672000000001,2025-07-08,554,Mid-Low
C00269,8,5106.924,1490.824,16,638.3655,2025-07-08,554,Mid-High
C00270,6,10112.947499999998,2062.0974999999994,17,1685.4912499999998,2025-11-11,680,High Value
C00271,9,12365.1625,3439.2425000000003,21,1373.9069444444444,2025-10-05,643,High Value
C00272,9,4201.0455,1005.7155000000001,15,466.7828333333334,2025-12-17,716,Mid-Low
C00273,7,4140.5345,1291.5245000000002,14,591.5049285714285,2025-07-04,550,Mid-Low
C00274,4,2623.3759999999997,1051.396,6,655.8439999999999,2025-08-18,595,Low Value
C00275,4,1305.0900000000001,282.7100000000001,7,326.27250000000004,2025-09-09,617,Low Value
C00276,8,5081.1565,1192.4465,18,635.1445625,2025-11-05,674,Mid-High
C00277,7,2480.17,616.35,10,354.31,2025-11-13,682,Low Value
C00278,5,4203.184,1032.174,11,840.6368,2025-11-17,686,Mid-Low
C00279,6,6986.388,1939.8380000000004,19,1164.398,2025-12-05,704,High Value
C00280,10,4160.3330000000005,1162.663,24,416.03330000000005,2025-11-18,687,Mid-Low
C00281,7,4383.2175,926.4974999999996,15,626.1739285714285,2025-07-05,551,Mid-Low
C00282,5,3757.417,1483.177,16,751.4834,2025-05-26,511,Mid-Low
C00283,3,981.4205,245.08050000000003,6,327.14016666666663,2025-09-21,629,Low Value
C00284,5,2363.2355000000002,533.2055000000001,6,472.6471,2025-11-14,683,Low Value
C00285,5,2420.7125,412.94249999999994,12,484.14250000000004,2025-11-29,698,Low Value
C00286,8,3879.4990000000003,905.8290000000002,18,484.93737500000003,2025-12-14,713,Mid-Low
C00287,3,1299.951,264.54100000000005,4,433.317,2025-10-23,661,Low Value
C00288,8,3297.887,966.167,23,412.235875,2025-08-17,594,Mid-Low
C00289,10,6798.204,2017.224,21,679.8204,2025-11-18,687,High Value
C00290,10,7352.7305,2031.9904999999999,28,735.27305,2025-09-17,625,High Value
C00291,7,3522.3585,1138.5285,21,503.1940714285714,2025-10-19,657,Mid-Low
C00292,6,3714.765,1053.3850000000002,10,619.1274999999999,2025-12-28,727,Mid-Low
C00293,4,1715.9025,600.6324999999999,6,428.975625,2025-12-13,712,Low Value
C00294,4,2729.1175,515.6875,7,682.279375,2025-04-24,479,Low Value
C00295,9,6450.0945,2288.4345,20,716.6771666666667,2025-06-29,545,Mid-High
C00296,6,7222.843,2319.163,22,1203.8071666666667,2025-01-01,366,High Value
C00297,5,1939.8384999999998,818.1284999999998,7,387.9677,2025-12-14,713,Low Value
C00298,5,8038.786000000001,2255.0860000000002,13,1607.7572000000002,2025-12-29,728,High Value
C00299,8,2965.4505,726.2105,15,370.6813125,2025-10-15,653,Mid-Low
C00300,6,2696.0155,588.5355000000001,11,449.33591666666666,2025-12-12,711,Low Value
C00301,4,2650.969,828.5190000000002,9,662.74225,2025-10-18,656,Low Value
C00302,11,7546.8975,3117.8175,24,686.0815909090909,2025-12-27,726,High Value
C00303,9,11289.406500000001,4683.6965,22,1254.3785,2025-10-26,664,High Value
C00304,5,1175.4560000000001,343.0560000000001,6,235.09120000000001,2025-12-12,711,Low Value
C00305,12,6781.545999999999,1700.106,35,565.1288333333333,2025-11-16,685,High Value
C00306,8,3243.8395,620.8695,22,405.4799375,2025-11-19,688,Mid-Low
C00307,16,9204.241,2491.0609999999997,29,575.2650625,2025-12-20,719,High Value
C00308,8,3630.7960000000003,1087.7359999999999,19,453.84950000000003,2025-08-14,591,Mid-Low
C00309,15,9763.2705,3632.0604999999996,30,650.8847000000001,2025-11-03,672,High Value
C00310,2,781.18,347.74999999999994,3,390.59,2025-02-13,409,Low Value
C00311,5,1457.608,408.268,7,291.5216,2024-11-15,319,Low Value
C00312,11,5707.599999999999,1597.5699999999997,25,518.8727272727273,2025-11-09,678,Mid-High
C00313,8,6821.453,2681.233,17,852.681625,2025-06-06,522,High Value
C00314,7,5561.4825,1875.2024999999999,17,794.4975000000001,2025-05-25,510,Mid-High
C00315,5,10869.002,4634.662,14,2173.8004,2025-12-26,725,High Value
C00316,4,5018.8695,1911.7495,9,1254.717375,2025-08-10,587,Mid-High
C00317,5,1787.7065,437.64650000000006,8,357.5413,2025-07-30,576,Low Value
C00318,6,4410.764,1563.2340000000002,18,735.1273333333334,2025-08-18,595,Mid-Low
C00319,9,5455.0055,1779.0655,22,606.1117222222223,2025-09-06,614,Mid-High
C00320,6,7410.6,2214.0600000000004,19,1235.1000000000001,2025-08-11,588,High Value
C00321,8,4223.880499999999,1347.2404999999999,13,527.9850624999999,2025-09-16,624,Mid-Low
C00322,7,2457.093,840.1129999999999,8,351.0132857142857,2025-10-31,669,Low Value
C00323,4,1893.225,514.2649999999999,10,473.30625,2025-10-14,652,Low Value
C00324,8,8430.9745,2503.2645,16,1053.8718125,2025-09-16,624,High Value
C00325,12,14700.432,4428.352000000001,30,1225.036,2025-10-17,655,High Value
C00326,6,3755.3075,1313.5975,9,625.8845833333334,2024-11-24,328,Mid-Low
C00327,11,7945.126,1810.886,29,722.2841818181819,2025-12-25,724,High Value
C00328,2,4260.706,970.8760000000004,6,2130.353,2025-01-07,372,Mid-Low
C00329,6,2459.977,853.8269999999999,9,409.9961666666666,2025-04-13,468,Low Value
C00330,10,5532.5865,1417.2365,27,553.25865,2025-10-27,665,Mid-High
C00331,7,1897.064,333.97400000000016,11,271.0091428571429,2025-11-22,691,Low Value
C00332,6,4714.348,1408.7379999999998,15,785.7246666666666,2025-08-27,604,Mid-High
C00333,5,2693.0745,606.6245000000002,8,538.6149,2025-12-14,713,Low Value
C00334,8,7460.8545,2189.9145000000003,19,932.6068125,2025-10-18,656,High Value
C00335,10,12376.501,4436.691,19,1237.6501,2025-09-06,614,High Value
C00336,8,2284.6904999999997,558.0704999999998,11,285.58631249999996,2025-06-17,533,Low Value
C00337,12,3574.1215,940.8415,18,297.84345833333333,2025-11-06,675,Mid-Low
C00338,7,5680.5475,1609.8075,12,811.5067857142857,2025-06-01,517,Mid-High
C00339,13,10215.0485,3522.8285,41,785.7729615384616,2025-10-05,643,High Value
C00340,4,5597.489,1598.4789999999996,10,1399.37225,2025-08-04,581,Mid-High
C00341,6,7278.583,2751.6029999999996,25,1213.0971666666667,2025-11-12,681,High Value
C00342,4,2342.718,269.67799999999994,11,585.6795,2025-05-30,515,Low Value
C00343,9,6264.151,1765.891,23,696.0167777777777,2025-11-10,679,Mid-High
C00344,5,2215.652,533.2120000000002,10,443.1304,2025-11-24,693,Low Value
C00345,8,4942.175,1226.7950000000005,18,617.771875,2025-12-23,722,Mid-High
C00346,6,4992.781,2000.0610000000001,14,832.1301666666667,2025-11-20,689,Mid-High
C00347,4,3684.07,1290.8300000000002,11,921.0175,2025-12-13,712,Mid-Low
C00348,10,6490.895,1864.1749999999997,25,649.0895,2025-12-15,714,Mid-High
C00349,13,7918.901,2724.371,27,609.1462307692308,2025-12-16,715,High Value
C00350,7,6818.892,1894.7620000000002,24,974.1274285714286,2025-03-24,448,High Value
C00351,1,967.68,293.85,1,967.68,2025-08-27,604,Low Value
C00352,6,4492.179999999999,1763.4499999999996,10,748.6966666666666,2025-07-26,572,Mid-Low
C00353,4,1293.8995,481.7495,8,323.474875,2025-03-16,440,Low Value
C00354,6,6062.4345,1988.0145,11,1010.40575,2025-11-01,670,Mid-High
C00355,5,1829.1599999999999,450.40999999999997,7,365.832,2025-08-04,581,Low Value
C00356,6,2277.93,799.1200000000001,9,379.655,2025-09-12,620,Low Value
C00357,11,10664.426,3587.946,25,969.4932727272727,2025-11-20,689,High Value
C00358,10,10698.7395,2998.1995000000006,18,1069.87395,2025-11-25,694,High Value
C00359,5,895.713,195.94299999999998,5,179.1426,2025-09-06,614,Low Value
C00360,10,6719.2105,1562.8305000000003,22,671.92105,2025-12-07,706,High Value
C00361,4,2958.885,819.2150000000001,9,739.72125,2025-10-20,658,Mid-Low
C00362,7,7223.065,2434.355,19,1031.8664285714285,2025-12-25,724,High Value
C00363,4,1855.6125000000002,442.3125000000001,5,463.90312500000005,2025-12-25,724,Low Value
C00364,4,2186.0699999999997,761.24,6,546.5174999999999,2025-08-15,592,Low Value
C00365,12,9181.225,2241.1949999999997,27,765.1020833333333,2025-10-14,652,High Value
C00366,11,9164.5585,3644.8485,19,833.1416818181817,2025-12-23,722,High Value
C00367,9,7939.690500000001,2672.7705,18,882.1878333333334,2025-08-03,580,High Value
C00368,5,7121.0095,1879.7695000000003,17,1424.2019,2025-08-07,584,High Value
C00369,9,6007.050499999999,1704.5604999999998,19,667.4500555555555,2025-12-06,705,Mid-High
C00370,15,14309.2215,4430.9415,29,953.9481,2025-12-29,728,High Value
C00371,5,2592.455,710.6850000000001,6,518.491,2025-09-21,629,Low Value
C00372,2,815.025,279.495,3,407.5125,2025-11-12,681,Low Value
C00373,5,3044.934,1182.454,9,608.9868,2024-12-16,350,Mid-Low
C00374,10,11327.111,4451.391,21,1132.7111,2025-12-27,726,High Value
C00375,6,5443.3150000000005,1692.445,14,907.2191666666668,2025-12-27,726,Mid-High
C00376,5,1868.85,594.7299999999999,10,373.77,2025-05-03,488,Low Value
C00377,3,1822.22,848.54,9,607.4066666666666,2025-07-06,552,Low Value
C00378,4,1467.205,115.18499999999989,7,366.80125,2024-08-17,229,Low Value
C00379,4,1982.4650000000001,454.3650000000001,11,495.61625000000004,2025-02-03,399,Low Value
C00380,8,10767.086,3954.406,18,1345.88575,2025-12-17,716,High Value
C00381,8,9359.513,3435.553,18,1169.939125,2025-10-20,658,High Value
C00382,4,1778.0299999999997,698.0999999999999,5,444.50749999999994,2024-11-26,330,Low Value
C00383,13,8761.7715,3304.9715,24,673.9824230769232,2025-12-11,710,High Value
C00384,9,5100.724999999999,1754.215,16,566.7472222222221,2025-11-22,691,Mid-High
C00385,14,8476.908000000001,3054.1780000000003,35,605.4934285714287,2025-12-29,728,High Value
C00386,7,4532.111,1727.141,14,647.4444285714286,2025-12-25,724,Mid-Low
C00387,8,5626.4800000000005,1657.4300000000005,19,703.3100000000001,2025-12-19,718,Mid-High
C00388,13,12051.217499999999,3184.6075,36,927.0167307692307,2025-12-29,728,High Value
C00389,6,5190.978,975.4279999999999,16,865.163,2025-11-16,685,Mid-High
C00390,4,4912.345,1906.9650000000001,9,1228.08625,2025-11-19,688,Mid-High
C00391,11,7183.028,2629.5880000000006,22,653.0025454545455,2025-06-28,544,High Value
C00392,3,2879.2,803.81,6,959.7333333333332,2025-08-01,578,Low Value
C00393,13,6536.889,1895.699,23,502.8376153846154,2025-11-29,698,Mid-High
C00394,7,2623.6345,722.8944999999999,14,374.8049285714286,2025-11-17,686,Low Value
C00395,5,4562.847,1191.977,14,912.5694,2025-11-07,676,Mid-Low
C00396,9,5694.602,2130.5819999999994,20,632.7335555555555,2025-12-08,707,Mid-High
C00397,6,6225.179,2257.259,17,1037.5298333333333,2025-08-11,588,Mid-High
C00398,4,3606.1245000000004,1438.0145000000002,6,901.5311250000001,2025-08-05,582,Mid-Low
C00399,6,1964.08,776.9199999999998,10,327.34666666666664,2025-11-19,688,Low Value
C00400,5,2793.2400000000002,1142.98,12,558.648,2025-11-20,689,Low Value
C00401,13,5842.538,1445.9379999999999,24,449.426,2025-12-05,704,Mid-High
C00402,9,10233.918,2460.248,26,1137.1019999999999,2025-12-06,705,High Value
C00403,9,8234.076,2528.4060000000004,25,914.8973333333332,2025-12-03,702,High Value
C00404,7,1911.2505,702.0105,18,273.03578571428574,2025-11-08,677,Low Value
C00405,7,4420.936,1493.1960000000001,17,631.5622857142856,2025-12-03,702,Mid-Low
C00406,10,7208.106,1547.496,21,720.8106,2025-12-15,714,High Value
C00407,13,6978.706,2022.6260000000002,27,536.8235384615384,2025-12-10,709,High Value
C00408,8,2800.951,778.901,17,350.118875,2025-11-29,698,Low Value
C00409,11,12341.623,3874.103,23,1121.9657272727272,2025-12-15,714,High Value
C00410,5,3978.9235,1522.1535,10,795.7846999999999,2025-07-17,563,Mid-Low
C00411,10,3126.8105,1026.2804999999998,19,312.68105,2025-09-11,619,Mid-Low
C00412,11,7147.513,2209.463,18,649.7739090909091,2025-12-16,715,High Value
C00413,10,6910.334,2340.8140000000003,20,691.0334,2025-12-19,718,High Value
C00414,5,1907.263,377.873,10,381.45259999999996,2025-06-17,533,Low Value
C00415,8,4861.5315,1541.1815,13,607.6914375,2025-12-09,708,Mid-High
C00416,9,10290.875,2633.6349999999998,24,1143.4305555555557,2025-12-08,707,High Value
C00417,6,7254.328,2375.728,16,1209.0546666666667,2025-11-16,685,High Value
C00418,7,4113.348,1223.768,12,587.6211428571429,2025-12-17,716,Mid-Low
C00419,6,3770.007,1218.0770000000002,13,628.3345,2025-08-19,596,Mid-Low
C00420,3,1938.604,615.344,9,646.2013333333333,2025-06-14,530,Low Value
C00421,8,4745.6269999999995,1204.067,16,593.2033749999999,2025-09-12,620,Mid-High
C00422,10,6826.969,2393.909,21,682.6969,2025-12-19,718,High Value
C00423,9,8562.555,3005.4850000000006,21,951.395,2025-07-19,565,High Value
C00424,7,7230.159,2144.469,11,1032.8798571428572,2025-12-23,722,High Value
C00425,6,2433.57,570.7099999999999,8,405.595,2025-10-09,647,Low Value
C00426,6,5950.459,2542.0190000000002,10,991.7431666666666,2025-10-27,665,Mid-High
C00427,6,4000.94,1097.7,12,666.8233333333334,2025-05-23,508,Mid-Low
C00428,6,1002.454,264.84399999999994,7,167.07566666666665,2025-09-22,630,Low Value
C00429,10,4660.363,1361.643,18,466.03630000000004,2025-11-06,675,Mid-High
C00430,10,4091.2805,1061.1905,17,409.12805,2025-12-14,713,Mid-Low
C00431,11,5725.523999999999,1658.004,16,520.5021818181817,2025-12-08,707,Mid-High
C00432,7,3102.5465,861.1765000000003,12,443.22092857142854,2025-12-14,713,Mid-Low
C00433,9,5624.7905,1723.7305000000001,14,624.9767222222222,2025-09-19,627,Mid-High
C00434,5,2011.3509999999999,659.8310000000001,7,402.2702,2025-05-18,503,Low Value
C00435,9,4992.8815,1400.8715,23,554.7646111111112,2025-11-13,682,Mid-High
C00436,9,4427.2395,945.9995,21,491.91549999999995,2025-12-08,707,Mid-Low
C00437,9,3365.533,903.073,16,373.9481111111111,2025-10-12,650,Mid-Low
C00438,6,4272.3425,1329.0925000000002,11,712.0570833333333,2025-09-06,614,Mid-Low
C00439,7,5635.2665,898.0565000000003,14,805.0380714285714,2025-09-18,626,Mid-High
C00440,6,3211.2729999999997,1078.843,12,535.2121666666666,2025-10-09,647,Mid-Low
C00441,6,3516.8185,1305.0085,10,586.1364166666666,2025-12-28,727,Mid-Low
C00442,7,3070.6715,563.4915000000001,14,438.66735714285716,2025-08-19,596,Mid-Low
C00443,8,3152.7205,1007.3605,14,394.0900625,2025-09-06,614,Mid-Low
C00444,9,7567.4815,1655.9115000000002,18,840.8312777777778,2025-10-23,661,High Value
C00445,7,2690.7845,793.9545,15,384.39778571428576,2025-12-13,712,Low Value
C00446,11,8425.4375,3121.0675,24,765.9488636363636,2025-10-03,641,High Value
C00447,5,7407.927,2630.4669999999996,16,1481.5854,2024-09-04,247,High Value
C00448,7,3601.5765,1244.9665000000002,11,514.5109285714286,2025-12-12,711,Mid-Low
C00449,8,5797.4985,1476.3185000000003,21,724.6873125,2025-07-26,572,Mid-High
C00450,5,1694.6950000000002,386.375,8,338.939,2025-11-30,699,Low Value
C00451,9,2815.825,778.965,21,312.8694444444444,2025-12-28,727,Low Value
C00452,7,2933.645,723.7950000000001,14,419.09214285714285,2025-04-02,457,Low Value
C00453,5,2637.7945,778.0045000000001,6,527.5589,2025-11-20,689,Low Value
C00454,6,2489.154,762.2540000000001,17,414.859,2025-11-10,679,Low Value
C00455,11,6040.9745,1876.1644999999999,24,549.1795000000001,2025-12-09,708,Mid-High
C00456,8,4713.8099999999995,1471.8100000000002,19,589.2262499999999,2025-11-23,692,Mid-High
C00457,2,1152.2890000000002,263.8390000000001,3,576.1445000000001,2025-10-18,656,Low Value
C00458,9,2957.4635,803.2834999999999,13,328.6070555555555,2025-09-18,626,Low Value
C00459,5,7312.474999999999,2444.504999999999,12,1462.495,2025-12-20,719,High Value
C00460,10,7768.4075,2229.6875000000005,21,776.8407500000001,2025-07-29,575,High Value
C00461,9,5483.1665,1266.3765,22,609.2407222222223,2025-09-17,625,Mid-High
C00462,10,10204.0265,3059.8064999999997,28,1020.40265,2025-12-02,701,High Value
C00463,6,2779.8965000000003,611.2365000000001,9,463.3160833333334,2025-10-27,665,Low Value
C00464,11,9496.521,2797.431,25,863.3200909090909,2025-09-05,613,High Value
C00465,10,7645.9405,2570.5104999999994,17,764.5940499999999,2025-09-19,627,High Value
C00466,9,5796.6735,1469.0034999999998,17,644.0748333333333,2025-05-30,515,Mid-High
C00467,10,8939.297,2876.2869999999994,22,893.9297,2025-10-29,667,High Value
C00468,4,1973.3639999999998,742.4539999999998,10,493.34099999999995,2024-10-04,277,Low Value
C00469,6,2346.645,697.4649999999999,9,391.1075,2025-01-05,370,Low Value
C00470,10,7639.7505,2471.6405000000004,24,763.97505,2025-11-28,697,High Value
C00471,6,2100.0855,687.4254999999999,9,350.01425,2025-04-17,472,Low Value
C00472,6,3681.499,1089.979,14,613.5831666666667,2025-10-24,662,Mid-Low
C00473,5,2168.2885,738.9085,5,433.65770000000003,2025-11-24,693,Low Value
C00474,8,3094.554,802.954,16,386.81925,2025-02-12,408,Mid-Low
C00475,9,6114.9710000000005,1757.8810000000003,17,679.4412222222222,2025-10-13,651,Mid-High
C00476,3,1156.1039999999998,360.81399999999985,5,385.36799999999994,2025-01-11,376,Low Value
C00477,6,4377.3240000000005,1426.0840000000003,16,729.5540000000001,2025-12-27,726,Mid-Low
C00478,7,6453.325000000001,2066.255,13,921.9035714285716,2025-09-11,619,Mid-High
C00479,5,3876.5650000000005,1475.2450000000003,12,775.3130000000001,2025-10-22,660,Mid-Low
C00480,9,8484.3205,2361.8605,18,942.7022777777778,2025-09-27,635,High Value
C00481,12,8603.0625,2504.3925,27,716.921875,2025-11-17,686,High Value
C00482,4,2273.97,428.79000000000013,8,568.4925,2024-07-10,191,Low Value
C00483,6,4882.112999999999,973.4329999999998,17,813.6854999999999,2025-09-25,633,Mid-High
C00484,5,2766.2355,840.5155,11,553.2470999999999,2025-12-18,717,Low Value
C00485,3,3180.8975,647.1474999999999,5,1060.2991666666667,2025-12-25,724,Mid-Low
C00486,5,2607.8905,859.0905,9,521.5781,2025-09-25,633,Low Value
C00487,5,4374.1025,1732.1124999999997,12,874.8205,2025-07-30,576,Mid-Low
C00488,9,5538.0465,1685.3465,14,615.3385000000001,2025-05-04,489,Mid-High
C00489,4,3592.282,1253.882,5,898.0705,2025-10-19,657,Mid-Low
C00490,7,5896.2185,2108.2485,13,842.3169285714285,2025-11-03,672,Mid-High
C00491,4,5328.456,1891.5059999999999,15,1332.114,2025-11-15,684,Mid-High
C00492,13,7834.626,2775.986,27,602.6635384615385,2025-10-03,641,High Value
C00493,7,3465.0065,1012.0765,11,495.0009285714286,2025-12-20,719,Mid-Low
C00494,6,2087.376,566.3360000000001,9,347.896,2025-12-24,723,Low Value
C00495,6,3990.322,1650.812,11,665.0536666666667,2025-11-17,686,Mid-Low
C00496,8,6132.154500000001,2018.7145000000003,16,766.5193125000001,2025-11-15,684,Mid-High
C00497,9,6514.067999999999,2214.988,14,723.7853333333333,2025-12-25,724,Mid-High
C00498,8,5910.143,1603.9430000000004,15,738.767875,2025-08-22,599,Mid-High
C00499,6,6215.986,1889.886,20,1035.9976666666666,2025-09-05,613,Mid-High
C00500,6,1763.768,460.038,13,293.96133333333336,2025-06-23,539,Low Value
C00501,9,8007.315,2339.035,19,889.7016666666666,2025-11-13,682,High Value
C00502,9,4240.9755000000005,1426.3755,21,471.21950000000004,2025-10-09,647,Mid-Low
C00503,4,2471.199,1021.919,9,617.79975,2025-09-21,629,Low Value
C00504,6,4365.9965,1225.1364999999998,12,727.6660833333334,2024-12-02,336,Mid-Low
C00505,10,10090.958,3422.398,25,1009.0958,2025-09-29,637,High Value
C00506,7,4329.712,1139.7120000000002,16,618.5302857142858,2025-12-10,709,Mid-Low
C00507,3,1379.042,376.672,5,459.68066666666664,2024-06-27,178,Low Value
C00508,7,3069.0229999999997,1147.663,13,438.4318571428571,2025-11-02,671,Mid-Low
C00509,8,4699.227,1394.317,15,587.403375,2025-10-06,644,Mid-High
C00510,7,3821.8079999999995,1147.0079999999998,15,545.9725714285713,2025-10-31,669,Mid-Low
C00511,9,4404.365,1162.1150000000002,16,489.37388888888887,2025-12-13,712,Mid-Low
C00512,4,1884.279,533.4289999999999,9,471.06975,2025-12-29,728,Low Value
C00513,7,3786.7025,1336.9125,15,540.9575,2025-12-21,720,Mid-Low
C00514,4,2374.0190000000002,732.839,10,593.5047500000001,2025-12-13,712,Low Value
C00515,8,6972.7465,1964.1065,22,871.5933125,2025-12-31,730,High Value
C00516,3,647.533,102.60299999999997,6,215.84433333333334,2025-07-23,569,Low Value
C00517,5,3036.161,583.2810000000002,8,607.2322,2025-11-28,697,Mid-Low
C00518,10,11595.21,3562.9500000000003,26,1159.521,2025-11-10,679,High Value
C00519,2,329.136,75.55600000000003,2,164.568,2024-08-23,235,Low Value
C00520,7,4653.3165,1207.0764999999997,16,664.7595,2025-06-20,536,Mid-High
C00521,7,5354.574500000001,2217.2545,16,764.9392142857143,2025-10-09,647,Mid-High
C00522,5,3066.4995,892.8095000000001,10,613.2999,2025-10-23,661,Mid-Low
C00523,10,6086.332,1922.892,20,608.6332,2025-10-15,653,Mid-High
C00524,4,1889.2140000000002,594.9340000000001,12,472.30350000000004,2024-12-20,354,Low Value
C00525,8,5053.2635,1383.5135000000002,18,631.6579375,2025-12-25,724,Mid-High
C00526,10,6433.268,1923.1380000000004,23,643.3268,2025-12-15,714,Mid-High
C00527,8,3228.864,1080.034,11,403.608,2025-04-28,483,Mid-Low
C00528,13,8181.2375,2710.5775,32,629.3259615384616,2025-09-22,630,High Value
C00529,10,5535.5380000000005,2072.388,18,553.5538,2025-07-27,573,Mid-High
C00530,2,847.443,309.423,2,423.7215,2025-10-18,656,Low Value
C00531,3,2722.413,528.2229999999998,11,907.471,2025-07-21,567,Low Value
C00532,8,9007.968,3817.9179999999997,18,1125.996,2025-12-24,723,High Value
C00533,5,2134.5899999999997,823.03,7,426.91799999999995,2025-12-03,702,Low Value
C00534,8,7533.425499999999,2234.9055000000003,20,941.6781874999999,2025-05-17,502,High Value
C00535,8,4930.562,2079.642,17,616.32025,2025-12-07,706,Mid-High
C00536,11,14459.734,5546.964,28,1314.5212727272728,2025-12-29,728,High Value
C00537,8,3983.9889999999996,1010.609,19,497.99862499999995,2025-09-11,619,Mid-Low
C00538,6,748.211,103.92099999999996,6,124.70183333333334,2025-03-08,432,Low Value
C00539,5,6600.453,2452.8129999999996,10,1320.0906,2025-03-01,425,Mid-High
C00540,9,4505.383,1097.5729999999999,25,500.5981111111111,2025-10-14,652,Mid-Low
C00541,5,2274.3535,646.9935,11,454.87070000000006,2024-12-24,358,Low Value
C00542,6,3162.826,743.586,13,527.1376666666666,2025-08-11,588,Mid-Low
C00543,5,6261.811,2306.121,14,1252.3622,2025-07-28,574,Mid-High
C00544,12,5120.56,1355.7200000000003,28,426.71333333333337,2025-11-25,694,Mid-High
C00545,7,3135.975,915.0449999999998,20,447.99642857142857,2025-05-24,509,Mid-Low
C00546,8,7560.446,2180.356,20,945.05575,2025-11-17,686,High Value
C00547,3,2814.6615,1196.6615000000002,7,938.2205,2025-10-18,656,Low Value
C00548,5,3013.8965,831.6965,6,602.7792999999999,2025-09-07,615,Mid-Low
C00549,10,11442.611,4144.191000000001,20,1144.2611000000002,2025-10-26,664,High Value
C00550,9,10112.188,4009.0579999999995,28,1123.5764444444444,2025-11-28,697,High Value
C00551,9,5254.1875,1030.2575000000008,16,583.7986111111111,2025-12-20,719,Mid-High
C00552,7,4177.5995,1067.6095,12,596.7999285714286,2025-11-25,694,Mid-Low
C00553,6,3799.9300000000003,1374.21,13,633.3216666666667,2025-11-26,695,Mid-Low
C00554,5,3184.765,952.4749999999999,12,636.953,2025-11-19,688,Mid-Low
C00555,8,7922.143,2451.2630000000004,13,990.267875,2025-10-06,644,High Value
C00556,6,4669.805,1508.785,9,778.3008333333333,2025-10-07,645,Mid-High
C00557,3,4719.995,1198.0749999999998,7,1573.3316666666667,2025-12-30,729,Mid-High
C00558,4,928.971,158.16100000000003,4,232.24275,2025-01-06,371,Low Value
C00559,3,698.761,171.51099999999997,4,232.92033333333333,2024-11-04,308,Low Value
C00560,6,1499.692,481.842,7,249.94866666666667,2025-09-14,622,Low Value
C00561,7,4754.609,1798.6989999999998,10,679.2298571428572,2025-10-15,653,Mid-High
C00562,7,2651.718,634.4779999999998,14,378.81685714285715,2025-12-21,720,Low Value
C00563,9,5520.7255000000005,1344.9055,17,613.4139444444445,2025-12-03,702,Mid-High
C00564,9,3511.9605,1287.0105,13,390.2178333333334,2025-12-13,712,Mid-Low
C00565,2,2426.542,498.37200000000007,8,1213.271,2025-07-31,577,Low Value
C00566,7,7444.3060000000005,1836.4959999999999,19,1063.4722857142858,2025-07-14,560,High Value
C00567,7,3096.3865,1107.9065,10,442.3409285714286,2025-09-10,618,Mid-Low
C00568,4,2027.7324999999998,437.95250000000004,9,506.93312499999996,2025-08-30,607,Low Value
C00569,6,1367.8645000000001,413.3845,9,227.9774166666667,2025-08-11,588,Low Value
C00570,6,2734.3435,775.7835000000001,11,455.72391666666664,2025-12-12,711,Low Value
C00571,9,6804.228,2551.2580000000003,17,756.0253333333334,2025-10-03,641,High Value
C00572,5,3917.459,1352.919,7,783.4918,2025-07-31,577,Mid-Low
C00573,7,4051.367,1569.9270000000001,16,578.7667142857143,2025-10-09,647,Mid-Low
C00574,9,8964.98,2715.2899999999995,27,996.1088888888888,2025-12-16,715,High Value
C00575,3,901.318,178.62800000000004,4,300.4393333333333,2025-08-26,603,Low Value
C00576,10,5861.7625,1723.7224999999999,30,586.17625,2025-11-14,683,Mid-High
C00577,11,9280.914,2650.014,22,843.7194545454546,2025-12-07,706,High Value
C00578,6,4304.679999999999,1158.01,15,717.4466666666666,2025-12-19,718,Mid-Low
C00579,6,2482.5815000000002,669.5415,8,413.7635833333334,2025-12-13,712,Low Value
C00580,14,8572.666,2658.176,28,612.3332857142857,2025-12-15,714,High Value
C00581,7,2563.333,835.293,8,366.1904285714286,2025-12-21,720,Low Value
C00582,11,7987.229,2602.339,22,726.1117272727273,2025-10-20,658,High Value
C00583,5,4043.928,1420.538,13,808.7855999999999,2025-10-23,661,Mid-Low
C00584,4,2760.964,761.8240000000001,11,690.241,2025-11-28,697,Low Value
C00585,7,8508.665,2809.705,19,1215.5235714285716,2025-03-18,442,High Value
C00586,9,3303.93,709.0300000000001,19,367.1033333333333,2025-12-02,701,Mid-Low
C00587,6,5892.989,2358.6189999999997,13,982.1648333333333,2025-05-29,514,Mid-High
C00588,7,3568.325,923.405,9,509.76071428571424,2025-08-18,595,Mid-Low
C00589,14,8092.3245,2831.5245,40,578.0231785714285,2025-12-16,715,High Value
C00590,4,1948.5359999999998,694.7059999999999,11,487.13399999999996,2025-01-26,391,Low Value
C00591,6,7845.6825,2247.2025,16,1307.61375,2025-08-25,602,High Value
C00592,4,2428.45,756.6100000000001,9,607.1125,2025-04-14,469,Low Value
C00593,2,1175.606,372.54600000000005,3,587.803,2024-08-17,229,Low Value
C00594,12,6618.4935,2208.1234999999997,27,551.541125,2025-12-19,718,Mid-High
C00595,7,2296.4275,583.5475,13,328.0610714285714,2025-06-15,531,Low Value
C00596,7,4106.782,1512.312,11,586.6831428571429,2025-07-29,575,Mid-Low
C00597,7,4617.225,1356.2450000000001,14,659.6035714285715,2025-11-29,698,Mid-High
C00598,8,4360.4075,1502.5775000000003,15,545.0509375,2025-11-11,680,Mid-Low
C00599,1,840.9599999999998,112.94999999999976,3,840.9599999999998,2025-07-30,576,Low Value
C00600,3,2099.48,741.7900000000002,6,699.8266666666667,2025-07-08,554,Low Value
C00601,10,5772.5585,2031.7384999999997,17,577.25585,2025-12-10,709,Mid-High
C00602,7,12062.087,3114.8070000000002,18,1723.1552857142856,2025-11-18,687,High Value
C00603,7,4101.64,995.28,19,585.9485714285714,2025-12-06,705,Mid-Low
C00604,8,3930.3464999999997,1186.7064999999998,15,491.29331249999996,2025-08-07,584,Mid-Low
C00605,5,1354.8410000000001,423.091,7,270.9682,2025-09-27,635,Low Value
C00606,8,2232.0764999999997,489.2964999999997,12,279.00956249999996,2025-09-11,619,Low Value
C00607,10,6890.061,1706.6510000000003,24,689.0061,2025-02-20,416,High Value
C00608,13,10815.526,3600.6159999999995,28,831.9635384615384,2025-12-24,723,High Value
C00609,9,8996.7115,3029.3815000000004,15,999.6346111111111,2025-12-27,726,High Value
C00610,10,5995.8395,1237.6095000000003,24,599.58395,2025-09-11,619,Mid-High
C00611,4,3619.3924999999995,1314.1624999999997,8,904.8481249999999,2025-09-11,619,Mid-Low
C00612,10,6947.0335,2360.9735,18,694.70335,2025-11-12,681,High Value
C00613,7,4780.753,1638.943,13,682.9647142857142,2025-10-26,664,Mid-High
C00614,13,5025.0435,1561.4935,23,386.54180769230766,2025-08-21,598,Mid-High
C00615,12,12931.174500000001,3437.5544999999997,35,1077.5978750000002,2025-11-11,680,High Value
C00616,7,8386.3305,2908.7805000000008,13,1198.0472142857143,2025-09-26,634,High Value
C00617,7,3267.949,1147.9989999999998,12,466.84985714285716,2025-10-01,639,Mid-Low
C00618,3,2745.2400000000002,753.5,7,915.08,2025-12-06,705,Low Value
C00619,9,5410.251,1608.7510000000002,13,601.139,2025-02-19,415,Mid-High
C00620,6,5036.3655,1462.3855,13,839.3942499999999,2025-04-15,470,Mid-High
C00621,8,4234.1815,1376.5915,14,529.2726875,2025-11-02,671,Mid-Low
C00622,5,866.8075,105.7475,11,173.3615,2025-12-26,725,Low Value
C00623,9,6142.043000000001,1339.4530000000002,21,682.4492222222223,2025-12-31,730,Mid-High
C00624,9,7705.227999999999,2789.228,25,856.1364444444444,2025-11-09,678,High Value
C00625,8,4276.4725,1113.1525000000001,11,534.5590625,2025-12-31,730,Mid-Low
C00626,7,7154.744000000001,2232.294,15,1022.1062857142858,2025-12-08,707,High Value
C00627,7,2890.055,890.4750000000001,16,412.86499999999995,2025-12-08,707,Low Value
C00628,8,5575.477,2167.557,18,696.934625,2025-12-12,711,Mid-High
C00629,14,6047.532,2093.8320000000003,24,431.96657142857146,2025-11-05,674,Mid-High
C00630,7,7001.604,2134.3940000000002,13,1000.2291428571428,2025-08-04,581,High Value
C00631,8,8048.443499999999,2816.3735,22,1006.0554374999999,2025-04-30,485,High Value
C00632,3,2798.131,933.4909999999998,12,932.7103333333333,2024-12-09,343,Low Value
C00633,5,6637.892000000001,2357.8020000000006,13,1327.5784,2025-11-26,695,Mid-High
C00634,12,9038.699,3870.459,21,753.2249166666667,2025-10-05,643,High Value
C00635,6,4884.045,1540.4050000000002,12,814.0075,2025-08-27,604,Mid-High
C00636,10,12886.4355,3204.3055000000004,29,1288.64355,2025-06-23,539,High Value
C00637,8,5269.2645,1866.6644999999999,12,658.6580625,2025-12-09,708,Mid-High
C00638,6,3178.701,847.2909999999998,13,529.7835,2025-12-12,711,Mid-Low
C00639,8,5535.376,1956.536,14,691.922,2025-01-22,387,Mid-High
C00640,11,8063.269,2627.829,33,733.0244545454545,2025-10-28,666,High Value
C00641,5,6147.8015,2472.241499999999,17,1229.5602999999999,2025-10-30,668,Mid-High
C00642,5,3058.673,939.6629999999998,12,611.7346,2025-10-14,652,Mid-Low
C00643,6,3540.2160000000003,1221.8360000000002,12,590.0360000000001,2025-08-22,599,Mid-Low
C00644,5,3634.6465,1228.8965,11,726.9293,2025-12-06,705,Mid-Low
C00645,7,3284.486,1101.7060000000001,16,469.2122857142857,2025-09-05,613,Mid-Low
C00646,4,7927.520000000001,1748.4000000000003,15,1981.8800000000003,2025-09-13,621,High Value
C00647,5,2399.11,781.0,10,479.822,2025-07-08,554,Low Value
C00648,3,1624.464,679.194,6,541.4879999999999,2025-04-01,456,Low Value
C00649,5,3208.759,1279.219,10,641.7518,2025-12-20,719,Mid-Low
C00650,8,4213.8605,985.0705000000002,19,526.7325625,2025-10-08,646,Mid-Low
C00651,6,1303.2345,296.1545,7,217.20575,2025-11-07,676,Low Value
C00652,9,7608.5365,2274.6365000000005,19,845.3929444444444,2025-11-24,693,High Value
C00653,12,7319.7835,2373.6735,27,609.9819583333333,2025-07-16,562,High Value
C00654,5,4567.591,1646.8210000000004,13,913.5182000000001,2025-08-05,582,Mid-Low
C00655,12,9661.742,2987.3819999999996,28,805.1451666666667,2025-12-07,706,High Value
C00656,12,8215.8965,1889.1265,28,684.6580416666667,2025-08-25,602,High Value
C00657,10,4688.5064999999995,1467.7065,22,468.85065,2025-11-21,690,Mid-High
C00658,5,9528.848,2828.358,16,1905.7696,2025-12-13,712,High Value
C00659,7,6639.38,2052.05,23,948.4828571428571,2025-12-01,700,Mid-High
C00660,9,11020.783500000001,2151.4435000000003,23,1224.5315,2025-12-21,720,High Value
C00661,6,1687.0749999999998,568.0849999999999,12,281.1791666666666,2025-05-14,499,Low Value
C00662,14,16521.258,5295.438,42,1180.0898571428572,2025-12-09,708,High Value
C00663,7,10887.339,4623.438999999999,20,1555.3341428571428,2025-08-13,590,High Value
C00664,16,9330.045,3920.6949999999997,29,583.1278125,2025-12-27,726,High Value
C00665,6,4511.995,1265.3850000000002,16,751.9991666666666,2024-12-16,350,Mid-Low
C00666,6,4720.9980000000005,1840.5380000000002,14,786.8330000000001,2025-05-17,502,Mid-High
C00667,8,6128.9525,1768.7325,16,766.1190625,2025-10-16,654,Mid-High
C00668,10,12422.723,3537.4129999999996,24,1242.2723,2025-12-03,702,High Value
C00669,8,1603.424,438.83399999999995,14,200.428,2025-05-01,486,Low Value
C00670,5,3943.636,1029.8359999999998,10,788.7272,2025-10-03,641,Mid-Low
C00671,5,1760.549,570.4590000000001,7,352.1098,2025-12-15,714,Low Value
C00672,10,6511.592,2399.3819999999996,18,651.1591999999999,2025-12-11,710,Mid-High
C00673,8,4404.196,1287.5559999999998,20,550.5245,2025-11-03,672,Mid-Low
C00674,5,5625.6725,1483.0725,11,1125.1345,2025-12-12,711,Mid-High
C00675,9,6639.292,1959.3020000000001,22,737.6991111111112,2025-09-06,614,Mid-High
C00676,6,3030.065,897.585,8,505.0108333333333,2025-08-19,596,Mid-Low
C00677,5,1361.3815,437.68149999999997,10,272.2763,2025-12-12,711,Low Value
C00678,8,8699.888500000001,2296.0085000000004,22,1087.4860625000001,2025-12-02,701,High Value
C00679,7,3948.706,1071.676,15,564.1008571428572,2025-09-11,619,Mid-Low
C00680,2,1125.783,331.71299999999997,2,562.8915,2024-12-21,355,Low Value
C00681,6,4234.847,1673.287,11,705.8078333333333,2025-10-15,653,Mid-Low
C00682,8,4426.389,1277.399,13,553.298625,2025-10-30,668,Mid-Low
C00683,5,4673.8375,788.0274999999999,10,934.7674999999999,2025-09-17,625,Mid-High
C00684,10,4715.934,1071.9240000000002,19,471.59340000000003,2025-11-07,676,Mid-High
C00685,6,5101.082,1831.542,16,850.1803333333334,2025-07-10,556,Mid-High
C00686,6,5539.373,1653.823,20,923.2288333333332,2025-08-13,590,Mid-High
C00687,13,8014.474,2752.2140000000004,36,616.498,2025-11-29,698,High Value
C00688,12,12921.5315,4153.4515,27,1076.7942916666666,2025-12-01,700,High Value
C00689,3,1682.75,615.1199999999999,9,560.9166666666666,2024-09-03,246,Low Value
C00690,9,5619.33,1217.06,19,624.37,2025-10-26,664,Mid-High
C00691,9,5748.942999999999,1650.143,22,638.7714444444443,2025-07-18,564,Mid-High
C00692,10,7937.491,2160.251,22,793.7491,2025-12-25,724,High Value
C00693,8,7023.044,2714.2039999999997,19,877.8805,2025-05-31,516,High Value
C00694,9,5315.6375,1664.8875,17,590.6263888888889,2025-12-31,730,Mid-High
C00695,6,3715.0620000000004,1345.9120000000003,11,619.177,2025-08-09,586,Mid-Low
C00696,3,1245.4859999999999,432.42599999999993,5,415.162,2025-01-14,379,Low Value
C00697,11,8784.5085,2306.2284999999997,27,798.5916818181818,2025-09-09,617,High Value
C00698,18,15583.643,4077.4730000000004,39,865.7579444444444,2025-11-26,695,High Value
C00699,8,5243.3855,1695.9755000000005,15,655.4231875,2025-12-08,707,Mid-High
C00700,9,4970.49,1375.4999999999998,18,552.2766666666666,2025-11-24,693,Mid-High
C00701,14,6640.194,1975.8740000000003,29,474.2995714285715,2025-10-29,667,Mid-High
C00702,6,3954.4195000000004,771.3495,12,659.0699166666667,2025-11-15,684,Mid-Low
C00703,2,748.1800000000001,298.55,3,374.09000000000003,2025-08-09,586,Low Value
C00704,6,3110.7045,760.0245,11,518.45075,2025-09-20,628,Mid-Low
C00705,5,1621.6215,458.16149999999993,6,324.3243,2025-06-04,520,Low Value
C00706,13,6636.6605,1866.4005000000002,24,510.5123461538461,2025-11-27,696,Mid-High
C00707,3,1737.1034999999997,660.8534999999997,11,579.0344999999999,2025-11-18,687,Low Value
C00708,2,400.936,94.66599999999997,5,200.468,2025-10-23,661,Low Value
C00709,6,4883.213,1760.2730000000001,17,813.8688333333333,2025-11-01,670,Mid-High
C00710,10,7627.2885,2478.2985000000003,23,762.72885,2025-12-01,700,High Value
C00711,8,6840.871499999999,1905.9715,16,855.1089374999999,2025-07-23,569,High Value
C00712,3,918.1154999999999,321.2055,5,306.03849999999994,2025-03-24,448,Low Value
C00713,7,4135.12,1184.47,11,590.7314285714285,2025-12-12,711,Mid-Low
C00714,10,4018.4145000000003,1316.5645,13,401.84145,2025-12-06,705,Mid-Low
C00715,9,7568.120000000001,2202.8,18,840.9022222222223,2025-12-09,708,High Value
C00716,10,11416.224999999999,4776.375,25,1141.6225,2025-05-10,495,High Value
C00717,7,6088.1415,1991.7414999999999,16,869.7344999999999,2025-04-02,457,Mid-High
C00718,10,3249.611,1224.371,18,324.9611,2025-08-20,597,Mid-Low
C00719,3,3009.6485000000002,1057.2085,7,1003.2161666666667,2025-05-27,512,Mid-Low
C00720,6,6456.983,1837.0830000000005,16,1076.1638333333333,2025-10-01,639,Mid-High
C00721,6,5255.965,1993.6750000000002,19,875.9941666666667,2025-12-16,715,Mid-High
C00722,7,3707.272,1037.6920000000002,12,529.6102857142857,2025-08-06,583,Mid-Low
C00723,5,1139.9385,184.5285,9,227.9877,2025-10-26,664,Low Value
C00724,6,5245.37,1641.6299999999999,15,874.2283333333334,2025-08-12,589,Mid-High
C00725,12,9682.448,2179.828,24,806.8706666666667,2025-10-15,653,High Value
C00726,7,7657.0335,2556.6935000000003,16,1093.8619285714285,2025-10-20,658,High Value
C00727,8,5737.9619999999995,1793.3719999999998,17,717.2452499999999,2025-08-20,597,Mid-High
C00728,6,3560.3585000000003,1538.9085,13,593.3930833333334,2025-08-13,590,Mid-Low
C00729,8,5317.118,1465.4680000000003,19,664.63975,2025-11-20,689,Mid-High
C00730,6,4974.379,1511.5690000000002,18,829.0631666666667,2025-04-18,473,Mid-High
C00731,7,7191.799499999999,2906.9395,16,1027.3999285714285,2025-05-18,503,High Value
C00732,4,2460.9480000000003,691.3880000000001,8,615.2370000000001,2025-09-29,637,Low Value
C00733,4,3530.7839999999997,1489.934,7,882.6959999999999,2025-05-10,495,Mid-Low
C00734,9,4223.1985,1689.2585,18,469.2442777777778,2025-12-11,710,Mid-Low
C00735,6,2337.938,504.61800000000005,7,389.65633333333335,2025-12-31,730,Low Value
C00736,3,156.1005,18.320500000000003,5,52.033500000000004,2025-12-26,725,Low Value
C00737,7,3947.511,1149.521,12,563.9301428571429,2025-10-09,647,Mid-Low
C00738,3,1465.466,582.2559999999999,8,488.48866666666663,2025-03-05,429,Low Value
C00739,8,6712.4765,2134.0865000000003,19,839.0595625,2025-12-26,725,High Value
C00740,9,4671.568,1672.1179999999997,20,519.0631111111111,2025-09-12,620,Mid-High
C00741,11,8612.916,2910.8760000000007,25,782.9923636363636,2025-08-04,581,High Value
C00742,9,6389.3145,1751.2845000000002,19,709.9238333333334,2025-11-07,676,Mid-High
C00743,6,4906.074,1625.934,14,817.679,2025-11-07,676,Mid-High
C00744,3,952.4870000000001,319.18699999999995,7,317.4956666666667,2025-04-15,470,Low Value
C00745,5,4377.675,1087.455,17,875.5350000000001,2025-10-24,662,Mid-Low
C00746,4,3529.289,1228.0090000000005,10,882.32225,2025-10-30,668,Mid-Low
C00747,7,3454.952,1040.3120000000001,12,493.56457142857147,2025-09-11,619,Mid-Low
C00748,4,2198.9115,526.3015000000003,8,549.727875,2025-10-03,641,Low Value
C00749,8,7737.206,2752.996,13,967.15075,2025-09-24,632,High Value
C00750,4,1722.0300000000002,454.8500000000001,6,430.50750000000005,2025-10-13,651,Low Value
C00751,4,3183.2019999999998,1028.9319999999998,14,795.8004999999999,2025-04-24,479,Mid-Low
C00752,7,5015.582,1758.122,16,716.5117142857143,2025-06-14,530,Mid-High
C00753,10,6152.6224999999995,2199.3125,22,615.26225,2025-10-23,661,Mid-High
C00754,11,6591.2595,1610.4295000000002,22,599.2054090909091,2025-12-21,720,Mid-High
C00755,10,7418.187,2262.9069999999997,15,741.8187,2025-11-19,688,High Value
C00756,6,3285.9610000000002,977.9910000000001,9,547.6601666666667,2025-12-09,708,Mid-Low
C00757,8,4437.6505,1193.4304999999997,21,554.7063125,2025-10-09,647,Mid-Low
C00758,4,2426.352,826.9419999999999,9,606.588,2025-11-14,683,Low Value
C00759,6,4067.857,1257.4170000000001,7,677.9761666666667,2025-10-07,645,Mid-Low
C00760,9,3633.1535000000003,881.3235000000001,15,403.6837222222223,2025-12-30,729,Mid-Low
C00761,7,4818.9405,1590.1004999999998,18,688.4200714285714,2025-12-30,729,Mid-High
C00762,5,3345.866,642.596,11,669.1732,2025-12-19,718,Mid-Low
C00763,7,5226.9985,695.6585000000001,15,746.7140714285714,2025-12-18,717,Mid-High
C00764,8,4086.5550000000003,1186.745,14,510.81937500000004,2025-10-07,645,Mid-Low
C00765,5,3811.943,1534.7529999999997,7,762.3886,2025-11-28,697,Mid-Low
C00766,10,6123.748,2127.588,28,612.3747999999999,2025-09-06,614,Mid-High
C00767,5,2402.7785,811.7785,11,480.5557,2025-09-27,635,Low Value
C00768,6,3271.32,857.82,12,545.22,2025-03-02,426,Mid-Low
C00769,2,2218.982,987.292,5,1109.491,2025-05-11,496,Low Value
C00770,6,2430.3585,576.4185,7,405.05974999999995,2025-11-07,676,Low Value
C00771,10,5997.0815,2383.8215,25,599.70815,2025-12-31,730,Mid-High
C00772,9,4743.993,1862.8329999999999,20,527.1103333333334,2025-12-01,700,Mid-High
C00773,7,3125.5485,948.7485,14,446.50692857142855,2025-11-09,678,Mid-Low
C00774,10,5861.030000000001,1624.7500000000005,13,586.1030000000001,2025-11-18,687,Mid-High
C00775,7,2778.8655,672.2955000000001,10,396.9807857142857,2025-12-13,712,Low Value
C00776,6,1412.1425,480.6424999999999,11,235.35708333333332,2025-09-18,626,Low Value
C00777,7,3192.7259999999997,867.4559999999999,13,456.10371428571426,2025-11-01,670,Mid-Low
C00778,8,4822.662,1615.3320000000003,12,602.83275,2025-08-02,579,Mid-High
C00779,8,11722.303,3886.7430000000004,16,1465.287875,2025-09-09,617,High Value
C00780,7,5042.2115,1023.4815000000003,13,720.3159285714286,2025-07-01,547,Mid-High
C00781,8,8592.540500000001,2750.2705000000005,17,1074.0675625000001,2025-04-10,465,High Value
C00782,5,3958.376,1673.4460000000001,9,791.6752,2025-12-04,703,Mid-Low
C00783,6,4104.4245,1351.3945,10,684.07075,2025-06-27,543,Mid-Low
C00784,6,1848.402,568.492,11,308.067,2025-12-20,719,Low Value
C00785,7,5634.811,1618.901,11,804.973,2025-07-16,562,Mid-High
C00786,7,2921.621,853.321,14,417.3744285714286,2025-04-14,469,Low Value
C00787,4,6469.186,2329.406,14,1617.2965,2025-07-13,559,Mid-High
C00788,8,8014.594000000001,2432.1540000000005,18,1001.8242500000001,2025-12-06,705,High Value
C00789,3,1452.566,288.78599999999994,7,484.1886666666667,2025-08-04,581,Low Value
C00790,8,4204.885,1511.325,12,525.610625,2025-10-29,667,Mid-Low
C00791,12,11833.101,3970.0310000000004,22,986.09175,2025-12-11,710,High Value
C00792,7,4190.923,1351.6129999999998,14,598.7032857142857,2025-12-31,730,Mid-Low
C00793,6,3619.1115,750.6815,10,603.18525,2025-12-05,704,Mid-Low
C00794,3,1629.33,174.8200000000001,5,543.11,2025-05-22,507,Low Value
C00795,5,5672.289,1182.1090000000002,15,1134.4578,2025-11-21,690,Mid-High
C00796,10,5819.203,1709.5130000000001,21,581.9203,2025-12-25,724,Mid-High
C00797,6,3593.717,1194.497,15,598.9528333333334,2025-03-27,451,Mid-Low
C00798,6,4975.773,2154.2329999999997,12,829.2955000000001,2025-12-19,718,Mid-High
C00799,6,5702.528,1197.0579999999998,14,950.4213333333333,2025-07-21,567,Mid-High
C00800,5,2401.257,710.277,11,480.2514,2024-11-30,334,Low Value
C00801,10,4325.635499999999,1418.2454999999998,22,432.56354999999996,2025-12-04,703,Mid-Low
C00802,4,1890.958,646.048,12,472.7395,2025-11-27,696,Low Value
C00803,8,8131.352,3017.5519999999997,17,1016.419,2025-10-10,648,High Value
C00804,9,6428.4715,1709.4115,20,714.2746111111111,2025-12-06,705,Mid-High
C00805,9,3737.005,1189.215,12,415.22277777777776,2025-12-05,704,Mid-Low
C00806,7,5878.9905,1746.1605,16,839.8557857142857,2025-12-27,726,Mid-High
C00807,6,1069.452,338.582,10,178.242,2025-10-08,646,Low Value
C00808,10,5713.223,2200.383,21,571.3223,2025-11-08,677,Mid-High
C00809,3,3504.806,1043.0159999999998,6,1168.2686666666666,2025-10-15,653,Mid-Low
C00810,9,5195.448,1638.0080000000003,19,577.272,2025-07-25,571,Mid-High
C00811,8,5141.7255,1995.9755,13,642.7156875,2025-02-23,419,Mid-High
C00812,5,3837.974,1380.304,11,767.5948000000001,2025-06-07,523,Mid-Low
C00813,8,5032.1759999999995,1910.626,22,629.0219999999999,2025-07-02,548,Mid-High
C00814,8,7936.933,2315.3330000000005,20,992.116625,2025-12-25,724,High Value
C00815,2,1436.71,507.0,5,718.355,2024-10-18,291,Low Value
C00816,3,1016.0939999999998,399.64399999999995,7,338.6979999999999,2024-07-25,206,Low Value
C00817,7,7048.563999999999,2693.5339999999997,22,1006.9377142857142,2025-12-26,725,High Value
C00818,9,3606.375,911.9050000000001,15,400.7083333333333,2025-09-12,620,Mid-Low
C00819,5,2002.6025,624.2124999999999,8,400.52049999999997,2025-08-12,589,Low Value
C00820,7,3875.6370000000006,1419.3770000000002,12,553.6624285714287,2025-11-05,674,Mid-Low
C00821,7,3355.118,681.4680000000001,16,479.3025714285714,2025-12-10,709,Mid-Low
C00822,6,3399.2585,1046.8885,10,566.5430833333334,2025-10-14,652,Mid-Low
C00823,6,9561.177,3860.5569999999993,12,1593.5294999999999,2025-11-24,693,High Value
C00824,3,1547.0819999999999,648.8119999999998,7,515.694,2024-12-12,346,Low Value
C00825,9,4039.098,1179.4779999999998,19,448.78866666666664,2025-12-23,722,Mid-Low
C00826,5,3572.2605000000003,1206.9305000000004,12,714.4521000000001,2025-10-28,666,Mid-Low
C00827,9,3675.2725,1108.7425000000003,27,408.36361111111114,2025-10-25,663,Mid-Low
C00828,13,4190.8255,1340.6154999999999,21,322.3711923076923,2025-10-15,653,Mid-Low
C00829,11,10531.842999999999,2487.303,25,957.4402727272726,2025-12-25,724,High Value
C00830,3,1946.1175,361.6375000000003,6,648.7058333333333,2025-11-13,682,Low Value
C00831,6,3935.389,1445.8890000000001,11,655.8981666666667,2025-12-09,708,Mid-Low
C00832,6,6556.088,1788.8980000000001,13,1092.6813333333332,2025-09-14,622,Mid-High
C00833,6,2038.5055,576.8755,8,339.7509166666667,2025-12-30,729,Low Value
C00834,3,1459.4605,478.2304999999998,5,486.4868333333333,2025-06-26,542,Low Value
C00835,5,4454.574500000001,1551.1145000000004,8,890.9149000000001,2025-09-26,634,Mid-Low
C00836,15,10496.1695,3507.1695,33,699.7446333333334,2025-10-21,659,High Value
C00837,7,2176.4445,770.8245,11,310.92064285714287,2025-12-21,720,Low Value
C00838,7,5832.671,1844.2810000000004,17,833.2387142857143,2025-07-28,574,Mid-High
C00839,9,4098.605,1313.375,16,455.4005555555555,2025-10-25,663,Mid-Low
C00840,7,4678.245,1214.2150000000001,14,668.3207142857143,2025-11-24,693,Mid-High
C00841,5,1925.741,523.2210000000001,8,385.1482,2025-10-31,669,Low Value
C00842,7,5007.282,1749.622,18,715.326,2025-04-30,485,Mid-High
C00843,7,4409.1505,1622.1705000000002,14,629.8786428571428,2025-12-20,719,Mid-Low
C00844,6,5583.51,2016.5299999999997,17,930.585,2025-11-02,671,Mid-High
C00845,8,5586.5235,1817.5534999999998,21,698.3154375,2025-10-05,643,Mid-High
C00846,6,2896.6420000000003,754.102,9,482.7736666666667,2025-10-14,652,Low Value
C00847,5,3139.584,872.9839999999999,10,627.9168,2025-08-09,586,Mid-Low
C00848,6,3694.184,1336.964,12,615.6973333333334,2025-11-01,670,Mid-Low
C00849,6,6448.2210000000005,2175.321000000001,16,1074.7035,2025-12-28,727,Mid-High
C00850,5,1295.775,310.99500000000006,10,259.15500000000003,2025-09-17,625,Low Value
C00851,13,9396.7515,2630.2315,26,722.8270384615385,2025-12-17,716,High Value
C00852,9,3926.754,1151.3539999999998,15,436.306,2025-12-02,701,Mid-Low
C00853,8,3306.3615,653.2515000000001,16,413.2951875,2025-11-21,690,Mid-Low
C00854,4,4835.5605000000005,1310.7705,14,1208.8901250000001,2025-06-18,534,Mid-High
C00855,12,13063.8025,4630.762500000001,31,1088.6502083333332,2025-11-15,684,High Value
C00856,7,2700.349,749.509,10,385.7641428571429,2025-12-11,710,Low Value
C00857,10,9151.421,2910.541,22,915.1421,2025-11-04,673,High Value
C00858,10,8425.9345,1675.5945000000002,23,842.59345,2025-11-12,681,High Value
C00859,14,4922.852,1352.4619999999998,24,351.63228571428573,2025-12-16,715,Mid-High
C00860,5,869.38,173.53999999999996,7,173.876,2025-08-14,591,Low Value
C00861,10,4043.017,984.5369999999998,16,404.3017,2025-12-16,715,Mid-Low
C00862,2,546.824,106.62399999999997,4,273.412,2024-11-09,313,Low Value
C00863,7,6710.679,1203.2190000000005,14,958.6684285714285,2025-12-18,717,High Value
C00864,4,6994.534,2148.894,10,1748.6335,2025-10-11,649,High Value
C00865,9,5763.970499999999,2224.4404999999997,21,640.4411666666666,2025-11-25,694,Mid-High
C00866,3,1718.8075,558.6274999999999,7,572.9358333333333,2025-12-07,706,Low Value
C00867,8,5780.6805,2110.5505000000007,16,722.5850625,2025-12-27,726,Mid-High
C00868,7,4141.802,1244.4419999999998,16,591.6859999999999,2025-12-19,718,Mid-Low
C00869,8,8006.1705,2940.1205000000004,17,1000.7713125,2025-12-04,703,High Value
C00870,12,8410.582,3041.0919999999996,25,700.8818333333334,2025-12-11,710,High Value
C00871,8,3632.023,860.343,15,454.002875,2025-12-30,729,Mid-Low
C00872,6,3065.237,1148.057,17,510.87283333333335,2025-12-24,723,Mid-Low
C00873,4,2435.0,390.0299999999999,15,608.75,2025-11-03,672,Low Value
C00874,9,7626.8835,2498.6535000000003,23,847.4315,2025-12-03,702,High Value
C00875,5,904.256,241.516,6,180.8512,2025-10-15,653,Low Value
C00876,5,4237.059,1280.939,13,847.4118000000001,2025-08-04,581,Mid-Low
C00877,4,3039.21,995.7399999999998,10,759.8025,2025-07-11,557,Mid-Low
C00878,5,6458.9845,2294.6844999999994,14,1291.7968999999998,2025-06-12,528,Mid-High
C00879,10,4251.139,1268.779,21,425.1139,2025-11-01,670,Mid-Low
C00880,9,4818.5495,1087.9695000000002,18,535.3943888888889,2025-09-07,615,Mid-High
C00881,8,7994.088,2348.648,23,999.261,2025-10-24,662,High Value
C00882,10,9742.867,2890.857,24,974.2867,2025-12-12,711,High Value
C00883,8,2829.406,739.7760000000001,13,353.67575,2025-09-06,614,Low Value
C00884,7,3238.2394999999997,1043.1195,12,462.6056428571428,2025-12-17,716,Mid-Low
C00885,8,3086.7755,795.3555,14,385.8469375,2025-09-05,613,Mid-Low
C00886,9,11220.6345,3315.6744999999996,32,1246.7371666666668,2025-12-03,702,High Value
C00887,12,9618.5915,3720.9915,30,801.5492916666667,2025-11-28,697,High Value
C00888,7,5952.829,1243.709,17,850.4041428571428,2025-07-18,564,Mid-High
C00889,9,7290.149,2611.859,22,810.0165555555556,2025-09-30,638,High Value
C00890,7,3915.693,1254.5430000000001,25,559.3847142857143,2025-06-07,523,Mid-Low
C00891,6,5711.822,2323.792,20,951.9703333333333,2025-12-22,721,Mid-High
C00892,9,7935.5045,2851.1145,20,881.7227222222223,2025-10-27,665,High Value
C00893,8,4280.616999999999,879.0669999999999,13,535.0771249999999,2025-12-21,720,Mid-Low
C00894,3,859.907,255.81699999999998,4,286.6356666666667,2025-02-28,424,Low Value
C00895,8,2798.768,876.0579999999998,14,349.846,2025-10-11,649,Low Value
C00896,4,1836.2475,773.1675,5,459.061875,2025-12-30,729,Low Value
C00897,9,6558.9304999999995,2204.3305,24,728.7700555555555,2025-08-29,606,Mid-High
C00898,6,2166.009,714.3489999999999,7,361.0015,2025-11-08,677,Low Value
C00899,8,2239.846,741.416,12,279.98075,2025-12-28,727,Low Value
C00900,6,8552.955,3426.0950000000003,11,1425.4925,2025-05-09,494,High Value
C00901,7,3383.8695,1000.9295,14,483.40992857142857,2025-12-16,715,Mid-Low
C00902,7,6535.9259999999995,1964.5959999999995,18,933.7037142857142,2025-05-15,500,Mid-High
C00903,12,6256.738,2121.748,24,521.3948333333334,2025-12-29,728,Mid-High
C00904,11,5499.3445,1793.4144999999999,25,499.9404090909091,2025-11-20,689,Mid-High
C00905,3,1448.824,333.744,6,482.9413333333334,2025-06-02,518,Low Value
C00906,11,3728.487,931.0070000000002,16,338.95336363636363,2025-08-09,586,Mid-Low
C00907,9,4431.023,1665.193,11,492.3358888888889,2025-10-18,656,Mid-Low
C00908,8,10355.173,2460.753,26,1294.396625,2025-11-27,696,High Value
C00909,8,5097.6630000000005,1670.163,18,637.2078750000001,2025-08-29,606,Mid-High
C00910,15,8287.934,1814.164,36,552.5289333333333,2025-12-27,726,High Value
C00911,9,3533.5915,852.9415,14,392.6212777777778,2025-12-21,720,Mid-Low
C00912,7,4177.146,1270.7060000000001,13,596.7351428571428,2025-06-18,534,Mid-Low
C00913,7,4606.906,1620.5859999999998,16,658.1294285714285,2025-09-20,628,Mid-High
C00914,12,4481.77,1115.84,22,373.48083333333335,2025-12-23,722,Mid-Low
C00915,6,5765.949500000001,1527.5695000000003,12,960.9915833333334,2025-10-01,639,Mid-High
C00916,4,1827.5890000000002,384.30900000000014,7,456.89725000000004,2025-12-30,729,Low Value
C00917,11,6644.747,1401.267,26,604.0679090909091,2025-11-16,685,Mid-High
C00918,8,9026.096,2745.236000000001,24,1128.262,2025-09-01,609,High Value
C00919,7,5561.6495,2032.5195,13,794.5213571428573,2025-07-29,575,Mid-High
C00920,8,9658.8835,2981.3835000000004,21,1207.3604375,2025-10-19,657,High Value
C00921,7,8374.6815,2765.7415,21,1196.3830714285716,2025-12-27,726,High Value
C00922,4,1408.445,550.4849999999999,5,352.11125,2025-10-31,669,Low Value
C00923,12,5206.747,1362.127,16,433.8955833333334,2025-12-04,703,Mid-High
C00924,9,6294.179,1507.509,24,699.3532222222223,2025-11-24,693,Mid-High
C00925,7,4179.361,1086.5110000000002,8,597.0515714285714,2025-12-03,702,Mid-Low
C00926,7,2190.4874999999997,491.16750000000013,11,312.9267857142857,2025-08-04,581,Low Value
C00927,3,1568.94,318.18,4,522.98,2025-03-07,431,Low Value
C00928,12,8188.496,2977.206,22,682.3746666666667,2025-12-28,727,High Value
C00929,7,3186.3015,1113.6215000000002,9,455.1859285714286,2025-09-07,615,Mid-Low
C00930,12,10367.423,2988.9230000000002,28,863.9519166666668,2025-10-25,663,High Value
C00931,8,5683.95,2157.61,18,710.49375,2025-12-08,707,Mid-High
C00932,10,3203.8805,942.7605000000001,16,320.38805,2025-11-04,673,Mid-Low
C00933,8,6112.7485,2023.3484999999998,15,764.0935625,2024-08-02,214,Mid-High
C00934,3,1832.868,322.69799999999987,7,610.956,2025-10-07,645,Low Value
C00935,7,4089.5815,1368.3314999999998,15,584.2259285714285,2025-12-16,715,Mid-Low
C00936,7,5055.114,1471.114,14,722.1591428571428,2025-10-05,643,Mid-High
C00937,5,3056.808,1009.788,10,611.3616,2025-09-07,615,Mid-Low
C00938,4,1629.6264999999999,262.3064999999999,6,407.40662499999996,2025-04-18,473,Low Value
C00939,7,3916.189,793.3890000000001,12,559.4555714285714,2025-11-11,680,Mid-Low
C00940,10,9076.3525,3027.7725,26,907.63525,2025-09-22,630,High Value
C00941,11,7380.271,2050.3610000000003,19,670.9337272727272,2025-10-24,662,High Value
C00942,11,7584.683999999999,2235.7239999999993,22,689.5167272727272,2025-11-29,698,High Value
C00943,9,6893.6925,1851.7825,17,765.9658333333333,2025-12-05,704,High Value
C00944,4,2051.0190000000002,552.3290000000001,10,512.7547500000001,2025-08-14,591,Low Value
C00945,8,6279.844,1260.564,18,784.9805,2025-12-27,726,Mid-High
C00946,6,2175.2084999999997,507.3285,10,362.53475,2025-12-26,725,Low Value
C00947,7,7017.552000000001,1785.6320000000003,18,1002.5074285714287,2025-12-10,709,High Value
C00948,9,9372.207,2067.947,28,1041.3563333333334,2025-12-20,719,High Value
C00949,9,10945.628999999999,2617.9289999999996,27,1216.1809999999998,2025-04-22,477,High Value
C00950,9,7792.006,2531.816,23,865.7784444444445,2025-12-01,700,High Value
C00951,11,12427.9585,4592.798500000001,32,1129.814409090909,2025-12-06,705,High Value
C00952,9,10674.86,3336.6800000000003,27,1186.0955555555556,2025-12-21,720,High Value
C00953,7,3716.913,909.9130000000001,12,530.9875714285714,2025-12-20,719,Mid-Low
C00954,8,9892.0,3022.580000000001,22,1236.5,2025-10-04,642,High Value
C00955,5,2659.377,789.067,9,531.8754,2025-11-06,675,Low Value
C00956,8,4900.683499999999,1071.8334999999997,22,612.5854374999999,2025-12-11,710,Mid-High
C00957,3,1339.9025000000001,335.3325000000001,3,446.6341666666667,2025-12-02,701,Low Value
C00958,9,9517.521499999999,3069.7515,23,1057.5023888888888,2025-06-08,524,High Value
C00959,7,5318.6185,1425.4385,13,759.8026428571428,2025-11-18,687,Mid-High
C00960,5,7022.2915,1253.2714999999998,14,1404.4583,2025-12-14,713,High Value
C00961,7,6189.098,1722.3980000000001,10,884.1568571428571,2025-11-13,682,Mid-High
C00962,4,2981.764,1120.7640000000001,8,745.441,2025-09-13,621,Mid-Low
C00963,11,8452.3015,3002.2915,26,768.3910454545454,2025-12-27,726,High Value
C00964,6,4305.918,1367.198,13,717.6529999999999,2025-11-13,682,Mid-Low
C00965,5,1843.18,342.81000000000006,6,368.636,2025-07-26,572,Low Value
C00966,10,8113.8855,2678.1855,25,811.38855,2025-11-06,675,High Value
C00967,11,10160.54,2935.9700000000003,30,923.6854545454546,2025-08-15,592,High Value
C00968,14,4821.6385,1284.8084999999996,29,344.40275,2025-08-15,592,Mid-High
C00969,10,9289.282,2498.0319999999997,24,928.9282,2025-08-09,586,High Value
C00970,9,5410.485000000001,2093.425,17,601.1650000000001,2025-11-09,678,Mid-High
C00971,6,3243.5795,1244.3094999999998,12,540.5965833333333,2025-12-13,712,Mid-Low
C00972,7,5086.1665,2132.8465,16,726.5952142857143,2025-12-17,716,Mid-High
C00973,11,6168.8285000000005,1387.0485,20,560.802590909091,2025-11-08,677,Mid-High
C00974,10,3242.303,799.5929999999998,18,324.2303,2025-12-28,727,Mid-Low
C00975,9,9508.719,3538.339000000001,19,1056.5243333333333,2025-12-20,719,High Value
C00976,5,6400.677,2121.4970000000003,13,1280.1354,2025-11-06,675,Mid-High
C00977,8,7010.722500000001,2128.7225000000003,19,876.3403125000001,2025-04-29,484,High Value
C00978,12,7542.653,2584.593,20,628.5544166666667,2025-12-03,702,High Value
C00979,6,1723.2994999999999,404.3594999999999,10,287.2165833333333,2025-12-25,724,Low Value
C00980,3,2294.364,703.694,9,764.788,2025-11-23,692,Low Value
C00981,7,4320.2345000000005,1898.7845000000002,20,617.1763571428572,2025-11-10,679,Mid-Low
C00982,9,6158.193499999999,2384.4734999999996,22,684.2437222222221,2025-08-23,600,Mid-High
C00983,2,914.9315,277.2115,3,457.46575,2025-05-10,495,Low Value
C00984,7,6015.313,1533.2930000000001,13,859.3304285714286,2025-12-29,728,Mid-High
C00985,7,3199.9565,1138.1064999999999,21,457.1366428571428,2025-08-19,596,Mid-Low
C00986,8,3511.2075,1118.2275,12,438.9009375,2025-07-05,551,Mid-Low
C00987,7,3666.6385,814.9885000000002,19,523.8055,2025-12-17,716,Mid-Low
C00988,6,4103.389,1191.7890000000002,14,683.8981666666667,2025-08-18,595,Mid-Low
C00989,3,619.0219999999999,182.56199999999995,4,206.34066666666664,2025-05-25,510,Low Value
C00990,2,2480.893,789.7230000000001,3,1240.4465,2025-08-11,588,Low Value
C00991,8,3083.195,1013.895,18,385.399375,2025-11-19,688,Mid-Low
C00992,6,4812.4365,1047.3665000000005,16,802.0727499999999,2025-11-19,688,Mid-High
C00993,5,1267.36,321.31,8,253.47199999999998,2025-10-24,662,Low Value
C00994,8,5744.281,1913.871,16,718.035125,2025-11-15,684,Mid-High
C00995,5,6520.1425,2355.2525,19,1304.0285,2025-11-20,689,Mid-High
C00996,3,6772.98,3178.46,8,2257.66,2025-07-19,565,High Value
C00997,10,8115.898,2171.088,26,811.5898,2025-09-24,632,High Value
C00998,5,3849.4939999999997,961.5739999999994,15,769.8987999999999,2025-12-30,729,Mid-Low
C00999,3,1674.16,514.44,6,558.0533333333334,2025-11-05,674,Low Value
C01000,5,1136.36,175.36,9,227.272,2025-12-13,712,Low Value
C01001,8,5572.602999999999,2222.6629999999996,24,696.5753749999999,2025-11-15,684,Mid-High
C01002,12,6964.138,2239.808,32,580.3448333333333,2025-12-11,710,High Value
C01003,8,6814.286,2043.106,12,851.78575,2025-12-02,701,High Value
C01004,2,5546.860000000001,2658.7400000000002,8,2773.4300000000003,2025-11-09,678,Mid-High
C01005,8,2547.686,655.826,12,318.46075,2025-12-31,730,Low Value
C01006,7,4748.671,1111.511,15,678.3815714285714,2025-12-10,709,Mid-High
C01007,5,3514.7974999999997,1104.7575,14,702.9594999999999,2025-07-25,571,Mid-Low
C01008,7,3948.714,1655.204,10,564.102,2025-11-22,691,Mid-Low
C01009,8,7524.1015,2014.1515,18,940.5126875,2025-11-19,688,High Value
C01010,8,5097.0145,1126.2645,15,637.1268125,2025-12-12,711,Mid-High
C01011,4,1536.32,574.42,7,384.08,2025-09-13,621,Low Value
C01012,6,5874.2695,1295.7095,18,979.0449166666667,2025-09-08,616,Mid-High
C01013,5,1041.47,219.05,6,208.294,2025-09-06,614,Low Value
C01014,4,4212.922,1165.9720000000002,10,1053.2305,2024-12-29,363,Mid-Low
C01015,10,3645.7885,986.8585,15,364.57885,2025-10-25,663,Mid-Low
C01016,2,3186.0299999999997,1049.7499999999998,6,1593.0149999999999,2025-07-04,550,Mid-Low
C01017,7,4136.9485,1215.9085000000002,11,590.9926428571429,2025-08-19,596,Mid-Low
C01018,8,4523.8715,1304.7715,18,565.4839375,2025-05-11,496,Mid-Low
C01019,14,6078.958,1776.808,29,434.2112857142857,2025-12-20,719,Mid-High
C01020,3,745.6905,191.47050000000002,5,248.5635,2025-11-13,682,Low Value
C01021,7,3246.358,892.5880000000002,11,463.7654285714286,2025-09-09,617,Mid-Low
C01022,7,3506.3974999999996,894.0674999999999,16,500.9139285714285,2025-10-30,668,Mid-Low
C01023,9,4081.6695,1001.9195,15,453.5188333333333,2025-07-03,549,Mid-Low
C01024,12,3983.844,1346.204,23,331.987,2025-08-07,584,Mid-Low
C01025,3,3736.8495,1341.3094999999998,11,1245.6164999999999,2025-06-29,545,Mid-Low
C01026,4,3901.4219999999996,891.2019999999998,12,975.3554999999999,2025-12-02,701,Mid-Low
C01027,2,2634.89,1157.4599999999998,3,1317.445,2025-09-14,622,Low Value
C01028,4,1565.46,483.18000000000006,7,391.365,2025-08-29,606,Low Value
C01029,2,1140.435,299.4049999999999,4,570.2175,2025-08-01,578,Low Value
C01030,8,9228.626,3383.066000000001,22,1153.57825,2025-12-11,710,High Value
C01031,7,6886.3565,1746.1465000000003,17,983.7652142857143,2025-09-07,615,High Value
C01032,5,4034.2545,1530.8845000000001,12,806.8509,2025-10-17,655,Mid-Low
C01033,3,798.88,222.09999999999994,12,266.29333333333335,2025-04-30,485,Low Value
C01034,12,6668.5960000000005,2100.6460000000006,29,555.7163333333334,2025-09-06,614,Mid-High
C01035,10,5359.4685,1573.5484999999999,20,535.94685,2025-11-04,673,Mid-High
C01036,11,7904.723,2942.443,24,718.6111818181818,2025-11-11,680,High Value
C01037,9,10186.1475,3380.7075,18,1131.7941666666666,2025-12-15,714,High Value
C01038,7,2989.7595,812.8494999999999,11,427.1085,2025-12-18,717,Mid-Low
C01039,7,3369.996,721.206,12,481.428,2024-10-23,296,Mid-Low
C01040,5,1122.53,287.57,8,224.506,2025-12-27,726,Low Value
C01041,6,2996.3920000000003,857.9120000000001,10,499.3986666666667,2025-11-10,679,Mid-Low
C01042,8,5990.539,1597.869,16,748.817375,2025-09-20,628,Mid-High
C01043,7,4965.144,941.2439999999999,14,709.3062857142858,2025-11-08,677,Mid-High
C01044,8,2694.8835,859.6434999999999,15,336.8604375,2025-11-02,671,Low Value
C01045,8,3041.563,766.3330000000001,14,380.195375,2025-12-23,722,Mid-Low
C01046,5,2293.6695,512.8495000000001,9,458.7339,2025-04-08,463,Low Value
C01047,4,4708.698,1541.4879999999998,12,1177.1745,2024-12-25,359,Mid-High
C01048,8,6231.545000000001,1810.7350000000006,20,778.9431250000001,2025-12-05,704,Mid-High
C01049,8,5158.943,1585.053,17,644.867875,2025-12-26,725,Mid-High
C01050,7,7087.287,1779.617,18,1012.4695714285715,2025-10-27,665,High Value
C01051,6,3984.957,1232.637,12,664.1595,2025-11-26,695,Mid-Low
C01052,12,6720.4285,2451.7585,24,560.0357083333333,2025-10-09,647,High Value
C01053,8,6385.954,1687.2839999999999,22,798.24425,2025-09-08,616,Mid-High
C01054,13,13884.0275,4588.847500000001,35,1068.0021153846153,2025-12-29,728,High Value
C01055,11,10211.368999999999,2786.0689999999995,24,928.3062727272726,2025-09-13,621,High Value
C01056,9,8158.5265,2342.6264999999994,23,906.5029444444444,2025-11-26,695,High Value
C01057,4,1980.3065,504.88649999999996,9,495.076625,2025-09-30,638,Low Value
C01058,11,5881.5175,1750.3774999999998,22,534.6834090909091,2025-12-01,700,Mid-High
C01059,6,3099.9085,831.0184999999999,14,516.6514166666667,2025-08-09,586,Mid-Low
C01060,4,1785.198,646.5680000000001,7,446.2995,2025-08-17,594,Low Value
C01061,6,3896.7560000000003,1103.7860000000003,11,649.4593333333333,2025-12-27,726,Mid-Low
C01062,12,5077.4995,1542.5195,18,423.1249583333333,2025-12-02,701,Mid-High
C01063,7,5776.1705,1523.8405,17,825.1672142857143,2025-07-12,558,Mid-High
C01064,7,1071.4365,187.50650000000002,13,153.06235714285714,2025-11-20,689,Low Value
C01065,10,6340.997,2051.0769999999998,19,634.0997,2025-11-08,677,Mid-High
C01066,5,2474.998,837.1879999999999,12,494.9996,2025-10-17,655,Low Value
C01067,6,6129.5565,1160.4664999999998,14,1021.5927499999999,2025-12-15,714,Mid-High
C01068,8,3823.899,1284.289,13,477.987375,2025-12-05,704,Mid-Low
C01069,9,12435.469,3834.139000000001,27,1381.7187777777776,2025-10-10,648,High Value
C01070,7,3510.8109999999997,1081.6409999999998,14,501.5444285714285,2025-12-10,709,Mid-Low
C01071,9,6151.9105,1385.6005000000005,17,683.5456111111112,2025-09-05,613,Mid-High
C01072,4,2813.9480000000003,1072.258,5,703.4870000000001,2025-12-21,720,Low Value
C01073,3,4735.109,2060.039,6,1578.3696666666667,2024-09-18,261,Mid-High
C01074,4,3385.381,939.6309999999999,9,846.34525,2025-07-25,571,Mid-Low
C01075,4,561.4035,125.4435,11,140.350875,2025-12-18,717,Low Value
C01076,5,875.7485,96.14850000000004,7,175.1497,2025-05-09,494,Low Value
C01077,4,848.0,230.09999999999994,6,212.0,2025-11-10,679,Low Value
C01078,4,9635.635999999999,4307.546,15,2408.9089999999997,2025-06-22,538,High Value
C01079,7,2325.5409999999997,626.5809999999999,11,332.22014285714283,2025-11-22,691,Low Value
C01080,5,2804.223,821.3229999999999,10,560.8446,2025-12-11,710,Low Value
C01081,2,1722.705,640.8050000000001,11,861.3525,2024-06-19,170,Low Value
C01082,9,5177.281,1787.941,25,575.2534444444444,2025-09-20,628,Mid-High
C01083,9,10716.234999999999,3473.6149999999993,26,1190.6927777777776,2025-09-24,632,High Value
C01084,8,6144.2065,2210.7565,18,768.0258125,2025-12-10,709,Mid-High
C01085,7,3428.0350000000003,1141.5250000000003,13,489.7192857142858,2025-11-29,698,Mid-Low
C01086,7,3973.9570000000003,950.4270000000001,11,567.7081428571429,2025-11-21,690,Mid-Low
C01087,6,4475.858,1194.258,10,745.9763333333334,2025-12-27,726,Mid-Low
C01088,8,10184.1545,3582.9945,27,1273.0193125,2025-12-02,701,High Value
C01089,10,6490.4635,2280.5835,19,649.04635,2025-08-26,603,Mid-High
C01090,8,4636.2335,1000.2635000000002,14,579.5291875,2025-11-23,692,Mid-High
C01091,5,5337.771,1854.511,11,1067.5542,2025-06-26,542,Mid-High
C01092,3,1013.625,290.615,6,337.875,2025-01-13,378,Low Value
C01093,9,5769.401,2023.931,18,641.0445555555556,2025-12-15,714,Mid-High
C01094,5,2718.058,622.6180000000002,11,543.6116,2025-05-13,498,Low Value
C01095,8,4503.6355,1455.2755000000002,14,562.9544375,2025-11-08,677,Mid-Low
C01096,2,258.929,61.93899999999999,2,129.4645,2025-05-15,500,Low Value
C01097,7,7106.329,1973.1890000000003,16,1015.1898571428571,2025-11-26,695,High Value
C01098,4,1670.644,555.0740000000001,5,417.661,2025-11-29,698,Low Value
C01099,5,3641.2145,1449.7945,13,728.2429,2025-02-17,413,Mid-Low
C01100,2,311.397,84.277,4,155.6985,2025-09-08,616,Low Value
C01101,6,5997.4015,1646.4915000000003,11,999.5669166666667,2025-12-29,728,Mid-High
C01102,4,4985.625,1461.7249999999997,8,1246.40625,2025-11-29,698,Mid-High
C01103,10,6837.08,2203.5100000000007,17,683.708,2025-11-17,686,High Value
C01104,11,8281.786,2613.226,22,752.8896363636363,2025-12-10,709,High Value
C01105,9,8381.8225,3323.0424999999996,19,931.3136111111112,2025-04-07,462,High Value
C01106,7,5639.641,1755.1209999999996,13,805.6629999999999,2025-07-26,572,Mid-High
C01107,7,8257.035,1962.3449999999996,16,1179.5764285714286,2025-11-22,691,High Value
C01108,13,13647.143,4069.943,34,1049.7802307692307,2025-12-05,704,High Value
C01109,6,3236.2065000000002,955.0765,10,539.36775,2025-11-13,682,Mid-Low
C01110,2,403.952,70.29199999999997,5,201.976,2025-12-09,708,Low Value
C01111,5,2517.6270000000004,870.5470000000001,11,503.5254000000001,2025-09-22,630,Low Value
C01112,9,6709.642,1933.092,21,745.5157777777778,2025-10-15,653,Mid-High
C01113,8,8542.983,2566.8830000000007,16,1067.872875,2025-10-25,663,High Value
C01114,3,1035.219,216.06900000000007,6,345.07300000000004,2024-07-23,204,Low Value
C01115,7,2284.094,804.494,18,326.29914285714284,2025-06-04,520,Low Value
C01116,4,3988.7999999999997,1537.57,15,997.1999999999999,2025-11-23,692,Mid-Low
C01117,7,3697.583,1116.213,18,528.2261428571429,2025-12-03,702,Mid-Low
C01118,9,12015.078,4569.8279999999995,21,1335.0086666666666,2025-11-10,679,High Value
C01119,3,296.831,38.091,3,98.94366666666667,2025-08-13,590,Low Value
C01120,9,11530.824,3616.8340000000003,25,1281.2026666666668,2025-12-08,707,High Value
C01121,7,10054.395,3355.0850000000014,22,1436.342142857143,2025-08-03,580,High Value
C01122,6,3833.6100000000006,1415.2200000000005,10,638.9350000000001,2025-10-18,656,Mid-Low
C01123,6,2253.9945,615.0445000000001,10,375.66574999999995,2025-09-20,628,Low Value
C01124,8,7098.9305,1771.6805,18,887.3663125,2025-12-22,721,High Value
C01125,9,6221.192,2070.7020000000007,20,691.2435555555555,2025-09-12,620,Mid-High
C01126,6,6939.482,2584.0020000000004,13,1156.5803333333333,2025-12-24,723,High Value
C01127,8,3653.2529999999997,1246.113,15,456.65662499999996,2025-12-31,730,Mid-Low
C01128,5,7848.789000000001,2638.9290000000005,18,1569.7578,2025-11-07,676,High Value
C01129,11,6322.1255,1611.9755,18,574.7386818181818,2025-12-15,714,Mid-High
C01130,7,4934.561,1139.0010000000002,13,704.9372857142856,2025-10-17,655,Mid-High
C01131,7,6263.4865,2230.6665000000003,12,894.7837857142857,2025-12-14,713,Mid-High
C01132,13,10977.99,3787.75,22,844.4607692307692,2025-12-26,725,High Value
C01133,7,9558.5305,3373.8305,16,1365.5043571428573,2025-10-20,658,High Value
C01134,8,3345.865,884.7249999999999,13,418.233125,2025-09-18,626,Mid-Low
C01135,5,2998.6949999999997,589.9949999999999,14,599.7389999999999,2025-07-04,550,Mid-Low
C01136,11,10133.952500000001,3348.312500000001,24,921.2684090909092,2025-12-09,708,High Value
C01137,8,5314.5955,1670.8855,14,664.3244375,2025-12-04,703,Mid-High
C01138,3,3724.4894999999997,1292.3894999999998,10,1241.4965,2025-06-15,531,Mid-Low
C01139,8,6507.8565,2327.2165,21,813.4820625,2025-11-04,673,Mid-High
C01140,9,5356.312,1948.022,20,595.1457777777778,2025-12-05,704,Mid-High
C01141,9,8332.306,2377.4159999999997,21,925.8117777777778,2025-09-10,618,High Value
C01142,9,3833.645,947.375,19,425.9605555555556,2025-12-23,722,Mid-Low
C01143,7,3337.906,1010.0360000000001,15,476.84371428571427,2025-10-01,639,Mid-Low
C01144,9,7116.4945,2070.2845,16,790.7216111111111,2025-11-22,691,High Value
C01145,8,7391.219,1574.3290000000006,26,923.902375,2025-06-10,526,High Value
C01146,5,1982.5515000000003,465.3015,10,396.51030000000003,2025-12-10,709,Low Value
C01147,4,1704.8139999999999,571.574,9,426.20349999999996,2024-11-29,333,Low Value
C01148,8,7209.859,2807.239,25,901.232375,2025-11-28,697,High Value
C01149,9,4065.1555000000003,1415.4955000000002,15,451.6839444444445,2025-08-25,602,Mid-Low
C01150,9,8751.031,2818.2509999999997,31,972.3367777777779,2025-12-30,729,High Value
C01151,11,7109.8845,1788.5745000000004,20,646.3531363636364,2025-08-31,608,High Value
C01152,9,3988.4165,1274.1364999999998,16,443.1573888888889,2025-11-20,689,Mid-Low
C01153,8,3908.5199999999995,1331.9899999999998,20,488.56499999999994,2025-12-03,702,Mid-Low
C01154,8,8187.838,2518.5180000000005,23,1023.47975,2025-09-27,635,High Value
C01155,8,3004.103,881.9430000000001,17,375.512875,2025-11-30,699,Mid-Low
C01156,7,3279.3525,938.6825000000001,10,468.4789285714286,2025-09-24,632,Mid-Low
C01157,7,4470.6385,781.2585000000003,15,638.6626428571428,2025-05-27,512,Mid-Low
C01158,5,4852.261,1737.0110000000002,8,970.4522000000001,2025-11-11,680,Mid-High
C01159,7,4441.76,1449.1500000000003,15,634.5371428571428,2025-09-19,627,Mid-Low
C01160,7,2195.24,812.8599999999999,11,313.60571428571427,2025-10-02,640,Low Value
C01161,8,3688.41,1251.4899999999998,13,461.05125,2025-12-09,708,Mid-Low
C01162,8,7579.037,3132.3469999999998,25,947.379625,2025-07-20,566,High Value
C01163,11,11580.402,3985.9320000000002,23,1052.7638181818181,2025-11-27,696,High Value
C01164,6,7565.598,2171.188,14,1260.933,2025-01-06,371,High Value
C01165,7,3772.9355,1289.8455000000004,17,538.9907857142857,2025-06-21,537,Mid-Low
C01166,6,3761.755,1263.2749999999999,11,626.9591666666666,2025-10-23,661,Mid-Low
C01167,3,1090.837,254.33699999999988,8,363.6123333333333,2025-01-31,396,Low Value
C01168,7,1488.694,280.084,8,212.67057142857144,2025-06-24,540,Low Value
C01169,5,5039.0045,1634.1645,12,1007.8009,2025-11-29,698,Mid-High
C01170,9,12104.542000000001,3846.6720000000005,26,1344.9491111111113,2025-09-30,638,High Value
C01171,11,7888.234,2158.954,25,717.1121818181819,2025-10-16,654,High Value
C01172,4,1575.4969999999998,274.747,4,393.87424999999996,2025-09-12,620,Low Value
C01173,7,6691.434499999999,2530.3244999999997,15,955.9192142857142,2025-12-12,711,Mid-High
C01174,13,10432.6055,3482.8355,30,802.5081153846154,2025-12-25,724,High Value
C01175,8,5273.796,1324.036,17,659.2245,2025-11-12,681,Mid-High
C01176,9,3370.4635,814.8935,17,374.49594444444443,2025-11-20,689,Mid-Low
C01177,10,7260.169,2465.7790000000005,25,726.0169,2025-12-28,727,High Value
C01178,6,2027.2855,712.3755,6,337.8809166666667,2025-10-19,657,Low Value
C01179,9,7521.256,2592.3460000000005,21,835.6951111111111,2025-11-27,696,High Value
C01180,13,9611.422,2835.562,31,739.3401538461538,2025-07-27,573,High Value
C01181,5,3394.73,1012.8700000000003,15,678.946,2025-12-15,714,Mid-Low
C01182,3,2789.5125,781.6624999999999,7,929.8375,2025-10-21,659,Low Value
C01183,11,4220.6755,1135.3055,20,383.69777272727276,2025-09-11,619,Mid-Low
C01184,7,7350.6245,1842.7545000000005,20,1050.0892142857142,2025-12-24,723,High Value
C01185,3,2321.971,1000.271,3,773.9903333333333,2025-01-05,370,Low Value
C01186,8,5108.118,1335.2080000000003,18,638.51475,2025-08-14,591,Mid-High
C01187,4,2176.971,817.4509999999999,9,544.24275,2024-10-13,286,Low Value
C01188,7,3669.256,1024.656,11,524.1794285714285,2025-11-14,683,Mid-Low
C01189,4,6905.184,2240.4440000000004,12,1726.296,2025-12-29,728,High Value
C01190,6,4621.0445,1409.7244999999998,10,770.1740833333333,2025-04-21,476,Mid-High
C01191,6,2077.81,625.54,10,346.3016666666667,2025-08-15,592,Low Value
C01192,4,4652.5905,1413.2304999999994,11,1163.147625,2025-11-09,678,Mid-High
C01193,12,9153.3335,2651.4935,25,762.7777916666668,2025-12-21,720,High Value
C01194,7,3555.8925,1016.8624999999998,11,507.98464285714283,2025-12-13,712,Mid-Low
C01195,4,597.294,75.88399999999999,4,149.3235,2025-02-17,413,Low Value
C01196,4,5365.288,1012.228,12,1341.322,2025-06-01,517,Mid-High
C01197,3,1088.6475,174.39750000000004,4,362.8825,2025-10-30,668,Low Value
C01198,9,11431.393,4071.7230000000004,22,1270.1547777777778,2025-10-09,647,High Value
C01199,4,6041.81,2046.43,9,1510.4525,2025-02-24,420,Mid-High
C01200,7,5664.4529999999995,1727.5229999999997,16,809.2075714285713,2025-09-14,622,Mid-High
C01201,5,3899.082,1445.122,8,779.8163999999999,2025-09-24,632,Mid-Low
C01202,7,4956.5775,1929.8475000000003,17,708.0825000000001,2025-10-22,660,Mid-High
C01203,9,3493.306,1083.466,19,388.14511111111113,2025-11-05,674,Mid-Low
C01204,8,11911.249,3812.819,21,1488.906125,2025-12-29,728,High Value
C01205,5,3258.4255,824.2555,9,651.6850999999999,2025-12-17,716,Mid-Low
C01206,4,5416.9175000000005,2456.6575000000003,8,1354.2293750000001,2025-09-03,611,Mid-High
C01207,9,5570.8935,1457.2935,15,618.9881666666666,2025-11-13,682,Mid-High
C01208,5,5078.1965,1618.1564999999996,10,1015.6393,2025-11-15,684,Mid-High
C01209,6,3068.438,823.418,13,511.40633333333335,2025-12-04,703,Mid-Low
C01210,4,3407.354,801.6439999999999,7,851.8385,2025-09-10,618,Mid-Low
C01211,8,3345.931,977.3610000000001,13,418.241375,2025-09-23,631,Mid-Low
C01212,9,8073.811500000001,2376.3315000000007,17,897.0901666666667,2025-12-17,716,High Value
C01213,8,5172.7395,982.0795000000005,15,646.5924375,2025-12-12,711,Mid-High
C01214,11,12888.292000000001,4268.802000000001,28,1171.6629090909091,2025-12-18,717,High Value
C01215,10,8379.223,2592.7330000000006,30,837.9223,2025-10-19,657,High Value
C01216,8,5919.7235,2018.1135000000004,21,739.9654375,2025-07-23,569,Mid-High
C01217,4,2855.62,984.3299999999997,9,713.905,2025-07-02,548,Low Value
C01218,8,4200.220499999999,1291.7205,15,525.0275624999999,2025-11-01,670,Mid-Low
C01219,7,9411.781,3081.371,18,1344.5401428571429,2025-09-19,627,High Value
C01220,7,4004.508,1088.4080000000001,14,572.0725714285715,2025-12-02,701,Mid-Low
C01221,3,1091.1149999999998,389.7949999999999,4,363.7049999999999,2025-11-28,697,Low Value
C01222,7,5678.9885,1298.2085,11,811.2840714285715,2025-10-31,669,Mid-High
C01223,12,11070.478000000001,3960.1580000000004,20,922.5398333333334,2025-11-13,682,High Value
C01224,5,3553.3289999999997,1297.509,9,710.6658,2025-12-15,714,Mid-Low
C01225,7,6751.4705,2428.1105000000002,12,964.4957857142857,2025-11-07,676,High Value
C01226,7,2324.729,590.929,15,332.10414285714285,2025-12-26,725,Low Value
C01227,9,6435.648,1766.8480000000004,19,715.072,2025-12-24,723,Mid-High
C01228,11,10758.135,3651.4449999999997,21,978.0122727272727,2025-10-31,669,High Value
C01229,9,4609.76,1285.38,12,512.1955555555555,2025-12-18,717,Mid-High
C01230,7,5653.8060000000005,1647.3860000000004,13,807.6865714285715,2025-06-19,535,Mid-High
C01231,5,1125.9785000000002,369.3985,9,225.19570000000004,2025-12-08,707,Low Value
C01232,8,5721.8279999999995,964.258,18,715.2284999999999,2025-12-19,718,Mid-High
C01233,6,3754.779,1320.3790000000001,10,625.7965,2025-10-18,656,Mid-Low
C01234,7,3793.3489999999997,1311.8389999999997,16,541.9069999999999,2025-12-28,727,Mid-Low
C01235,10,3962.7625,982.9525,17,396.27625,2025-11-27,696,Mid-Low
C01236,6,5913.92,2175.35,15,985.6533333333333,2025-10-23,661,Mid-High
C01237,4,3495.9880000000003,904.5880000000001,7,873.9970000000001,2025-09-26,634,Mid-Low
C01238,8,2624.4735,751.6435000000001,15,328.0591875,2025-11-13,682,Low Value
C01239,6,4137.86,1703.84,8,689.6433333333333,2025-12-01,700,Mid-Low
C01240,9,8638.828,2211.398,19,959.8697777777777,2025-07-18,564,High Value
C01241,8,7903.139,2040.3990000000001,21,987.892375,2025-07-17,563,High Value
C01242,5,5585.4185,1778.2985,13,1117.0837,2025-09-21,629,Mid-High
C01243,4,3311.7175,716.9575000000002,9,827.929375,2025-01-25,390,Mid-Low
C01244,4,3768.3545,1505.2844999999998,12,942.088625,2025-04-14,469,Mid-Low
C01245,10,7262.6315,1887.8815000000002,17,726.26315,2025-12-17,716,High Value
C01246,8,7252.7525000000005,2160.0725,18,906.5940625000001,2025-11-01,670,High Value
C01247,5,2405.092,542.352,11,481.01840000000004,2025-12-05,704,Low Value
C01248,6,2208.0495,395.58950000000027,20,368.00825000000003,2025-05-03,488,Low Value
C01249,8,4377.425,1598.645,12,547.178125,2025-12-21,720,Mid-Low
C01250,13,8918.8735,2293.4135000000006,38,686.0671923076923,2025-12-07,706,High Value
C01251,6,4776.054,1860.8239999999998,12,796.009,2025-05-31,516,Mid-High
C01252,9,5969.492,2267.742,16,663.276888888889,2025-12-26,725,Mid-High
C01253,14,11044.648,3846.388,30,788.9034285714285,2025-12-01,700,High Value
C01254,9,6687.8935,2194.0335,19,743.0992777777778,2025-11-29,698,Mid-High
C01255,8,4285.3544999999995,1364.0645,17,535.6693124999999,2025-12-27,726,Mid-Low
C01256,6,3188.4914999999996,1024.7015,13,531.4152499999999,2025-06-08,524,Mid-Low
C01257,7,4394.146,928.9059999999998,14,627.7351428571428,2025-12-17,716,Mid-Low
C01258,6,2399.1665000000003,736.1865,10,399.8610833333334,2025-07-29,575,Low Value
C01259,7,3741.4535,1261.7335,15,534.4933571428571,2025-10-11,649,Mid-Low
C01260,7,5454.3155,1541.1155000000003,12,779.1879285714285,2025-08-19,596,Mid-High
C01261,4,3915.998,1430.5280000000002,9,978.9995,2025-11-07,676,Mid-Low
C01262,10,3141.84,1068.0,18,314.184,2025-11-06,675,Mid-Low
C01263,13,8977.497,2500.707,37,690.5766923076923,2025-12-01,700,High Value
C01264,5,3912.218,1033.2179999999998,14,782.4436,2025-12-08,707,Mid-Low
C01265,7,8334.427,2564.287,14,1190.6324285714286,2025-10-17,655,High Value
C01266,6,2372.2129999999997,688.403,7,395.36883333333327,2025-12-06,705,Low Value
C01267,7,1643.346,397.476,15,234.7637142857143,2025-11-26,695,Low Value
C01268,5,3314.052,1074.082,7,662.8104000000001,2025-08-25,602,Mid-Low
C01269,10,3201.9505,1042.4705,22,320.19505,2025-12-21,720,Mid-Low
C01270,7,6475.316,2237.676,17,925.0451428571429,2025-12-26,725,Mid-High
C01271,4,2255.3900000000003,750.5,6,563.8475000000001,2025-11-01,670,Low Value
C01272,9,10210.614,3623.0740000000005,24,1134.5126666666665,2025-10-21,659,High Value
C01273,9,8399.637,3022.967,23,933.2930000000001,2025-06-10,526,High Value
C01274,10,9431.9085,2695.8385000000003,23,943.19085,2025-11-21,690,High Value
C01275,5,2020.0224999999998,498.4325,7,404.00449999999995,2025-11-03,672,Low Value
C01276,4,5866.8895,1370.5495000000003,12,1466.722375,2025-12-24,723,Mid-High
C01277,7,5514.2455,1663.9955000000004,17,787.7493571428571,2025-09-19,627,Mid-High
C01278,4,1581.0725000000002,520.7025000000001,8,395.26812500000005,2025-09-04,612,Low Value
C01279,10,5056.061,1502.511,22,505.60609999999997,2025-11-12,681,Mid-High
C01280,7,3447.0505000000003,872.9105,18,492.43578571428577,2025-12-12,711,Mid-Low
C01281,5,3767.904,1186.7040000000002,11,753.5808,2025-12-01,700,Mid-Low
C01282,7,3037.729,755.8989999999998,17,433.9612857142857,2025-12-27,726,Mid-Low
C01283,11,7723.6165,2392.5265,21,702.1469545454546,2025-11-29,698,High Value
C01284,3,753.7245,124.38450000000002,4,251.2415,2025-04-30,485,Low Value
C01285,7,8441.3115,3508.3815000000004,18,1205.9016428571429,2025-12-12,711,High Value
C01286,5,1970.5575,481.86749999999995,14,394.1115,2025-11-19,688,Low Value
C01287,5,2088.0295,646.4095000000001,7,417.6059,2025-08-14,591,Low Value
C01288,10,3510.034,953.2940000000001,17,351.0034,2025-09-26,634,Mid-Low
C01289,8,6574.1925,2075.5325000000003,17,821.7740625,2025-12-20,719,Mid-High
C01290,4,1950.6235,574.5035,4,487.655875,2025-12-10,709,Low Value
C01291,5,5794.548000000001,2434.688,14,1158.9096000000002,2025-11-14,683,Mid-High
C01292,7,10635.493999999999,3906.974,23,1519.3562857142856,2025-11-05,674,High Value
C01293,6,4418.157,1270.2770000000003,13,736.3595,2025-09-27,635,Mid-Low
C01294,4,850.3430000000001,154.11300000000006,10,212.58575000000002,2025-11-25,694,Low Value
C01295,10,4136.74,1553.81,16,413.674,2025-12-19,718,Mid-Low
C01296,7,6083.156,1824.556,13,869.0222857142857,2025-11-04,673,Mid-High
C01297,7,7838.446,3445.5459999999994,17,1119.778,2025-12-06,705,High Value
C01298,10,5196.865,1497.965,21,519.6865,2025-12-26,725,Mid-High
C01299,7,5940.879,1605.449,12,848.697,2025-10-28,666,Mid-High
C01300,6,7281.693499999999,2702.2035,18,1213.6155833333332,2025-06-18,534,High Value
C01301,10,7206.4855,1625.7855000000004,23,720.64855,2025-09-10,618,High Value
C01302,4,1423.5484999999999,589.9185000000001,8,355.88712499999997,2025-11-26,695,Low Value
C01303,7,5409.937,1646.2669999999998,12,772.8481428571429,2025-11-28,697,Mid-High
C01304,8,4324.283,1499.803,14,540.535375,2025-04-27,482,Mid-Low
C01305,4,6736.542,1219.742,8,1684.1355,2025-02-08,404,High Value
C01306,6,2699.8855,818.3954999999999,12,449.98091666666664,2025-12-18,717,Low Value
C01307,9,4506.8775,1404.8375,16,500.7641666666666,2025-10-07,645,Mid-Low
C01308,7,4632.157,1776.897,17,661.7367142857144,2025-12-05,704,Mid-High
C01309,4,2256.677,522.0370000000001,9,564.16925,2025-08-24,601,Low Value
C01310,6,1607.5255,489.24549999999994,11,267.92091666666664,2025-05-08,493,Low Value
C01311,8,5722.6810000000005,1309.4610000000002,14,715.3351250000001,2025-10-10,648,Mid-High
C01312,9,6790.65,1981.1400000000003,16,754.5166666666667,2025-09-19,627,High Value
C01313,11,6846.013,2148.933,24,622.3648181818181,2025-12-04,703,High Value
C01314,5,8171.088,2381.6879999999996,15,1634.2176,2025-07-02,548,High Value
C01315,8,8816.5595,2429.0494999999996,22,1102.0699375,2025-09-26,634,High Value
C01316,8,6760.574,1656.7340000000002,18,845.07175,2025-07-19,565,High Value
C01317,6,4540.164,1138.9640000000002,18,756.694,2025-04-12,467,Mid-Low
C01318,10,8030.504999999999,2505.3849999999993,20,803.0504999999999,2025-11-10,679,High Value
C01319,3,1194.3519999999999,378.91199999999986,8,398.1173333333333,2025-07-06,552,Low Value
C01320,6,5502.596,1792.4460000000001,15,917.0993333333332,2025-12-26,725,Mid-High
C01321,9,11913.971,3606.3810000000003,29,1323.7745555555555,2025-12-01,700,High Value
C01322,6,3062.574,1185.204,9,510.42900000000003,2025-08-27,604,Mid-Low
C01323,6,3778.4375,801.6975000000001,8,629.7395833333334,2024-09-19,262,Mid-Low
C01324,10,5768.693,1816.443,29,576.8693000000001,2025-11-22,691,Mid-High
C01325,11,11363.994,3423.214000000001,21,1033.0903636363637,2025-12-04,703,High Value
C01326,9,8064.1935,2546.5135000000005,17,896.0215000000001,2025-12-14,713,High Value
C01327,3,1524.2085,397.7785,4,508.0695,2025-08-17,594,Low Value
C01328,4,3895.145,1127.435,7,973.78625,2025-08-17,594,Mid-Low
C01329,4,1263.7330000000002,354.653,6,315.93325000000004,2025-11-09,678,Low Value
C01330,6,2942.449,949.7589999999999,8,490.40816666666666,2025-04-28,483,Low Value
C01331,6,2397.494,828.2040000000001,11,399.58233333333334,2025-10-08,646,Low Value
C01332,6,3903.314,1148.1039999999998,14,650.5523333333333,2025-07-11,557,Mid-Low
C01333,5,1371.768,345.77799999999996,10,274.35360000000003,2025-11-09,678,Low Value
C01334,4,1118.829,353.67900000000003,6,279.70725,2025-09-03,611,Low Value
C01335,10,4709.18,1372.06,21,470.918,2025-11-22,691,Mid-High
C01336,10,9214.4545,2685.7945000000004,30,921.4454499999999,2025-12-31,730,High Value
C01337,10,5045.639,1797.2289999999998,20,504.5639,2025-09-30,638,Mid-High
C01338,3,472.568,135.478,3,157.52266666666665,2025-03-20,444,Low Value
C01339,7,6827.5045,1930.7445,14,975.3577857142857,2025-06-21,537,High Value
C01340,8,2519.9,591.24,14,314.9875,2025-11-21,690,Low Value
C01341,4,3687.785,1325.835,8,921.94625,2025-11-22,691,Mid-Low
C01342,5,3377.045,1186.5350000000003,11,675.409,2025-10-12,650,Mid-Low
C01343,3,712.9860000000001,163.74600000000004,4,237.66200000000003,2025-06-12,528,Low Value
C01344,3,2932.7110000000002,709.1510000000002,7,977.5703333333335,2024-12-07,341,Low Value
C01345,10,5325.737999999999,1726.6379999999997,20,532.5737999999999,2025-11-30,699,Mid-High
C01346,7,6461.708,2353.1279999999997,17,923.1011428571428,2025-12-17,716,Mid-High
C01347,3,1595.1705000000002,386.81050000000005,7,531.7235000000001,2024-03-21,80,Low Value
C01348,5,2153.4965,595.4065,10,430.69930000000005,2025-09-05,613,Low Value
C01349,7,4991.646,1716.8359999999998,15,713.0922857142857,2025-07-20,566,Mid-High
C01350,6,3530.7785000000003,1365.7585,10,588.4630833333334,2025-12-23,722,Mid-Low
C01351,7,4500.4505,1632.7904999999998,13,642.9215,2025-09-11,619,Mid-Low
C01352,10,7293.3099999999995,3039.02,24,729.3309999999999,2025-10-18,656,High Value
C01353,7,3185.95,744.54,13,455.13571428571424,2025-10-10,648,Mid-Low
C01354,8,7361.635,2443.405,22,920.204375,2025-11-12,681,High Value
C01355,3,1166.247,332.1970000000001,3,388.749,2025-08-13,590,Low Value
C01356,6,8951.296,1896.8160000000003,16,1491.8826666666666,2025-10-18,656,High Value
C01357,9,8861.069,2328.609,21,984.5632222222222,2025-12-06,705,High Value
C01358,11,6871.66,2431.31,21,624.6963636363636,2025-12-24,723,High Value
C01359,9,11716.104500000001,3855.2545000000005,30,1301.789388888889,2025-08-16,593,High Value
C01360,10,3389.8935,1244.6135000000002,16,338.98935,2025-10-29,667,Mid-Low
C01361,10,7174.7955,2388.6254999999996,23,717.47955,2025-10-26,664,High Value
C01362,7,5066.8035,1761.6635000000003,15,723.8290714285714,2025-11-05,674,Mid-High
C01363,5,1910.618,324.9179999999999,9,382.1236,2025-12-26,725,Low Value
C01364,5,1572.393,412.95300000000003,10,314.47860000000003,2025-10-06,644,Low Value
C01365,6,2144.2605,622.9604999999998,12,357.37674999999996,2025-09-22,630,Low Value
C01366,9,10521.583999999999,3259.254,23,1169.0648888888888,2025-10-31,669,High Value
C01367,3,3426.2799999999997,1222.83,12,1142.0933333333332,2025-08-02,579,Mid-Low
C01368,7,6941.5425000000005,2585.4825,21,991.6489285714287,2025-12-20,719,High Value
C01369,7,1844.1055000000001,288.18550000000005,11,263.4436428571429,2025-11-02,671,Low Value
C01370,9,4105.109,1371.5190000000002,16,456.12322222222224,2025-11-27,696,Mid-Low
C01371,8,7214.322999999999,1388.803,20,901.7903749999999,2025-09-19,627,High Value
C01372,6,1784.911,303.59100000000007,6,297.48516666666666,2025-12-23,722,Low Value
C01373,7,7324.964,2335.7840000000006,17,1046.4234285714285,2025-11-22,691,High Value
C01374,6,1308.1654999999998,322.47549999999995,13,218.0275833333333,2025-04-09,464,Low Value
C01375,12,8642.9875,3222.3674999999994,23,720.2489583333332,2025-09-04,612,High Value
C01376,7,8488.944,2033.0639999999999,14,1212.7062857142857,2025-08-14,591,High Value
C01377,6,4424.1725,1563.4125000000001,14,737.3620833333333,2025-11-24,693,Mid-Low
C01378,11,6825.974,2222.274,21,620.5430909090909,2025-11-13,682,High Value
C01379,9,4898.3565,1486.3864999999998,16,544.2618333333334,2025-10-01,639,Mid-High
C01380,5,4599.714,1071.0940000000003,7,919.9428,2025-12-06,705,Mid-High
C01381,5,2677.7735,557.1735,11,535.5546999999999,2025-10-12,650,Low Value
C01382,4,5214.945,1627.8350000000003,13,1303.73625,2025-10-13,651,Mid-High
C01383,7,3437.3765,995.8965000000001,16,491.0537857142857,2025-09-12,620,Mid-Low
C01384,6,2463.1,989.9599999999998,17,410.51666666666665,2025-05-01,486,Low Value
C01385,7,5266.3985,2041.9785000000002,12,752.3426428571429,2025-09-25,633,Mid-High
C01386,5,1992.5774999999999,724.6175,6,398.5155,2025-10-29,667,Low Value
C01387,5,3348.572,1124.412,12,669.7144000000001,2025-12-25,724,Mid-Low
C01388,6,2484.7665,958.3764999999999,15,414.12775000000005,2025-06-11,527,Low Value
C01389,8,8221.687,3390.9270000000006,14,1027.710875,2025-11-30,699,High Value
C01390,7,2912.259,973.2089999999998,15,416.037,2025-10-27,665,Low Value
C01391,6,2769.0280000000002,752.118,13,461.5046666666667,2025-12-16,715,Low Value
C01392,8,9560.3955,2189.6055,18,1195.0494375,2025-11-26,695,High Value
C01393,4,3027.384,1100.0439999999999,14,756.846,2025-11-13,682,Mid-Low
C01394,5,3745.7675,1318.2875,11,749.1535,2025-10-13,651,Mid-Low
C01395,9,6963.932500000001,2296.5425000000005,19,773.7702777777779,2025-11-24,693,High Value
C01396,5,796.598,223.68799999999996,6,159.31959999999998,2025-03-01,425,Low Value
C01397,6,5520.597,1527.687,14,920.0994999999999,2025-11-14,683,Mid-High
C01398,7,3240.1259999999997,1068.2559999999999,14,462.8751428571428,2025-10-02,640,Mid-Low
C01399,6,1986.3200000000002,292.12,8,331.05333333333334,2025-11-14,683,Low Value
C01400,6,6115.9945,2320.6944999999996,13,1019.3324166666666,2025-06-21,537,Mid-High
C01401,8,5841.385,1671.185,19,730.173125,2025-06-27,543,Mid-High
C01402,8,11205.8675,4097.9775,20,1400.7334375,2025-08-27,604,High Value
C01403,2,4408.37,1710.02,8,2204.185,2025-10-27,665,Mid-Low
C01404,7,4532.683,1350.4929999999997,10,647.5261428571429,2025-11-19,688,Mid-Low
C01405,2,2728.7740000000003,1208.7440000000001,5,1364.3870000000002,2025-01-30,395,Low Value
C01406,6,2006.01,554.4899999999999,12,334.335,2025-11-03,672,Low Value
C01407,5,2569.3,541.1600000000002,16,513.86,2025-12-20,719,Low Value
C01408,7,5566.673,1572.743,12,795.2389999999999,2025-10-16,654,Mid-High
C01409,8,11988.783000000001,4646.343,22,1498.5978750000002,2025-10-18,656,High Value
C01410,11,9993.865,4079.685,28,908.5331818181818,2025-11-04,673,High Value
C01411,8,6844.633,2451.603,13,855.579125,2025-08-19,596,High Value
C01412,7,3463.395,894.4050000000001,15,494.7707142857143,2025-10-07,645,Mid-Low
C01413,5,2410.772,598.612,15,482.1544,2025-11-13,682,Low Value
C01414,10,6249.4085000000005,2264.8185,15,624.9408500000001,2025-11-30,699,Mid-High
C01415,6,3688.4539999999997,1035.8739999999996,14,614.7423333333332,2025-12-31,730,Mid-Low
C01416,7,7572.860000000001,2552.300000000001,19,1081.837142857143,2025-07-31,577,High Value
C01417,5,4486.355,1502.1550000000002,9,897.271,2025-10-19,657,Mid-Low
C01418,3,6488.852,2101.941999999999,11,2162.9506666666666,2025-05-08,493,Mid-High
C01419,5,1489.6444999999999,510.1245,9,297.9289,2025-12-30,729,Low Value
C01420,6,1958.417,620.9170000000001,15,326.4028333333333,2025-09-30,638,Low Value
C01421,4,1844.5795,376.2995000000001,6,461.144875,2025-12-04,703,Low Value
C01422,10,8116.348,2373.408,22,811.6348,2025-12-22,721,High Value
C01423,5,3312.0805,1271.4405,10,662.4161,2025-12-26,725,Mid-Low
C01424,6,3998.2174999999997,1465.7775000000001,14,666.3695833333333,2025-12-29,728,Mid-Low
C01425,8,7254.4490000000005,2367.1690000000003,14,906.8061250000001,2025-11-15,684,High Value
C01426,8,7247.175,2201.235,15,905.896875,2025-12-29,728,High Value
C01427,8,5668.9025,1376.5724999999998,18,708.6128125,2025-10-25,663,Mid-High
C01428,7,8935.69,2678.34,16,1276.527142857143,2025-12-27,726,High Value
C01429,9,7321.164500000001,1836.0245000000002,18,813.4627222222223,2025-12-16,715,High Value
C01430,5,2116.0280000000002,497.848,8,423.20560000000006,2025-04-08,463,Low Value
C01431,5,1367.98,544.5799999999999,8,273.596,2025-12-06,705,Low Value
C01432,6,8733.07,2497.4200000000005,13,1455.5116666666665,2025-12-29,728,High Value
C01433,8,7348.8165,2460.4865,14,918.6020625,2025-12-13,712,High Value
C01434,5,1891.426,575.816,7,378.2852,2025-07-11,557,Low Value
C01435,6,4604.094999999999,1621.0749999999998,15,767.3491666666665,2025-08-07,584,Mid-High
C01436,9,6858.8785,1796.4885,25,762.0976111111111,2025-12-27,726,High Value
C01437,4,1026.386,133.38600000000002,9,256.5965,2025-04-02,457,Low Value
C01438,4,2983.3015,1118.5215,6,745.825375,2025-07-17,563,Mid-Low
C01439,5,4235.621,1579.181,11,847.1242,2025-06-24,540,Mid-Low
C01440,8,8564.84,2387.66,20,1070.605,2025-11-17,686,High Value
C01441,6,1824.046,507.4760000000001,12,304.0076666666667,2025-11-16,685,Low Value
C01442,6,7380.8805,2290.8805,13,1230.14675,2025-06-01,517,High Value
C01443,7,2443.725,825.4449999999999,13,349.1035714285714,2025-12-20,719,Low Value
C01444,7,4369.718,1222.238,18,624.2454285714285,2025-12-15,714,Mid-Low
C01445,6,4581.98,1026.7900000000002,13,763.6633333333333,2025-12-22,721,Mid-Low
C01446,7,3374.974,1159.1840000000002,14,482.1391428571429,2025-06-18,534,Mid-Low
C01447,10,8584.9475,2572.7675,25,858.4947500000001,2025-12-18,717,High Value
C01448,4,812.4379999999999,236.35799999999992,8,203.10949999999997,2025-12-03,702,Low Value
C01449,7,9298.814,2795.604,16,1328.402,2025-11-01,670,High Value
C01450,12,9516.912,3219.4920000000006,26,793.076,2025-06-15,531,High Value
C01451,4,1643.757,541.8870000000001,4,410.93925,2025-10-24,662,Low Value
C01452,9,8631.535,3342.5950000000003,25,959.0594444444445,2025-12-21,720,High Value
C01453,8,2190.74,585.01,19,273.8425,2025-11-25,694,Low Value
C01454,10,6859.724999999999,2136.055,19,685.9725,2025-12-16,715,High Value
C01455,8,6328.13,1033.4,18,791.01625,2025-12-25,724,Mid-High
C01456,6,3056.3224999999998,731.8425000000001,11,509.3870833333333,2025-02-28,424,Mid-Low
C01457,7,3262.5045,1319.8944999999999,20,466.0720714285714,2025-12-18,717,Mid-Low
C01458,8,7392.155500000001,2500.0655,14,924.0194375000001,2025-12-20,719,High Value
C01459,10,2146.755,635.665,18,214.6755,2025-07-10,556,Low Value
C01460,9,5032.5665,1538.9765,16,559.1740555555556,2025-12-05,704,Mid-High
C01461,10,4376.526,1262.7060000000001,20,437.6526,2025-11-08,677,Mid-Low
C01462,1,431.55649999999997,110.49649999999998,1,431.55649999999997,2024-05-15,135,Low Value
C01463,7,2455.823,672.443,12,350.83185714285713,2025-12-31,730,Low Value
C01464,14,10095.992,3736.132,33,721.1422857142858,2025-12-28,727,High Value
C01465,12,5044.409000000001,1586.9990000000003,24,420.3674166666667,2025-10-26,664,Mid-High
C01466,4,4442.128000000001,1441.4180000000003,9,1110.5320000000002,2025-06-02,518,Mid-Low
C01467,12,13210.515,3226.805,37,1100.87625,2025-10-20,658,High Value
C01468,9,7625.4135,1950.3834999999997,22,847.2681666666666,2025-11-25,694,High Value
C01469,4,3197.6395,844.6995000000001,12,799.409875,2025-12-10,709,Mid-Low
C01470,11,4800.1849999999995,1390.885,22,436.3804545454545,2025-11-23,692,Mid-High
C01471,9,6512.516,1927.376,15,723.6128888888888,2025-11-26,695,Mid-High
C01472,4,4003.8865000000005,1544.3765000000003,7,1000.9716250000001,2025-06-15,531,Mid-Low
C01473,7,9367.236,3357.236,24,1338.1765714285716,2025-07-29,575,High Value
C01474,3,719.8000000000001,230.95000000000005,3,239.93333333333337,2025-10-06,644,Low Value
C01475,6,2898.9610000000002,1097.5810000000004,11,483.1601666666667,2025-12-03,702,Low Value
C01476,7,10409.866,2213.6960000000004,24,1487.1237142857142,2025-10-30,668,High Value
C01477,8,3311.6175000000003,862.3775,19,413.95218750000004,2025-09-27,635,Mid-Low
C01478,6,3843.326,1064.326,14,640.5543333333334,2025-12-10,709,Mid-Low
C01479,6,4099.531999999999,1163.7119999999995,12,683.2553333333332,2025-02-22,418,Mid-Low
C01480,10,5983.504,2256.954,26,598.3504,2025-10-13,651,Mid-High
C01481,12,7118.9085000000005,1641.6785000000004,27,593.242375,2025-10-04,642,High Value
C01482,8,3631.034,1295.484,13,453.87925,2025-07-30,576,Mid-Low
C01483,8,4465.515,1291.635,14,558.189375,2025-12-29,728,Mid-Low
C01484,9,5775.807,1981.2669999999998,19,641.7563333333333,2025-12-30,729,Mid-High
C01485,8,6282.053,1081.1029999999998,20,785.256625,2025-12-31,730,Mid-High
C01486,3,486.97,128.69,5,162.32333333333335,2025-12-24,723,Low Value
C01487,6,3190.051,1038.501,14,531.6751666666667,2025-12-10,709,Mid-Low
C01488,8,3480.2385,1029.6685,20,435.0298125,2025-06-30,546,Mid-Low
C01489,3,1953.9195,535.5695,3,651.3065,2025-02-15,411,Low Value
C01490,7,6272.264,1625.574,15,896.0377142857143,2025-10-22,660,Mid-High
C01491,10,5827.683,1699.883,16,582.7683,2025-12-09,708,Mid-High
C01492,5,5932.32,2556.3300000000004,15,1186.464,2025-12-27,726,Mid-High
C01493,6,1385.7540000000001,410.934,9,230.95900000000003,2025-11-29,698,Low Value
C01494,8,6341.8055,2180.4155,15,792.7256875,2025-10-29,667,Mid-High
C01495,7,3797.3775,1337.4675,14,542.4825,2025-10-24,662,Mid-Low
C01496,8,4236.555,1096.895,13,529.569375,2025-10-31,669,Mid-Low
C01497,9,4992.961499999999,1558.1515,17,554.7734999999999,2025-12-29,728,Mid-High
C01498,4,1752.487,406.76699999999994,11,438.12175,2025-09-25,633,Low Value
C01499,4,3168.382,784.5720000000002,9,792.0955,2025-10-31,669,Mid-Low
C01500,4,2284.76,796.9200000000001,5,571.19,2025-11-08,677,Low Value
C01501,6,1202.9850000000001,320.485,6,200.49750000000003,2025-09-22,630,Low Value
C01502,8,4345.4315,1011.3614999999999,16,543.1789375,2025-05-05,490,Mid-Low
C01503,5,1625.721,539.6610000000001,15,325.1442,2025-09-06,614,Low Value
C01504,6,4313.939,1608.1190000000001,14,718.9898333333334,2025-10-25,663,Mid-Low
C01505,7,3477.5119999999997,1240.5320000000002,18,496.7874285714285,2025-10-29,667,Mid-Low
C01506,6,10635.123,3735.1030000000005,17,1772.5204999999999,2025-07-04,550,High Value
C01507,8,4395.6985,1326.6285,19,549.4623125,2025-12-15,714,Mid-Low
C01508,8,5766.416,1723.7359999999994,16,720.802,2025-12-28,727,Mid-High
C01509,7,7304.642,2530.2320000000004,16,1043.5202857142856,2025-11-24,693,High Value
C01510,5,2361.91,672.6899999999999,8,472.38199999999995,2025-08-18,595,Low Value
C01511,4,1235.7045,51.67449999999996,7,308.926125,2025-05-20,505,Low Value
C01512,6,7182.18,2578.5900000000006,19,1197.03,2025-12-20,719,High Value
C01513,7,2558.979,697.7089999999998,11,365.56842857142857,2025-12-25,724,Low Value
C01514,2,936.2049999999999,164.53499999999994,5,468.10249999999996,2025-02-18,414,Low Value
C01515,9,9768.601499999999,2439.8415,19,1085.4001666666666,2025-12-27,726,High Value
C01516,5,2177.695,582.0050000000002,13,435.53900000000004,2025-10-26,664,Low Value
C01517,8,6107.818000000001,1443.7380000000005,16,763.4772500000001,2025-11-25,694,Mid-High
C01518,10,7219.629,1812.6589999999997,23,721.9629,2025-12-08,707,High Value
C01519,8,5323.834,1333.894,15,665.47925,2025-05-19,504,Mid-High
C01520,12,8371.6765,2357.1265000000003,24,697.6397083333333,2025-06-23,539,High Value
C01521,9,5680.4905,1837.2804999999998,21,631.165611111111,2025-12-23,722,Mid-High
C01522,3,423.07399999999996,110.33399999999995,4,141.02466666666666,2025-06-07,523,Low Value
C01523,6,4609.0775,2025.8875,13,768.1795833333334,2025-09-21,629,Mid-High
C01524,9,2965.02,1008.3499999999999,12,329.44666666666666,2025-12-18,717,Mid-Low
C01525,5,1674.4669999999999,475.49699999999996,7,334.8934,2025-06-07,523,Low Value
C01526,4,4294.08,2130.86,8,1073.52,2025-05-20,505,Mid-Low
C01527,3,2052.276,501.63599999999997,5,684.092,2025-11-27,696,Low Value
C01528,6,3609.518,1066.568,10,601.5863333333333,2025-12-21,720,Mid-Low
C01529,7,3660.313,1286.373,18,522.9018571428571,2025-03-15,439,Mid-Low
C01530,8,6662.79,1906.4499999999998,18,832.84875,2025-09-21,629,Mid-High
C01531,7,7420.959000000001,1745.8689999999997,13,1060.1370000000002,2025-12-04,703,High Value
C01532,5,3258.094,1115.414,10,651.6188,2025-02-21,417,Mid-Low
C01533,4,1607.594,514.134,8,401.8985,2025-07-17,563,Low Value
C01534,8,5973.081,1993.161,21,746.635125,2025-11-12,681,Mid-High
C01535,4,1680.2400000000002,496.6700000000001,6,420.06000000000006,2025-11-23,692,Low Value
C01536,11,7276.2695,2689.5395000000008,24,661.4790454545455,2025-10-19,657,High Value
C01537,7,6542.784,2204.9240000000004,13,934.6834285714285,2025-09-29,637,Mid-High
C01538,8,6393.52,2035.31,14,799.19,2025-11-05,674,Mid-High
C01539,8,7045.695,2493.0550000000003,15,880.711875,2025-12-21,720,High Value
C01540,10,4457.54,1124.7999999999997,12,445.754,2025-11-24,693,Mid-Low
C01541,4,3037.4855000000002,893.0155000000003,8,759.3713750000001,2025-11-20,689,Mid-Low
C01542,9,6792.911,2521.031,16,754.7678888888889,2025-08-28,605,High Value
C01543,4,3180.0419999999995,973.472,8,795.0104999999999,2025-07-13,559,Mid-Low
C01544,6,8970.453000000001,3391.743,16,1495.0755000000001,2025-12-13,712,High Value
C01545,7,4122.049,612.939,16,588.8641428571428,2025-08-02,579,Mid-Low
C01546,9,4536.6145,1238.7345,16,504.0682777777777,2025-12-11,710,Mid-Low
C01547,8,5697.3525,1337.9725,18,712.1690625,2025-11-12,681,Mid-High
C01548,8,3523.8465,903.0365,20,440.4808125,2025-09-16,624,Mid-Low
C01549,5,4009.187,923.3970000000002,8,801.8374,2025-11-06,675,Mid-Low
C01550,9,7170.618,1806.2080000000003,20,796.7353333333334,2025-10-14,652,High Value
C01551,6,1791.106,600.176,10,298.5176666666667,2025-10-13,651,Low Value
C01552,8,8316.858,2884.018,15,1039.60725,2025-08-29,606,High Value
C01553,3,2774.62,785.7300000000001,8,924.8733333333333,2025-08-14,591,Low Value
C01554,5,2311.926,661.416,8,462.3852,2025-11-06,675,Low Value
C01555,6,5295.0055,1770.6755,16,882.5009166666667,2025-12-18,717,Mid-High
C01556,15,10794.836500000001,2715.6165000000005,33,719.6557666666668,2025-12-30,729,High Value
C01557,13,13646.344500000001,3460.754500000001,30,1049.7188076923078,2025-11-21,690,High Value
C01558,9,3940.328,818.2780000000001,12,437.8142222222222,2025-11-14,683,Mid-Low
C01559,9,3217.0365,789.2265000000001,13,357.4485,2025-09-13,621,Mid-Low
C01560,9,4217.1825,1372.6125,14,468.5758333333333,2025-12-06,705,Mid-Low
C01561,6,2271.6475,743.6375,9,378.60791666666665,2025-12-23,722,Low Value
C01562,8,4189.417,1340.1470000000004,15,523.677125,2025-05-14,499,Mid-Low
C01563,6,5218.0775,1665.2575,14,869.6795833333334,2025-10-30,668,Mid-High
C01564,7,3079.1545,841.3045,11,439.8792142857143,2025-12-05,704,Mid-Low
C01565,6,3055.3835,1095.6835,11,509.2305833333333,2025-05-16,501,Mid-Low
C01566,9,3384.3265,1264.9565,18,376.0362777777778,2025-07-12,558,Mid-Low
C01567,12,8534.7615,2872.0615,28,711.230125,2025-12-28,727,High Value
C01568,6,4137.35,966.1199999999999,9,689.5583333333334,2025-12-18,717,Mid-Low
C01569,7,4049.1385,1519.1385000000002,13,578.4483571428572,2025-11-10,679,Mid-Low
C01570,5,3282.9764999999998,527.6964999999999,11,656.5953,2025-12-29,728,Mid-Low
C01571,6,2908.103,705.183,10,484.6838333333333,2024-06-14,165,Low Value
C01572,11,5365.382,1649.742,25,487.76199999999994,2025-12-09,708,Mid-High
C01573,12,6422.028,1794.008,21,535.169,2025-12-07,706,Mid-High
C01574,10,10702.937,3428.217,29,1070.2937,2025-11-29,698,High Value
C01575,7,1875.482,507.24199999999996,10,267.926,2025-12-29,728,Low Value
C01576,11,9527.367,2664.8170000000005,23,866.1242727272728,2025-10-24,662,High Value
C01577,9,3924.3995,942.1195000000001,13,436.0443888888889,2025-06-24,540,Mid-Low
C01578,8,5902.542,2020.1120000000005,17,737.81775,2025-09-10,618,Mid-High
C01579,10,9097.038,2912.078,23,909.7038,2025-12-28,727,High Value
C01580,9,4141.653,1255.7730000000001,12,460.1836666666667,2025-11-15,684,Mid-Low
C01581,2,614.362,168.34199999999996,6,307.181,2025-06-03,519,Low Value
C01582,5,1279.672,184.8020000000001,10,255.9344,2025-10-21,659,Low Value
C01583,6,4819.8915,1129.9115,10,803.31525,2025-10-09,647,Mid-High
C01584,8,3490.227,625.537,15,436.278375,2025-12-02,701,Mid-Low
C01585,8,4999.423000000001,1676.0230000000001,16,624.9278750000001,2025-10-09,647,Mid-High
C01586,6,5474.342,1765.0320000000002,13,912.3903333333333,2025-08-26,603,Mid-High
C01587,7,1890.0100000000002,503.9600000000001,14,270.0014285714286,2025-12-16,715,Low Value
C01588,3,2350.298,645.1079999999995,9,783.4326666666666,2025-08-12,589,Low Value
C01589,8,2607.238,497.77800000000013,20,325.90475,2025-11-06,675,Low Value
C01590,6,2167.89,764.63,8,361.315,2025-10-15,653,Low Value
C01591,14,5672.5605,1978.6004999999998,30,405.1828928571428,2025-11-07,676,Mid-High
C01592,8,5414.137000000001,1587.127,14,676.7671250000001,2025-05-09,494,Mid-High
C01593,7,7159.1455000000005,2377.3655000000003,17,1022.7350714285715,2025-07-25,571,High Value
C01594,7,4662.8785,1705.3184999999999,16,666.1255,2025-10-04,642,Mid-High
C01595,5,2829.7720000000004,933.7120000000002,8,565.9544000000001,2025-12-04,703,Low Value
C01596,8,2265.655,639.765,14,283.206875,2025-12-19,718,Low Value
C01597,7,6849.6085,2664.0285000000003,16,978.5155000000001,2025-10-05,643,High Value
C01598,7,7535.7495,2139.9095,15,1076.5356428571429,2025-11-28,697,High Value
C01599,5,1611.2714999999998,504.70149999999995,6,322.25429999999994,2025-10-08,646,Low Value
C01600,12,7262.04,2377.89,25,605.17,2025-11-26,695,High Value
C01601,8,4785.369,1418.159,12,598.171125,2025-09-18,626,Mid-High
C01602,9,4081.071,1138.891,16,453.45233333333334,2025-09-05,613,Mid-Low
C01603,5,2609.8555,738.6255000000001,8,521.9711,2025-09-22,630,Low Value
C01604,4,2362.409,578.0189999999999,10,590.60225,2025-09-17,625,Low Value
C01605,7,8989.654,3014.184,17,1284.2362857142857,2025-06-03,519,High Value
C01606,4,1396.839,306.34899999999993,8,349.20975,2025-10-06,644,Low Value
C01607,2,927.9300000000001,327.3800000000001,2,463.96500000000003,2024-05-16,136,Low Value
C01608,9,4702.1155,1573.2855000000002,16,522.4572777777778,2025-09-01,609,Mid-High
C01609,8,6745.7105,1866.1205000000004,16,843.2138125,2025-11-22,691,High Value
C01610,10,5163.166,1255.9660000000001,16,516.3166,2025-11-11,680,Mid-High
C01611,9,8980.711,3000.4010000000007,17,997.8567777777777,2025-11-07,676,High Value
C01612,7,5053.384,1305.0339999999999,13,721.912,2025-12-07,706,Mid-High
C01613,8,7364.2775,2315.8175,17,920.5346875,2025-11-29,698,High Value
C01614,9,2662.6785,818.7485000000001,13,295.85316666666665,2025-08-13,590,Low Value
C01615,5,3016.134,661.6139999999999,9,603.2268,2024-10-09,282,Mid-Low
C01616,8,6858.967000000001,2739.4170000000004,15,857.3708750000001,2025-12-14,713,High Value
C01617,9,11666.842499999999,3670.5425,30,1296.315833333333,2025-12-13,712,High Value
C01618,6,5092.676,2025.9760000000003,14,848.7793333333334,2025-06-29,545,Mid-High
C01619,8,6450.6990000000005,2537.899,19,806.3373750000001,2025-10-03,641,Mid-High
C01620,7,3334.4230000000002,1172.2730000000001,15,476.34614285714287,2025-12-20,719,Mid-Low
C01621,7,2593.0469999999996,494.87699999999995,16,370.43528571428567,2025-08-16,593,Low Value
C01622,3,2215.9625,552.1725,6,738.6541666666667,2025-06-06,522,Low Value
C01623,7,5354.278,2344.2180000000003,15,764.8968571428571,2025-08-24,601,Mid-High
C01624,11,6403.197999999999,2305.268,20,582.108909090909,2025-10-22,660,Mid-High
C01625,9,8661.582,2400.482,15,962.398,2025-11-30,699,High Value
C01626,8,7874.5625,2884.6525,19,984.3203125,2025-12-03,702,High Value
C01627,9,9116.0685,3069.0684999999994,24,1012.8965,2025-11-13,682,High Value
C01628,7,8651.0095,3429.7794999999996,14,1235.8585,2025-12-29,728,High Value
C01629,6,3825.6540000000005,1228.3640000000005,13,637.609,2025-08-25,602,Mid-Low
C01630,8,6504.244000000001,1713.5140000000006,18,813.0305000000001,2025-10-24,662,Mid-High
C01631,9,5326.299,1609.949,20,591.811,2025-10-15,653,Mid-High
C01632,7,3487.062,814.0220000000002,15,498.15171428571426,2025-08-31,608,Mid-Low
C01633,9,7028.8955000000005,2361.7955,17,780.988388888889,2025-10-04,642,High Value
C01634,8,8298.603000000001,2890.553000000001,17,1037.3253750000001,2025-09-29,637,High Value
C01635,5,2679.7380000000003,927.6379999999999,7,535.9476000000001,2024-12-15,349,Low Value
C01636,2,1174.04,359.2199999999999,4,587.02,2025-10-12,650,Low Value
C01637,4,1365.128,421.608,11,341.282,2025-01-08,373,Low Value
C01638,6,2122.5649999999996,380.145,15,353.76083333333327,2025-10-31,669,Low Value
C01639,1,862.596,111.07600000000001,4,862.596,2024-03-28,87,Low Value
C01640,10,5680.4835,1685.3835,24,568.04835,2025-12-09,708,Mid-High
C01641,4,2297.6620000000003,591.8220000000001,7,574.4155000000001,2025-11-22,691,Low Value
C01642,2,1437.3400000000001,489.02,2,718.6700000000001,2025-05-04,489,Low Value
C01643,8,5742.6415,1943.0015,21,717.8301875,2025-09-26,634,Mid-High
C01644,3,2343.7110000000002,720.6209999999999,9,781.2370000000001,2025-09-30,638,Low Value
C01645,9,2829.969,880.849,13,314.44100000000003,2025-08-17,594,Low Value
C01646,6,7867.637,3113.6269999999995,16,1311.2728333333332,2025-05-16,501,High Value
C01647,5,2870.536,1084.5159999999998,8,574.1072,2025-09-06,614,Low Value
C01648,6,3431.5170000000003,588.457,12,571.9195000000001,2025-11-05,674,Mid-Low
C01649,8,4016.532,1062.0119999999997,12,502.0665,2025-12-01,700,Mid-Low
C01650,7,7761.6855000000005,1730.2955000000006,17,1108.8122142857144,2025-07-16,562,High Value
C01651,1,1068.74,505.65999999999997,2,1068.74,2025-12-04,703,Low Value
C01652,12,5146.2880000000005,1827.7379999999998,24,428.8573333333334,2025-12-21,720,Mid-High
C01653,13,6200.784,1937.494,25,476.9833846153846,2025-10-31,669,Mid-High
C01654,10,14051.987000000001,4619.956999999999,29,1405.1987000000001,2025-08-03,580,High Value
C01655,9,5437.0275,1681.4775,20,604.1141666666667,2025-08-16,593,Mid-High
C01656,8,4808.0725,1806.1525000000001,15,601.0090625,2025-12-21,720,Mid-High
C01657,12,5335.4325,1555.8625000000004,22,444.619375,2025-10-10,648,Mid-High
C01658,6,4213.235000000001,1016.0550000000001,14,702.2058333333334,2025-09-10,618,Mid-Low
C01659,7,4525.3915,1830.5314999999998,20,646.4844999999999,2025-09-03,611,Mid-Low
C01660,8,6338.316500000001,1930.6265,15,792.2895625000001,2025-11-26,695,Mid-High
C01661,8,6246.061,2090.621,17,780.757625,2025-12-11,710,Mid-High
C01662,7,8315.181999999999,2466.3919999999994,16,1187.8831428571427,2025-10-31,669,High Value
C01663,5,3918.704,1105.3240000000005,9,783.7408,2025-12-10,709,Mid-Low
C01664,4,3722.5060000000003,1219.746,9,930.6265000000001,2025-06-30,546,Mid-Low
C01665,10,6063.4635,1959.1435000000001,20,606.34635,2025-12-11,710,Mid-High
C01666,5,3826.1904999999997,1382.5104999999996,13,765.2380999999999,2025-07-15,561,Mid-Low
C01667,5,3194.84,876.5400000000002,9,638.9680000000001,2025-03-09,433,Mid-Low
C01668,14,7354.6195,2703.8894999999998,26,525.3299642857143,2025-11-18,687,High Value
C01669,11,7086.5160000000005,1818.9859999999999,26,644.2287272727273,2025-12-10,709,High Value
C01670,7,4713.406,2000.1659999999997,12,673.3437142857143,2025-08-21,598,Mid-High
C01671,4,5985.314,1852.5740000000003,7,1496.3285,2025-03-18,442,Mid-High
C01672,7,5699.4645,1880.5245000000002,12,814.2092142857143,2025-11-30,699,Mid-High
C01673,12,10997.041000000001,3621.1610000000005,27,916.4200833333334,2025-08-20,597,High Value
C01674,13,12219.195,4112.045,28,939.9380769230769,2025-10-15,653,High Value
C01675,4,1341.4805000000001,359.45050000000003,5,335.37012500000003,2025-09-09,617,Low Value
C01676,12,10833.798999999999,4177.159,34,902.8165833333333,2025-10-25,663,High Value
C01677,12,6542.3395,1896.9995000000001,25,545.1949583333334,2025-12-28,727,Mid-High
C01678,5,4813.3595,2007.7395,16,962.6718999999999,2025-06-29,545,Mid-High
C01679,7,5074.21,1200.6000000000001,18,724.8871428571429,2025-08-09,586,Mid-High
C01680,3,1789.254,439.62400000000014,6,596.418,2024-11-10,314,Low Value
C01681,5,2832.3445,733.0945000000002,11,566.4689000000001,2025-10-13,651,Low Value
C01682,6,5522.567,1422.037,9,920.4278333333333,2024-10-27,300,Mid-High
C01683,9,10697.361499999999,3515.6614999999997,30,1188.595722222222,2025-08-22,599,High Value
C01684,13,5630.3769999999995,1823.2269999999999,24,433.10592307692303,2025-11-10,679,Mid-High
C01685,6,2332.2650000000003,760.865,8,388.71083333333337,2025-11-22,691,Low Value
C01686,3,1494.723,195.75300000000004,6,498.241,2025-12-10,709,Low Value
C01687,3,580.232,105.19199999999998,3,193.41066666666666,2025-05-13,498,Low Value
C01688,7,6817.094,2451.1540000000005,24,973.8705714285715,2025-08-27,604,High Value
C01689,7,4807.7285,1827.1985000000004,12,686.8183571428572,2025-06-22,538,Mid-High
C01690,8,3658.6135,1273.4134999999999,16,457.3266875,2025-12-18,717,Mid-Low
C01691,6,2223.17,496.74999999999994,11,370.52833333333336,2025-08-27,604,Low Value
C01692,9,10834.043,3487.8129999999996,20,1203.7825555555555,2025-12-26,725,High Value
C01693,11,9506.1645,2891.334500000001,19,864.1967727272728,2025-12-24,723,High Value
C01694,3,6437.128000000001,2619.288,9,2145.7093333333337,2024-08-13,225,Mid-High
C01695,12,6762.069,2181.109,24,563.50575,2025-12-21,720,High Value
C01696,7,3014.5434999999998,663.1534999999999,12,430.6490714285714,2025-06-17,533,Mid-Low
C01697,7,3412.8999999999996,1297.98,14,487.5571428571428,2025-12-09,708,Mid-Low
C01698,6,8489.86,2502.1799999999994,18,1414.9766666666667,2025-12-12,711,High Value
C01699,6,3667.2895,1081.0994999999998,12,611.2149166666667,2025-12-20,719,Mid-Low
C01700,5,5257.1715,2030.7815000000003,15,1051.4343000000001,2025-12-03,702,Mid-High
C01701,9,2705.331,674.221,11,300.59233333333333,2025-08-09,586,Low Value
C01702,12,9347.8655,3643.9655,31,778.9887916666667,2025-08-10,587,High Value
C01703,9,4102.878,1211.748,23,455.8753333333333,2025-12-02,701,Mid-Low
C01704,8,7878.5665,2010.0264999999997,16,984.8208125,2025-05-05,490,High Value
C01705,5,1681.264,531.9039999999999,7,336.2528,2025-10-28,666,Low Value
C01706,8,11504.582,4946.812,22,1438.07275,2025-10-01,639,High Value
C01707,7,3845.1735,1462.0334999999998,13,549.3104999999999,2025-05-08,493,Mid-Low
C01708,11,6516.0075,1984.2075,27,592.3643181818181,2025-10-24,662,Mid-High
C01709,8,8482.42,2822.95,18,1060.3025,2025-12-20,719,High Value
C01710,6,3835.3035,1483.7435000000003,12,639.21725,2025-10-29,667,Mid-Low
C01711,10,7166.5445,2302.2345,29,716.65445,2025-12-04,703,High Value
C01712,8,3386.072,1091.152,13,423.259,2025-11-26,695,Mid-Low
C01713,9,11619.5585,3505.9985000000006,21,1291.0620555555554,2025-04-30,485,High Value
C01714,11,4178.011,1389.251,23,379.81918181818185,2025-10-22,660,Mid-Low
C01715,5,2276.188,674.6280000000002,12,455.23760000000004,2025-09-04,612,Low Value
C01716,5,4733.566,1734.1459999999997,11,946.7131999999999,2025-10-03,641,Mid-High
C01717,6,2866.6545,778.0745000000001,14,477.77575,2025-09-12,620,Low Value
C01718,8,3079.7985,857.1885000000001,13,384.9748125,2025-10-12,650,Mid-Low
C01719,10,5818.511,1683.2710000000004,18,581.8511000000001,2025-10-21,659,Mid-High
C01720,3,1835.86,331.4699999999998,7,611.9533333333333,2025-11-20,689,Low Value
C01721,5,4728.9345,1995.7345000000003,11,945.7869000000001,2025-06-27,543,Mid-High
C01722,1,250.91,94.30999999999999,1,250.91,2025-05-10,495,Low Value
C01723,11,3240.054,997.5040000000001,22,294.55036363636367,2025-12-05,704,Mid-Low
C01724,5,3124.8375,1011.8475000000002,9,624.9675,2025-10-02,640,Mid-Low
C01725,5,3941.0899999999997,1166.4799999999998,12,788.218,2025-11-27,696,Mid-Low
C01726,7,4302.168,1367.778,14,614.5954285714286,2025-10-09,647,Mid-Low
C01727,6,4536.317,1460.7269999999996,14,756.0528333333333,2025-10-22,660,Mid-Low
C01728,10,6493.8905,1946.6005,21,649.38905,2025-03-21,445,Mid-High
C01729,7,5437.11,1308.42,13,776.7299999999999,2025-12-20,719,Mid-High
C01730,3,2839.28,988.89,9,946.4266666666667,2025-09-01,609,Low Value
C01731,4,1921.428,611.4780000000001,8,480.357,2025-10-17,655,Low Value
C01732,7,4985.8785,1674.4885000000002,17,712.2683571428571,2025-12-03,702,Mid-High
C01733,2,522.646,45.746,4,261.323,2024-12-20,354,Low Value
C01734,6,4639.912,1496.9720000000002,16,773.3186666666667,2025-11-03,672,Mid-High
C01735,7,4995.0815,1386.7615,14,713.5830714285714,2025-12-06,705,Mid-High
C01736,9,6794.5065,1940.0765000000008,16,754.9451666666668,2025-11-30,699,High Value
C01737,10,7231.2035000000005,2255.4735000000005,24,723.12035,2025-12-01,700,High Value
C01738,11,4594.7795,1483.7695,17,417.70722727272727,2025-12-01,700,Mid-Low
C01739,7,7322.3665,2342.6265000000003,17,1046.052357142857,2025-07-13,559,High Value
C01740,8,2622.077,786.3770000000001,18,327.759625,2025-09-25,633,Low Value
C01741,9,5927.3655,1855.1055,17,658.5961666666667,2025-10-05,643,Mid-High
C01742,3,1556.816,504.89600000000013,8,518.9386666666667,2024-09-09,252,Low Value
C01743,3,1175.404,493.59400000000005,4,391.80133333333333,2025-03-02,426,Low Value
C01744,9,4357.8009999999995,1543.331,20,484.200111111111,2025-08-21,598,Mid-Low
C01745,8,10756.172,2040.8020000000006,20,1344.5215,2025-11-22,691,High Value
C01746,10,13692.6625,4354.6525,27,1369.2662500000001,2025-12-31,730,High Value
C01747,3,2531.4,975.7100000000002,6,843.8000000000001,2025-10-22,660,Low Value
C01748,8,5919.937,1875.0869999999998,20,739.992125,2025-08-22,599,Mid-High
C01749,4,2697.7595,899.3795000000001,5,674.439875,2024-12-15,349,Low Value
C01750,4,1340.11,485.78000000000003,9,335.0275,2025-11-20,689,Low Value
C01751,3,4968.824,1522.324,9,1656.2746666666665,2025-06-16,532,Mid-High
C01752,6,8559.475999999999,1681.4259999999995,14,1426.5793333333331,2025-10-19,657,High Value
C01753,10,7830.9765,3122.1565,26,783.0976499999999,2025-12-29,728,High Value
C01754,11,8072.474999999999,2443.325,20,733.8613636363635,2025-12-26,725,High Value
C01755,7,3078.2,894.6100000000001,15,439.74285714285713,2025-09-16,624,Mid-Low
C01756,8,2758.7525,359.82250000000005,11,344.8440625,2025-12-22,721,Low Value
C01757,10,9261.3515,3029.1515,21,926.1351500000001,2025-07-12,558,High Value
C01758,11,8093.9455,2138.8655000000003,27,735.8132272727272,2025-11-20,689,High Value
C01759,9,5369.514,1688.644,20,596.6126666666667,2025-10-29,667,Mid-High
C01760,8,5705.985,1787.755,18,713.248125,2025-11-02,671,Mid-High
C01761,7,5209.732,1720.8220000000001,14,744.2474285714286,2025-11-11,680,Mid-High
C01762,7,4875.353,1474.493,15,696.479,2025-07-27,573,Mid-High
C01763,5,3241.3725,1035.2725,7,648.2745,2025-12-07,706,Mid-Low
C01764,7,2908.987,648.287,16,415.56957142857146,2025-12-08,707,Low Value
C01765,10,6897.263,2400.343,24,689.7263,2025-12-01,700,High Value
C01766,12,4842.764,1310.044,26,403.5636666666667,2025-12-04,703,Mid-High
C01767,5,3846.486,1374.266,6,769.2972,2025-11-28,697,Mid-Low
C01768,5,4011.022,1097.3920000000005,10,802.2044,2025-12-05,704,Mid-Low
C01769,8,8653.626,2982.1960000000004,18,1081.70325,2025-12-05,704,High Value
C01770,8,7859.094,3312.0540000000005,21,982.38675,2025-08-29,606,High Value
C01771,13,9968.2415,2700.1514999999995,29,766.7878076923078,2025-10-23,661,High Value
C01772,10,3439.458,928.128,16,343.9458,2025-08-29,606,Mid-Low
C01773,8,3089.4230000000002,1162.653,16,386.17787500000003,2025-10-24,662,Mid-Low
C01774,6,4835.727,2059.967,16,805.9544999999999,2025-12-21,720,Mid-High
C01775,3,905.69,255.26999999999998,5,301.8966666666667,2025-10-16,654,Low Value
C01776,10,9095.0025,3207.1524999999997,20,909.50025,2025-12-29,728,High Value
C01777,7,5183.582,1913.232,10,740.5117142857143,2025-08-08,585,Mid-High
C01778,9,6991.6415,1883.2215,21,776.8490555555555,2025-12-31,730,High Value
C01779,2,456.792,160.11199999999997,5,228.396,2025-05-06,491,Low Value
C01780,7,5690.8495,1859.8195000000003,10,812.9785,2025-11-18,687,Mid-High
C01781,11,9429.3905,3413.7904999999996,30,857.2173181818181,2025-08-26,603,High Value
C01782,6,1153.478,224.23800000000008,10,192.24633333333335,2025-08-27,604,Low Value
C01783,10,5530.346500000001,1966.2765,23,553.03465,2025-09-01,609,Mid-High
C01784,13,7317.8565,2362.5465,21,562.9120384615385,2025-12-20,719,High Value
C01785,3,2040.1634999999999,570.5535,5,680.0545,2025-05-22,507,Low Value
C01786,12,8598.0055,2818.9455,21,716.5004583333333,2025-12-31,730,High Value
C01787,7,2529.735,599.7950000000001,11,361.3907142857143,2025-11-25,694,Low Value
C01788,6,6845.907999999999,2604.268,21,1140.9846666666665,2025-10-02,640,High Value
C01789,9,6029.221500000001,2046.7215,13,669.9135000000001,2025-10-18,656,Mid-High
C01790,7,6914.412,1822.1620000000005,18,987.773142857143,2025-08-11,588,High Value
C01791,3,2833.02,973.01,10,944.34,2025-07-14,560,Low Value
C01792,9,8592.0865,3343.9964999999993,25,954.6762777777777,2025-11-18,687,High Value
C01793,9,6022.012500000001,2522.0625000000005,16,669.1125000000001,2025-10-29,667,Mid-High
C01794,8,7619.274,2648.2340000000004,18,952.40925,2025-07-28,574,High Value
C01795,5,2886.991,866.391,10,577.3982,2025-11-03,672,Low Value
C01796,8,5810.8535,1727.0735000000006,19,726.3566875,2025-10-23,661,Mid-High
C01797,12,3711.1955,899.8454999999999,23,309.26629166666663,2025-11-12,681,Mid-Low
C01798,11,6185.8995,1635.4595000000002,25,562.3545,2025-10-02,640,Mid-High
C01799,12,18629.625,6223.1050000000005,30,1552.46875,2025-12-25,724,High Value
C01800,6,2313.251,629.1410000000001,14,385.5418333333334,2025-11-09,678,Low Value
C01801,10,11756.724,3309.6340000000005,23,1175.6724,2025-11-27,696,High Value
C01802,8,3549.9775,1129.0475000000004,15,443.7471875,2025-08-08,585,Mid-Low
C01803,8,2510.6435,660.8534999999999,14,313.8304375,2025-11-03,672,Low Value
C01804,5,937.562,229.172,7,187.5124,2025-10-08,646,Low Value
C01805,8,7024.5055,2108.2455000000004,15,878.0631875,2025-08-06,583,High Value
C01806,8,7218.2575,2077.0375,19,902.2821875,2025-11-24,693,High Value
C01807,6,2628.2185,687.1584999999999,11,438.03641666666664,2025-10-14,652,Low Value
C01808,11,11513.6785,3767.6085000000003,28,1046.6980454545455,2025-08-11,588,High Value
C01809,9,5761.590499999999,1776.9904999999997,20,640.1767222222221,2025-10-25,663,Mid-High
C01810,6,3226.456,1329.026,12,537.7426666666667,2025-12-26,725,Mid-Low
C01811,8,5691.6805,1948.1405,23,711.4600625,2025-07-12,558,Mid-High
C01812,11,10008.818,2537.648,23,909.8925454545454,2025-09-19,627,High Value
C01813,9,7523.37,2656.81,24,835.93,2025-05-25,510,High Value
C01814,10,3241.5969999999998,889.2069999999998,17,324.1597,2025-11-17,686,Mid-Low
C01815,9,4859.8935,1470.4935,20,539.9881666666666,2025-08-22,599,Mid-High
C01816,5,3750.892,719.902,15,750.1784,2025-12-27,726,Mid-Low
C01817,4,2674.2545,932.4945,9,668.563625,2025-10-31,669,Low Value
C01818,11,8309.863000000001,2831.0530000000003,27,755.442090909091,2025-11-07,676,High Value
C01819,13,8804.342999999999,3316.1529999999993,27,677.2571538461538,2025-11-20,689,High Value
C01820,12,6443.013,1530.9830000000004,24,536.91775,2025-12-15,714,Mid-High
C01821,5,6105.006,1865.5760000000002,10,1221.0012000000002,2025-04-18,473,Mid-High
C01822,9,5695.7295,1976.7495000000001,15,632.8588333333333,2025-12-26,725,Mid-High
C01823,7,6626.88,2083.9300000000003,17,946.6971428571429,2025-10-25,663,Mid-High
C01824,10,6710.214,2546.544,16,671.0214,2025-09-29,637,Mid-High
C01825,11,12627.447,4614.497,24,1147.9497272727274,2025-10-29,667,High Value
C01826,8,6321.9855,1995.9154999999996,23,790.2481875,2025-09-20,628,Mid-High
C01827,7,2396.4775,784.0374999999999,10,342.3539285714286,2025-11-21,690,Low Value
C01828,8,4025.2225,1062.9425,22,503.1528125,2025-12-22,721,Mid-Low
C01829,3,2165.91,366.81000000000006,8,721.9699999999999,2025-05-20,505,Low Value
C01830,6,1598.9155,391.3155,14,266.4859166666667,2025-03-15,439,Low Value
C01831,9,8657.0025,3662.6225000000004,16,961.8891666666667,2025-07-19,565,High Value
C01832,5,3306.2419999999997,1097.492,17,661.2484,2024-12-27,361,Mid-Low
C01833,12,5933.087500000001,1719.7075000000002,20,494.42395833333336,2025-12-04,703,Mid-High
C01834,9,6585.4065,2305.3065,19,731.7118333333333,2025-12-13,712,Mid-High
C01835,5,5058.3315,1115.2015000000001,10,1011.6663000000001,2025-11-19,688,Mid-High
C01836,4,1705.7205,506.25050000000005,6,426.430125,2025-07-26,572,Low Value
C01837,2,927.7095,234.07950000000005,4,463.85475,2024-09-04,247,Low Value
C01838,7,1977.596,634.606,9,282.5137142857143,2025-08-20,597,Low Value
C01839,6,2496.2025000000003,559.7225000000001,14,416.03375000000005,2025-08-01,578,Low Value
C01840,4,762.871,210.39099999999993,7,190.71775,2025-04-08,463,Low Value
C01841,8,5408.0725,1496.9625000000005,15,676.0090625,2025-11-20,689,Mid-High
C01842,4,1314.81,322.2299999999999,6,328.7025,2025-05-29,514,Low Value
C01843,6,2072.8305,734.7905,9,345.47175,2025-12-27,726,Low Value
C01844,5,5020.282,2075.1720000000005,13,1004.0564,2025-07-05,551,Mid-High
C01845,5,1914.1965,671.8165000000001,7,382.8393,2025-06-11,527,Low Value
C01846,11,4965.0445,1386.2945,25,451.36768181818184,2025-09-02,610,Mid-High
C01847,11,5633.737,1426.337,23,512.1579090909091,2025-09-29,637,Mid-High
C01848,3,884.402,237.97200000000004,4,294.8006666666667,2025-01-13,378,Low Value
C01849,6,5819.314,2387.764,15,969.8856666666667,2025-12-29,728,Mid-High
C01850,6,2844.0525000000002,1178.9424999999999,9,474.00875,2025-11-29,698,Low Value
C01851,4,3064.683,1283.823,7,766.17075,2025-09-05,613,Mid-Low
C01852,10,7272.6849999999995,2838.555,22,727.2684999999999,2025-09-11,619,High Value
C01853,2,718.566,272.746,3,359.283,2025-09-30,638,Low Value
C01854,12,6620.945,1550.925,27,551.7454166666666,2025-10-17,655,Mid-High
C01855,7,3321.8109999999997,913.2609999999999,17,474.5444285714285,2025-11-27,696,Mid-Low
C01856,11,9738.262,2617.0219999999995,25,885.2965454545455,2025-12-28,727,High Value
C01857,3,3847.14,1487.95,8,1282.3799999999999,2025-07-19,565,Mid-Low
C01858,6,4397.798,1110.8579999999997,15,732.9663333333333,2025-10-19,657,Mid-Low
C01859,7,10819.9595,3097.3995,19,1545.7085000000002,2025-12-11,710,High Value
C01860,9,7806.746,2449.4359999999997,20,867.4162222222222,2025-11-23,692,High Value
C01861,8,3649.32,1031.1800000000003,11,456.165,2025-12-26,725,Mid-Low
C01862,8,4806.579000000001,1829.0790000000002,26,600.8223750000001,2025-12-11,710,Mid-High
C01863,5,2365.3765,762.5064999999998,14,473.07529999999997,2025-11-19,688,Low Value
C01864,12,9684.5705,2957.9505000000004,22,807.0475416666667,2025-12-28,727,High Value
C01865,6,2474.3795,808.7594999999998,13,412.39658333333335,2025-12-08,707,Low Value
C01866,9,6983.4365,2225.1465,17,775.9373888888889,2025-09-20,628,High Value
C01867,9,4886.652,1448.2520000000002,16,542.9613333333333,2025-12-10,709,Mid-High
C01868,7,9872.129500000001,3787.2395000000006,14,1410.3042142857144,2025-12-09,708,High Value
C01869,12,8071.9445,2685.6744999999996,23,672.6620416666666,2025-09-11,619,High Value
C01870,6,4956.103,1561.1329999999998,15,826.0171666666666,2025-11-12,681,Mid-High
C01871,7,3420.826,788.8360000000001,16,488.68942857142855,2025-08-18,595,Mid-Low
C01872,4,2054.6455,606.6955000000003,6,513.661375,2025-09-13,621,Low Value
C01873,9,5754.0635,1695.2935,19,639.3403888888889,2025-12-22,721,Mid-High
C01874,3,1744.6329999999998,585.2729999999998,5,581.5443333333333,2025-02-20,416,Low Value
C01875,3,982.229,306.519,7,327.4096666666667,2025-03-17,441,Low Value
C01876,12,4743.1895,1475.7295,21,395.2657916666667,2025-07-16,562,Mid-High
C01877,6,2885.0245,870.1845,9,480.8374166666667,2025-11-24,693,Low Value
C01878,12,7156.494000000001,1709.3040000000003,28,596.3745,2025-12-14,713,High Value
C01879,7,9225.7515,3039.4215,21,1317.9645,2025-09-26,634,High Value
C01880,9,4999.3715,1561.3415,14,555.4857222222222,2025-08-27,604,Mid-High
C01881,3,795.2915,217.78150000000002,3,265.0971666666667,2024-08-14,226,Low Value
C01882,8,5744.378000000001,1836.788,16,718.0472500000001,2025-10-28,666,Mid-High
C01883,4,2808.469,541.3290000000002,7,702.11725,2025-09-23,631,Low Value
C01884,14,9951.195,2600.5750000000003,29,710.7996428571429,2025-12-28,727,High Value
C01885,8,6464.069,1899.029,18,808.008625,2025-12-03,702,Mid-High
C01886,8,5357.839,1473.289,18,669.729875,2025-09-28,636,Mid-High
C01887,7,3139.1800000000003,1011.97,12,448.45428571428573,2025-11-18,687,Mid-Low
C01888,10,5569.6595,1512.7295,17,556.96595,2025-12-10,709,Mid-High
C01889,10,4400.8715,1222.8315,28,440.08715,2025-10-10,648,Mid-Low
C01890,13,15364.095000000001,4091.9050000000007,34,1181.8534615384617,2025-12-22,721,High Value
C01891,6,5503.3635,1804.6835,11,917.22725,2025-12-07,706,Mid-High
C01892,4,3600.0955,1040.9955,6,900.023875,2025-06-17,533,Mid-Low
C01893,8,6648.646999999999,2527.4769999999994,17,831.0808749999999,2025-03-03,427,Mid-High
C01894,8,8643.5795,2499.0295000000006,24,1080.4474375,2025-12-31,730,High Value
C01895,8,7010.16,2441.12,15,876.27,2025-06-10,526,High Value
C01896,3,1909.0955000000001,776.6855,4,636.3651666666667,2025-08-04,581,Low Value
C01897,11,3360.608,804.3980000000001,17,305.5098181818182,2025-11-19,688,Mid-Low
C01898,8,6514.909500000001,1861.7895,14,814.3636875000001,2025-10-11,649,Mid-High
C01899,8,4046.6524999999997,1502.5425,20,505.83156249999996,2025-12-29,728,Mid-Low
C01900,8,7942.57,3428.8799999999997,22,992.82125,2025-12-21,720,High Value
C01901,8,6289.7835000000005,2475.3935000000006,22,786.2229375000001,2025-10-22,660,Mid-High
C01902,9,6643.9485,2308.4985000000006,20,738.2165,2025-11-03,672,Mid-High
C01903,6,1847.281,567.001,9,307.88016666666664,2024-11-30,334,Low Value
C01904,6,4182.818,1292.618,12,697.1363333333334,2025-09-18,626,Mid-Low
C01905,11,5351.9755000000005,1698.0055000000002,14,486.54322727272734,2025-09-03,611,Mid-High
C01906,6,3883.9415,1440.0015,11,647.3235833333333,2025-06-24,540,Mid-Low
C01907,6,4064.7479999999996,918.2779999999997,9,677.458,2025-05-21,506,Mid-Low
C01908,8,7323.899,2527.099,22,915.487375,2025-09-09,617,High Value
C01909,3,1427.8904999999997,631.0804999999998,5,475.9634999999999,2025-01-03,368,Low Value
C01910,8,4871.31,1511.6000000000004,16,608.91375,2025-12-27,726,Mid-High
C01911,4,3463.3540000000003,1285.8340000000003,12,865.8385000000001,2025-10-27,665,Mid-Low
C01912,9,6487.01,2360.22,22,720.7788888888889,2025-12-28,727,Mid-High
C01913,6,2343.6745,703.3645,6,390.61241666666666,2025-08-23,600,Low Value
C01914,3,1059.1399999999999,392.77,4,353.0466666666666,2024-07-27,208,Low Value
C01915,9,4133.5965,1120.0964999999999,15,459.28849999999994,2025-12-18,717,Mid-Low
C01916,8,4040.703,1264.693,15,505.087875,2025-09-06,614,Mid-Low
C01917,5,3727.366,1312.7160000000001,13,745.4732,2025-10-19,657,Mid-Low
C01918,9,11220.448499999999,2517.7584999999995,21,1246.7164999999998,2025-07-09,555,High Value
C01919,7,7460.2365,3076.3565,19,1065.7480714285714,2025-10-27,665,High Value
C01920,5,2453.3125,1005.5825000000001,12,490.6625,2025-11-22,691,Low Value
C01921,10,14859.71,4409.400000000001,26,1485.971,2025-12-30,729,High Value
C01922,5,3218.149,1106.5789999999997,18,643.6297999999999,2025-03-21,445,Mid-Low
C01923,8,9293.779,3302.9190000000003,21,1161.722375,2025-12-26,725,High Value
C01924,9,3722.4525,993.2225,13,413.6058333333333,2025-06-12,528,Mid-Low
C01925,7,6451.165,2385.005,18,921.595,2025-05-14,499,Mid-High
C01926,7,5939.867,1255.3470000000002,12,848.5524285714285,2025-06-24,540,Mid-High
C01927,7,3929.3365,1117.5665,13,561.3337857142857,2025-05-23,508,Mid-Low
C01928,1,51.641999999999996,6.391999999999996,2,51.641999999999996,2025-03-15,439,Low Value
C01929,3,638.96,102.30000000000001,5,212.98666666666668,2025-04-28,483,Low Value
C01930,10,11402.787499999999,4484.737499999999,18,1140.27875,2025-11-01,670,High Value
C01931,7,4874.275,1773.875,15,696.3249999999999,2025-12-05,704,Mid-High
C01932,3,1954.81,433.03,4,651.6033333333334,2024-09-09,252,Low Value
C01933,8,9116.868999999999,2374.619,29,1139.6086249999998,2025-11-23,692,High Value
C01934,4,1038.494,335.63399999999996,6,259.6235,2025-12-02,701,Low Value
C01935,11,12387.196,5190.856,21,1126.1087272727273,2025-12-10,709,High Value
C01936,5,3791.5640000000003,1557.2540000000001,9,758.3128,2025-11-01,670,Mid-Low
C01937,8,4857.4375,1312.5975,20,607.1796875,2025-12-05,704,Mid-High
C01938,13,8200.8595,2040.3895000000002,29,630.8353461538462,2025-11-19,688,High Value
C01939,2,1303.4,387.59000000000003,2,651.7,2025-06-23,539,Low Value
C01940,10,7979.918,3202.4080000000004,21,797.9918,2025-07-01,547,High Value
C01941,7,4715.031999999999,1974.7219999999998,19,673.5759999999999,2025-09-01,609,Mid-High
C01942,7,2778.131,723.6309999999999,12,396.8758571428571,2025-09-07,615,Low Value
C01943,4,2122.461,609.2509999999999,8,530.61525,2025-12-02,701,Low Value
C01944,4,1575.9385,491.2584999999999,7,393.984625,2025-08-04,581,Low Value
C01945,7,3574.808,1031.1779999999999,14,510.68685714285715,2025-11-30,699,Mid-Low
C01946,4,2715.67,1017.8299999999999,6,678.9175,2025-10-08,646,Low Value
C01947,6,3500.415,1369.3049999999998,12,583.4025,2025-08-31,608,Mid-Low
C01948,5,3714.4300000000003,1451.63,14,742.8860000000001,2025-11-22,691,Mid-Low
C01949,4,2076.539,619.1890000000002,13,519.13475,2025-05-11,496,Low Value
C01950,10,5518.9975,2131.5975000000003,22,551.89975,2025-03-26,450,Mid-High
C01951,10,5094.6320000000005,1808.5720000000003,21,509.46320000000003,2025-10-25,663,Mid-High
C01952,7,2732.8175,1013.6775,17,390.40250000000003,2025-11-17,686,Low Value
C01953,8,5984.9605,2079.9705000000004,15,748.1200625,2025-10-01,639,Mid-High
C01954,6,4805.3724999999995,1733.2125,10,800.8954166666666,2025-11-12,681,Mid-High
C01955,6,5242.308,1904.1680000000003,15,873.718,2025-12-25,724,Mid-High
C01956,7,6452.6615,2131.3514999999998,16,921.8087857142857,2025-11-09,678,Mid-High
C01957,7,7224.786,2436.5460000000003,20,1032.1122857142857,2025-12-07,706,High Value
C01958,2,322.56600000000003,64.34600000000002,2,161.28300000000002,2025-11-03,672,Low Value
C01959,9,7245.679,2250.089,20,805.0754444444444,2025-11-23,692,High Value
C01960,10,4934.233,1331.883,24,493.42330000000004,2025-11-27,696,Mid-High
C01961,10,4471.6995,1366.1595,19,447.16995,2025-12-17,716,Mid-Low
C01962,10,9394.605,1681.3649999999998,25,939.4604999999999,2025-11-27,696,High Value
C01963,4,989.5229999999999,198.433,7,247.38074999999998,2025-12-13,712,Low Value
C01964,7,4742.046,1544.976,16,677.4351428571429,2025-12-08,707,Mid-High
C01965,5,921.7105,194.77050000000006,9,184.34210000000002,2025-12-20,719,Low Value
C01966,5,1192.6285,241.4285,7,238.5257,2025-06-12,528,Low Value
C01967,10,12531.4205,4998.740500000001,34,1253.14205,2025-12-31,730,High Value
C01968,10,7850.106,2071.246,24,785.0106,2025-12-25,724,High Value
C01969,10,9901.139,2894.479,29,990.1139,2025-11-18,687,High Value
C01970,8,6333.657999999999,2223.0879999999997,17,791.7072499999999,2025-10-13,651,Mid-High
C01971,5,6672.485500000001,2582.1755,14,1334.4971,2025-10-18,656,Mid-High
C01972,8,6718.296,1185.676,16,839.787,2025-10-17,655,High Value
C01973,8,5080.715,1291.935,17,635.089375,2025-10-04,642,Mid-High
C01974,6,4498.026,1515.9459999999995,16,749.6709999999999,2025-11-12,681,Mid-Low
C01975,6,1397.685,460.09499999999997,10,232.9475,2025-12-17,716,Low Value
C01976,14,12929.054,4373.0740000000005,27,923.5038571428571,2025-12-09,708,High Value
C01977,9,5278.556,1397.2959999999998,15,586.5062222222222,2025-12-19,718,Mid-High
C01978,6,3221.984,687.8239999999998,12,536.9973333333334,2025-02-12,408,Mid-Low
C01979,9,4368.885,1333.625,16,485.4316666666667,2025-08-27,604,Mid-Low
C01980,6,7390.856000000001,2532.106,15,1231.8093333333334,2025-11-21,690,High Value
C01981,10,5880.657999999999,1906.6679999999997,22,588.0658,2025-12-07,706,Mid-High
C01982,10,4944.685,1573.525,17,494.46850000000006,2025-09-03,611,Mid-High
C01983,2,1165.7,511.21000000000004,3,582.85,2025-05-19,504,Low Value
C01984,6,5799.3775000000005,2056.9975,17,966.5629166666668,2025-12-25,724,Mid-High
C01985,9,6634.719,2271.459,15,737.191,2025-11-13,682,Mid-High
C01986,6,5382.893,1607.3730000000005,16,897.1488333333333,2025-12-07,706,Mid-High
C01987,5,2967.92,1147.16,10,593.5840000000001,2025-08-08,585,Mid-Low
C01988,13,6842.9605,2007.7405,33,526.381576923077,2025-12-09,708,High Value
C01989,11,2337.448,616.408,19,212.49527272727272,2025-10-04,642,Low Value
C01990,8,4576.576499999999,1676.7964999999997,16,572.0720624999999,2025-08-23,600,Mid-Low
C01991,8,7465.854,2562.6240000000003,18,933.23175,2025-06-10,526,High Value
C01992,4,5731.711,1777.0910000000001,15,1432.92775,2025-10-03,641,Mid-High
C01993,4,2312.093,702.8530000000001,7,578.02325,2025-12-22,721,Low Value
C01994,5,6835.9574999999995,2342.9175,11,1367.1915,2025-06-04,520,High Value
C01995,6,2228.1980000000003,854.9680000000001,13,371.3663333333334,2025-10-02,640,Low Value
C01996,7,8415.7165,2542.1965,21,1202.2452142857144,2025-10-31,669,High Value
C01997,8,2867.6405,715.0605,16,358.4550625,2025-10-15,653,Low Value
C01998,5,8214.204,3437.2340000000004,20,1642.8408,2025-07-11,557,High Value
C01999,7,7972.7445,2320.0845,19,1138.9635,2025-12-07,706,High Value
C02000,9,7110.719,2724.7590000000005,17,790.079888888889,2025-10-27,665,High Value
C02001,4,4585.1145,843.1445000000002,11,1146.278625,2025-11-19,688,Mid-Low
C02002,3,1444.353,430.273,6,481.451,2025-08-26,603,Low Value
C02003,3,1638.12,543.7899999999998,8,546.04,2025-12-07,706,Low Value
C02004,6,3888.177,1020.3570000000002,15,648.0295,2025-05-20,505,Mid-Low
C02005,5,1711.829,432.8490000000001,7,342.3658,2025-10-30,668,Low Value
C02006,6,5026.085999999999,1828.3559999999998,11,837.6809999999999,2025-08-24,601,Mid-High
C02007,10,4034.2175,1260.1075,20,403.42175000000003,2025-11-29,698,Mid-Low
C02008,6,5576.971,2026.2509999999997,18,929.4951666666666,2025-11-27,696,Mid-High
C02009,9,5164.2015,1567.8215,14,573.8001666666667,2025-11-07,676,Mid-High
C02010,7,5766.594999999999,1760.985,14,823.7992857142856,2025-09-12,620,Mid-High
C02011,9,5087.618,1600.758,20,565.290888888889,2025-04-18,473,Mid-High
C02012,11,6813.5215,2108.6415,17,619.4110454545454,2025-12-17,716,High Value
C02013,6,3660.907,965.967,14,610.1511666666667,2025-08-16,593,Mid-Low
C02014,6,6287.6720000000005,1672.1619999999998,15,1047.9453333333333,2025-01-19,384,Mid-High
C02015,8,4798.460499999999,1535.6804999999997,19,599.8075624999999,2025-12-24,723,Mid-High
C02016,5,3512.3419999999996,1041.182,13,702.4684,2025-07-26,572,Mid-Low
C02017,5,1614.642,449.562,9,322.9284,2025-11-26,695,Low Value
C02018,8,9454.4495,2287.5295,19,1181.8061875,2025-12-05,704,High Value
C02019,8,4253.255,1521.5049999999999,14,531.656875,2025-10-22,660,Mid-Low
C02020,6,2786.253,780.743,10,464.37550000000005,2025-12-04,703,Low Value
C02021,5,1030.4825,255.12250000000006,10,206.09650000000002,2025-12-17,716,Low Value
C02022,8,4819.272,1393.362,16,602.409,2025-02-25,421,Mid-High
C02023,9,5109.032,1272.4620000000002,24,567.6702222222223,2025-10-19,657,Mid-High
C02024,9,5486.913,1456.6629999999996,24,609.6569999999999,2025-10-29,667,Mid-High
C02025,11,3829.652,1197.952,24,348.1501818181818,2025-10-19,657,Mid-Low
C02026,9,5065.771000000001,2149.741,19,562.8634444444446,2025-12-24,723,Mid-High
C02027,4,2517.444,536.9340000000001,9,629.361,2025-09-28,636,Low Value
C02028,7,2860.5609999999997,966.9010000000001,10,408.6515714285714,2025-12-15,714,Low Value
C02029,8,5427.486,1546.266,17,678.43575,2025-12-24,723,Mid-High
C02030,6,4562.639,936.689,12,760.4398333333334,2025-07-13,559,Mid-Low
C02031,10,7789.5355,2583.1355000000003,31,778.95355,2025-12-04,703,High Value
C02032,5,3745.093,1369.683,13,749.0186,2025-10-01,639,Mid-Low
C02033,8,3733.609,1085.129,13,466.701125,2025-12-01,700,Mid-Low
C02034,5,2654.5705,790.7104999999999,13,530.9141,2025-08-26,603,Low Value
C02035,1,485.298,64.73800000000003,2,485.298,2025-04-21,476,Low Value
C02036,9,7541.371999999999,1746.5419999999995,20,837.9302222222221,2025-10-17,655,High Value
C02037,7,2674.5299999999997,986.3000000000001,13,382.07571428571424,2025-09-01,609,Low Value
C02038,8,4549.5335,1155.9234999999999,12,568.6916875,2025-12-10,709,Mid-Low
C02039,13,13529.8035,5348.9635,30,1040.7541153846155,2025-12-03,702,High Value
C02040,10,7354.862,2159.8720000000003,19,735.4862,2025-09-20,628,High Value
C02041,10,6482.688,1720.6280000000002,15,648.2688,2025-10-23,661,Mid-High
C02042,5,2817.06,739.8599999999999,12,563.412,2025-09-06,614,Low Value
C02043,4,4746.294,1041.7440000000001,8,1186.5735,2025-07-05,551,Mid-High
C02044,8,3537.3844999999997,1111.1645,13,442.17306249999996,2025-09-21,629,Mid-Low
C02045,7,6815.1995,1725.3695000000002,17,973.5999285714286,2025-10-26,664,High Value
C02046,5,6110.888000000001,1408.7980000000002,14,1222.1776000000002,2025-11-15,684,Mid-High
C02047,13,7324.419,2219.0690000000004,25,563.4168461538461,2025-12-29,728,High Value
C02048,5,3575.5860000000002,1315.7759999999998,12,715.1172,2025-09-20,628,Mid-Low
C02049,7,3961.3025,1002.3524999999997,12,565.9003571428572,2025-09-26,634,Mid-Low
C02050,4,1318.542,453.9919999999999,6,329.6355,2025-09-23,631,Low Value
C02051,8,5721.889499999999,1762.1594999999998,17,715.2361874999999,2025-10-03,641,Mid-High
C02052,9,5754.796,1919.8260000000005,17,639.4217777777778,2025-12-12,711,Mid-High
C02053,6,3913.4680000000003,1250.1580000000001,11,652.2446666666667,2025-09-29,637,Mid-Low
C02054,9,5725.501499999999,1779.0314999999998,18,636.1668333333332,2025-09-17,625,Mid-High
C02055,9,8769.8605,2601.1304999999998,16,974.4289444444445,2025-12-10,709,High Value
C02056,8,5031.04,1629.0000000000002,16,628.88,2025-12-27,726,Mid-High
C02057,6,5775.832,2128.032,17,962.6386666666667,2025-08-21,598,Mid-High
C02058,9,4922.317,1212.3670000000004,17,546.9241111111111,2025-11-23,692,Mid-High
C02059,4,2835.999,725.6489999999999,11,708.99975,2025-12-09,708,Low Value
C02060,4,1355.9965000000002,469.76649999999995,5,338.99912500000005,2025-09-13,621,Low Value
C02061,7,7242.642000000001,2898.6820000000007,15,1034.663142857143,2025-08-25,602,High Value
C02062,9,3862.5299999999997,1096.71,18,429.16999999999996,2025-07-10,556,Mid-Low
C02063,7,5645.130999999999,1815.4310000000003,11,806.4472857142856,2025-12-27,726,Mid-High
C02064,8,4758.6115,1014.3915,13,594.8264375,2025-12-04,703,Mid-High
C02065,4,886.344,285.38399999999996,6,221.586,2025-08-13,590,Low Value
C02066,9,5462.348,1316.6780000000003,13,606.9275555555555,2025-10-27,665,Mid-High
C02067,5,8055.93,2995.17,15,1611.1860000000001,2025-12-22,721,High Value
C02068,10,9191.798,3670.8680000000004,23,919.1798000000001,2025-10-03,641,High Value
C02069,12,6471.031,2008.0910000000001,27,539.2525833333333,2025-11-17,686,Mid-High
C02070,6,2129.923,650.4530000000001,11,354.9871666666666,2025-08-30,607,Low Value
C02071,7,4858.674,1964.074,12,694.0962857142857,2025-12-18,717,Mid-High
C02072,5,1573.3535,455.41349999999994,10,314.6707,2025-09-13,621,Low Value
C02073,6,2298.0905,668.1704999999998,16,383.0150833333333,2025-09-10,618,Low Value
C02074,6,4782.594,1447.4540000000002,9,797.099,2025-09-25,633,Mid-High
C02075,8,3696.6385,1317.2485,16,462.0798125,2025-02-03,399,Mid-Low
C02076,5,2229.696,567.3460000000001,7,445.93919999999997,2025-08-16,593,Low Value
C02077,9,8158.232,3132.502,17,906.4702222222222,2025-12-26,725,High Value
C02078,12,6383.538,1676.5179999999998,20,531.9615,2025-11-05,674,Mid-High
C02079,8,7125.9130000000005,2009.5630000000006,19,890.7391250000001,2025-12-14,713,High Value
C02080,9,7604.255499999999,2615.2455,19,844.9172777777777,2025-10-16,654,High Value
C02081,4,5369.7115,1983.9715000000006,13,1342.427875,2025-07-13,559,Mid-High
C02082,8,7504.3544999999995,2608.6445000000003,23,938.0443124999999,2025-12-30,729,High Value
C02083,7,3259.4545000000003,840.5845000000002,15,465.6363571428572,2025-08-24,601,Mid-Low
C02084,6,5432.2925,1484.7225,15,905.3820833333333,2025-12-09,708,Mid-High
C02085,6,4492.3705,1663.2404999999999,11,748.7284166666667,2025-08-04,581,Mid-Low
C02086,6,8397.594000000001,3511.364,18,1399.5990000000002,2025-12-11,710,High Value
C02087,7,4080.5175,1463.3375,13,582.9310714285714,2025-11-26,695,Mid-Low
C02088,9,6108.644,1974.5640000000003,19,678.7382222222222,2025-11-18,687,Mid-High
C02089,11,7498.870000000001,2564.4300000000003,22,681.7154545454546,2025-10-21,659,High Value
C02090,7,6142.898999999999,2608.1889999999994,16,877.5569999999999,2025-07-14,560,Mid-High
C02091,8,6896.087,2589.087,17,862.010875,2025-12-25,724,High Value
C02092,9,5113.423000000001,1843.6630000000005,14,568.1581111111112,2025-11-02,671,Mid-High
C02093,7,4008.886,1100.286,13,572.698,2025-12-19,718,Mid-Low
C02094,7,3918.0015,1074.4515,12,559.7144999999999,2025-12-16,715,Mid-Low
C02095,9,2549.786,858.616,13,283.30955555555556,2025-06-23,539,Low Value
C02096,6,834.3035,191.42350000000002,14,139.05058333333332,2025-10-27,665,Low Value
C02097,6,6880.197999999999,1721.998,15,1146.6996666666666,2025-08-10,587,High Value
C02098,4,4331.464,1591.614,11,1082.866,2025-04-27,482,Mid-Low
C02099,11,4569.340999999999,1659.0909999999997,22,415.3946363636363,2025-10-31,669,Mid-Low
C02100,8,6736.4395,2189.8295000000003,15,842.0549375,2025-12-27,726,High Value
C02101,9,1855.559,546.409,17,206.17322222222222,2025-12-08,707,Low Value
C02102,6,3008.816,1087.1460000000002,13,501.4693333333333,2025-06-09,525,Mid-Low
C02103,12,5817.0015,1585.3915,21,484.750125,2025-11-15,684,Mid-High
C02104,5,3300.7709999999997,555.9709999999998,9,660.1542,2025-11-04,673,Mid-Low
C02105,4,2498.0055,647.2255000000001,5,624.501375,2025-12-27,726,Low Value
C02106,3,2166.0745,473.0845000000001,7,722.0248333333334,2025-08-14,591,Low Value
C02107,9,7509.558,2614.5480000000002,19,834.3953333333334,2025-06-20,536,High Value
C02108,8,6781.247,1911.6670000000006,15,847.655875,2025-10-18,656,High Value
C02109,7,2917.648,862.518,13,416.80685714285715,2025-11-07,676,Low Value
C02110,5,3598.4455,889.1054999999997,13,719.6890999999999,2025-09-23,631,Mid-Low
C02111,12,7028.5205,1963.0404999999998,29,585.7100416666666,2025-10-09,647,High Value
C02112,8,6846.598,1736.5479999999998,20,855.82475,2025-11-03,672,High Value
C02113,8,6217.3585,1839.3985,18,777.1698125,2025-12-24,723,Mid-High
C02114,5,5133.64,1976.5300000000002,11,1026.728,2025-03-09,433,Mid-High
C02115,17,11350.689,3428.9990000000003,35,667.6875882352941,2025-12-28,727,High Value
C02116,6,5116.49,1558.83,16,852.7483333333333,2025-11-25,694,Mid-High
C02117,4,1551.4344999999998,459.20450000000005,9,387.85862499999996,2025-10-24,662,Low Value
C02118,7,7059.666,2562.146,21,1008.5237142857143,2025-07-26,572,High Value
C02119,4,2985.44,857.06,8,746.36,2025-06-21,537,Mid-Low
C02120,11,3554.469,936.7890000000001,17,323.13354545454547,2025-08-07,584,Mid-Low
C02121,7,3216.318,1096.358,16,459.47400000000005,2025-09-05,613,Mid-Low
C02122,8,6632.648999999999,1842.9789999999996,20,829.0811249999999,2025-08-24,601,Mid-High
C02123,7,8108.11,2766.1,22,1158.3014285714285,2025-12-29,728,High Value
C02124,7,2398.233,795.713,12,342.6047142857143,2025-12-18,717,Low Value
C02125,8,8414.442000000001,3241.112,21,1051.8052500000001,2025-06-04,520,High Value
C02126,7,5081.6165,1601.3864999999998,16,725.9452142857143,2025-11-10,679,Mid-High
C02127,3,2060.1465,858.9265,7,686.7154999999999,2025-11-05,674,Low Value
C02128,7,7854.5095,3170.5695,16,1122.0727857142858,2025-02-23,419,High Value
C02129,7,4885.626,1848.386,16,697.9465714285715,2025-10-13,651,Mid-High
C02130,8,7435.28,2830.45,14,929.41,2025-08-11,588,High Value
C02131,11,6490.303500000001,1754.8735000000001,19,590.027590909091,2025-07-27,573,Mid-High
C02132,10,11904.9235,2848.0935,26,1190.49235,2025-09-11,619,High Value
C02133,12,9809.861,3279.7110000000002,28,817.4884166666667,2025-09-22,630,High Value
C02134,6,1698.964,413.754,9,283.16066666666666,2025-11-01,670,Low Value
C02135,6,5038.538,1384.7379999999998,13,839.7563333333333,2025-11-22,691,Mid-High
C02136,5,1720.244,376.6740000000001,6,344.04879999999997,2025-10-28,666,Low Value
C02137,4,3104.962,1137.8020000000001,8,776.2405,2025-09-26,634,Mid-Low
C02138,12,6304.0905,1897.4305,26,525.340875,2025-12-08,707,Mid-High
C02139,13,6924.582,2681.522,21,532.6601538461539,2025-08-07,584,High Value
C02140,6,2645.578,887.958,9,440.92966666666666,2025-07-06,552,Low Value
C02141,4,2304.514,798.3140000000001,8,576.1285,2025-09-12,620,Low Value
C02142,8,4033.3225,1066.5225000000003,15,504.1653125,2025-11-09,678,Mid-Low
C02143,8,5707.0095,2431.7895,16,713.3761875,2025-11-25,694,Mid-High
C02144,9,6245.3975,2050.3775,16,693.9330555555556,2025-07-15,561,Mid-High
C02145,7,2682.777,931.0070000000001,15,383.25385714285716,2025-11-21,690,Low Value
C02146,4,1784.2250000000001,519.165,10,446.05625000000003,2025-10-03,641,Low Value
C02147,6,2647.5345,657.2544999999999,10,441.25575000000003,2025-07-22,568,Low Value
C02148,5,3797.6735000000003,1120.9735000000003,11,759.5347,2025-02-03,399,Mid-Low
C02149,11,6790.0505,2190.3805,24,617.2773181818183,2025-12-13,712,High Value
C02150,7,5211.287,1670.0770000000002,16,744.4695714285715,2025-11-16,685,Mid-High
C02151,6,3640.58,1249.2,14,606.7633333333333,2025-12-20,719,Mid-Low
C02152,9,5404.8595,1641.7595000000001,21,600.5399444444444,2025-04-20,475,Mid-High
C02153,8,4056.3215,1061.8915000000002,10,507.0401875,2025-11-23,692,Mid-Low
C02154,13,12443.321,3342.4809999999998,33,957.1785384615384,2025-06-07,523,High Value
C02155,7,3201.5475,942.4675000000001,12,457.3639285714286,2025-08-11,588,Mid-Low
C02156,7,3125.5519999999997,861.5919999999999,12,446.50742857142853,2025-11-03,672,Mid-Low
C02157,7,4898.936,1609.7959999999998,13,699.848,2025-12-11,710,Mid-High
C02158,8,10358.465,3621.7650000000003,16,1294.808125,2025-10-29,667,High Value
C02159,6,2670.425,570.9550000000002,19,445.0708333333334,2025-05-24,509,Low Value
C02160,9,5776.843,2113.803,17,641.8714444444445,2025-11-19,688,Mid-High
C02161,4,5822.2235,2065.2535000000003,8,1455.555875,2025-02-12,408,Mid-High
C02162,4,5007.5225,1743.4824999999998,10,1251.880625,2025-11-17,686,Mid-High
C02163,4,4542.6325,1185.5524999999998,10,1135.658125,2025-08-19,596,Mid-Low
C02164,12,3581.695,1139.265,23,298.4745833333333,2025-12-02,701,Mid-Low
C02165,10,7606.1175,2003.6774999999998,21,760.61175,2025-07-21,567,High Value
C02166,6,2860.2095,795.2295000000001,12,476.7015833333333,2025-01-07,372,Low Value
C02167,4,3296.9429999999998,1025.7729999999997,12,824.2357499999999,2025-10-06,644,Mid-Low
C02168,6,2969.4480000000003,1119.828,9,494.9080000000001,2025-06-27,543,Mid-Low
C02169,9,9040.7685,3236.4285,16,1004.5298333333334,2025-11-26,695,High Value
C02170,6,5665.087,2077.657,17,944.1811666666667,2025-04-24,479,Mid-High
C02171,7,4586.188,1687.1479999999997,15,655.1697142857143,2025-11-23,692,Mid-Low
C02172,7,2993.443,675.163,12,427.6347142857143,2025-11-04,673,Mid-Low
C02173,1,242.85799999999998,93.22799999999998,1,242.85799999999998,2025-09-06,614,Low Value
C02174,10,3582.3565,1212.7765,25,358.23564999999996,2025-12-10,709,Mid-Low
C02175,8,11149.054,4046.4540000000006,24,1393.63175,2025-11-06,675,High Value
C02176,4,2341.647,672.867,7,585.41175,2025-07-01,547,Low Value
C02177,5,3155.123,1156.8429999999998,10,631.0246,2025-04-08,463,Mid-Low
C02178,7,4002.658,1035.748,18,571.8082857142857,2025-11-23,692,Mid-Low
C02179,3,2590.066,571.2759999999998,5,863.3553333333333,2025-11-18,687,Low Value
C02180,10,5503.8875,1807.4375000000002,21,550.38875,2025-11-28,697,Mid-High
C02181,10,8491.9905,2490.8705,16,849.1990499999999,2025-10-31,669,High Value
C02182,4,9320.288499999999,4353.6685,13,2330.0721249999997,2025-09-04,612,High Value
C02183,11,10859.165500000001,4357.9655,27,987.1968636363637,2025-04-07,462,High Value
C02184,4,4303.924,1252.0040000000001,13,1075.981,2025-10-23,661,Mid-Low
C02185,4,1302.0410000000002,324.56100000000004,7,325.51025000000004,2024-10-21,294,Low Value
C02186,7,2267.056,942.466,9,323.86514285714287,2025-10-06,644,Low Value
C02187,8,3493.568,1130.0080000000003,16,436.696,2025-12-30,729,Mid-Low
C02188,9,3495.913,841.9330000000001,15,388.43477777777775,2025-10-30,668,Mid-Low
C02189,8,4121.3735,1297.9035,17,515.1716875,2025-09-22,630,Mid-Low
C02190,5,3331.136,909.916,9,666.2272,2025-08-10,587,Mid-Low
C02191,8,3479.8559999999998,985.626,19,434.98199999999997,2025-05-11,496,Mid-Low
C02192,5,5139.177000000001,2186.797,13,1027.8354000000002,2025-11-27,696,Mid-High
C02193,9,8006.939,2250.009,23,889.6598888888889,2025-11-23,692,High Value
C02194,5,5605.146,2021.506,11,1121.0292,2025-11-07,676,Mid-High
C02195,8,8049.1505,1608.8704999999998,19,1006.1438125,2025-07-13,559,High Value
C02196,5,2435.26,473.59000000000003,16,487.052,2025-09-23,631,Low Value
C02197,9,9739.214,3257.3940000000002,24,1082.1348888888888,2025-09-28,636,High Value
C02198,3,3749.427,1252.587,6,1249.809,2025-07-30,576,Mid-Low
C02199,7,5256.375,1573.7950000000003,22,750.9107142857143,2025-11-06,675,Mid-High
C02200,10,6290.202,1749.162,21,629.0202,2025-12-05,704,Mid-High
C02201,7,6637.1625,2465.1625000000004,17,948.1660714285715,2025-09-13,621,Mid-High
C02202,6,4627.834,1933.674,17,771.3056666666666,2025-12-15,714,Mid-High
C02203,3,4791.4259999999995,1435.666,6,1597.1419999999998,2025-12-29,728,Mid-High
C02204,12,7186.2885,2311.2485,30,598.8573749999999,2025-07-25,571,High Value
C02205,7,5397.726500000001,1904.9865000000002,12,771.1037857142858,2025-11-05,674,Mid-High
C02206,8,3283.3405000000002,908.1505000000002,17,410.41756250000003,2025-11-23,692,Mid-Low
C02207,9,12117.494999999999,4733.195,19,1346.3883333333333,2025-12-30,729,High Value
C02208,13,10084.403,3239.9729999999995,32,775.7233076923077,2025-12-30,729,High Value
C02209,4,1925.172,584.822,6,481.293,2025-08-25,602,Low Value
C02210,6,2155.9,645.79,12,359.31666666666666,2025-08-06,583,Low Value
C02211,8,6860.7880000000005,2942.948,16,857.5985000000001,2025-08-23,600,High Value
C02212,10,4603.06,1615.03,17,460.30600000000004,2025-11-26,695,Mid-High
C02213,9,4862.5289999999995,1323.199,15,540.281,2025-12-04,703,Mid-High
C02214,9,4412.613,1543.733,15,490.29033333333336,2025-11-30,699,Mid-Low
C02215,8,5473.104,1353.3840000000002,19,684.138,2025-10-14,652,Mid-High
C02216,13,6888.9725,1769.8225,27,529.9209615384615,2025-11-27,696,High Value
C02217,4,1678.6,626.9799999999999,5,419.65,2025-12-19,718,Low Value
C02218,11,6874.159,2230.799,19,624.9235454545454,2025-10-01,639,High Value
C02219,6,2926.9565000000002,769.5865,12,487.8260833333334,2025-09-04,612,Low Value
C02220,16,10694.922499999999,2779.4125,49,668.4326562499999,2025-11-18,687,High Value
C02221,9,7491.4385,1949.1985000000004,17,832.3820555555556,2025-12-03,702,High Value
C02222,3,1678.084,219.8840000000001,5,559.3613333333334,2025-07-20,566,Low Value
C02223,7,6518.9525,2266.0325000000003,15,931.2789285714287,2025-08-22,599,Mid-High
C02224,7,8470.702,2699.202,16,1210.1002857142855,2025-11-11,680,High Value
C02225,7,7553.284,2156.5640000000003,20,1079.0405714285714,2025-11-22,691,High Value
C02226,8,4778.0295,1707.9094999999998,14,597.2536875,2025-12-04,703,Mid-High
C02227,7,4743.41,1472.8500000000001,13,677.63,2025-11-04,673,Mid-High
C02228,8,5348.111,1798.6709999999998,16,668.513875,2025-12-21,720,Mid-High
C02229,6,5008.298,1338.918,15,834.7163333333333,2025-12-06,705,Mid-High
C02230,4,5678.5599999999995,2272.01,10,1419.6399999999999,2025-11-18,687,Mid-High
C02231,6,2336.265,718.115,14,389.3775,2025-11-09,678,Low Value
C02232,7,7619.6685,2090.1584999999995,15,1088.5240714285715,2025-11-23,692,High Value
C02233,8,6746.0675,2433.0275,18,843.2584375,2025-07-28,574,High Value
C02234,8,2017.9479999999999,643.848,12,252.24349999999998,2025-09-22,630,Low Value
C02235,5,3984.4179999999997,1534.498,10,796.8835999999999,2025-10-06,644,Mid-Low
C02236,5,3083.712,893.692,11,616.7424,2025-04-13,468,Mid-Low
C02237,8,9216.1365,3521.1564999999996,20,1152.0170625,2025-11-30,699,High Value
C02238,8,3708.7844999999998,696.9045,18,463.59806249999997,2025-11-17,686,Mid-Low
C02239,9,2673.5285000000003,866.4385000000001,17,297.0587222222223,2025-11-07,676,Low Value
C02240,6,1317.554,241.834,9,219.59233333333336,2025-05-31,516,Low Value
C02241,5,4379.071,1453.9409999999998,11,875.8142,2025-11-10,679,Mid-Low
C02242,4,2704.0595,938.8695000000001,7,676.014875,2025-10-18,656,Low Value
C02243,11,5772.7055,1852.6255,24,524.791409090909,2025-12-17,716,Mid-High
C02244,3,1651.385,429.58500000000004,9,550.4616666666667,2025-08-25,602,Low Value
C02245,10,7945.6255,2822.1755,21,794.56255,2025-10-08,646,High Value
C02246,9,5494.801,1967.6110000000003,21,610.5334444444445,2025-04-11,466,Mid-High
C02247,7,4987.1645,1717.6045,18,712.4520714285715,2025-12-16,715,Mid-High
C02248,6,3893.5679999999998,1184.268,11,648.928,2025-08-02,579,Mid-Low
C02249,8,11947.348,4722.758,20,1493.4185,2025-07-21,567,High Value
C02250,7,4207.2665,1039.9465000000002,19,601.0380714285714,2025-05-04,489,Mid-Low
C02251,3,625.6759999999999,120.01599999999999,3,208.55866666666665,2024-10-04,277,Low Value
C02252,7,4946.857,1824.4970000000003,11,706.6938571428572,2025-12-25,724,Mid-High
C02253,5,3227.1890000000003,1035.189,7,645.4378,2025-11-19,688,Mid-Low
C02254,5,5402.696,1805.1060000000002,14,1080.5392,2025-11-29,698,Mid-High
C02255,6,5233.764999999999,1545.715,9,872.2941666666666,2025-04-11,466,Mid-High
C02256,9,5156.008,1222.178,17,572.8897777777778,2025-11-13,682,Mid-High
C02257,6,4328.8395,1301.4695000000006,10,721.47325,2025-07-05,551,Mid-Low
C02258,8,6900.45,2493.83,21,862.55625,2025-12-27,726,High Value
C02259,9,2954.6814999999997,882.9914999999999,15,328.2979444444444,2025-09-17,625,Low Value
C02260,8,3755.068,1175.348,20,469.3835,2025-09-11,619,Mid-Low
C02261,7,2915.916,705.6959999999999,7,416.5594285714286,2025-11-14,683,Low Value
C02262,8,6785.3009999999995,2499.131,24,848.1626249999999,2025-11-16,685,High Value
C02263,6,3284.95,1029.73,13,547.4916666666667,2024-12-13,347,Mid-Low
C02264,6,5415.386,1427.836,13,902.5643333333334,2025-10-20,658,Mid-High
C02265,7,2379.678,664.068,8,339.954,2025-07-11,557,Low Value
C02266,3,2121.692,566.5920000000001,4,707.2306666666667,2025-09-20,628,Low Value
C02267,4,2644.629,741.2890000000002,5,661.15725,2025-08-15,592,Low Value
C02268,5,4123.5830000000005,1618.993,11,824.7166000000001,2025-07-25,571,Mid-Low
C02269,7,4786.925,1179.2250000000001,17,683.8464285714286,2025-11-30,699,Mid-High
C02270,9,4217.292,1565.062,12,468.588,2025-11-21,690,Mid-Low
C02271,6,4044.7015,1448.2115000000003,11,674.1169166666667,2025-12-16,715,Mid-Low
C02272,2,862.18,239.31,4,431.09,2025-06-25,541,Low Value
C02273,9,2610.525,792.425,17,290.05833333333334,2025-08-06,583,Low Value
C02274,7,6616.431500000001,2556.6615,19,945.2045,2025-09-12,620,Mid-High
C02275,6,3705.6175000000003,901.3475000000001,9,617.6029166666667,2025-10-25,663,Mid-Low
C02276,6,2316.1670000000004,608.7970000000001,11,386.0278333333334,2025-06-03,519,Low Value
C02277,8,8249.182999999999,3231.5729999999994,20,1031.1478749999999,2025-12-20,719,High Value
C02278,4,1228.4955,376.3555,5,307.123875,2025-06-10,526,Low Value
C02279,6,2551.2659999999996,863.0459999999999,16,425.21099999999996,2025-10-10,648,Low Value
C02280,6,2163.9030000000002,852.583,7,360.6505,2025-03-14,438,Low Value
C02281,9,5570.4415,1390.6715000000002,19,618.9379444444444,2025-12-06,705,Mid-High
C02282,8,10376.049,2763.759000000001,26,1297.006125,2025-10-18,656,High Value
C02283,7,3383.2145,1042.7245,15,483.31635714285716,2025-09-06,614,Mid-Low
C02284,12,10444.030999999999,3297.761,26,870.3359166666665,2025-09-05,613,High Value
C02285,5,2778.806,996.0260000000002,8,555.7612,2025-10-05,643,Low Value
C02286,11,6055.4515,1607.3815,27,550.4955909090909,2025-12-09,708,Mid-High
C02287,10,7097.206999999999,2017.397,21,709.7207,2025-10-03,641,High Value
C02288,4,1777.7985,396.4585000000001,5,444.449625,2025-08-27,604,Low Value
C02289,4,1618.3089999999997,553.3489999999999,7,404.57724999999994,2025-09-12,620,Low Value
C02290,5,2675.356,986.866,12,535.0712000000001,2025-07-24,570,Low Value
C02291,8,8672.5905,2095.700500000001,18,1084.0738125,2025-11-30,699,High Value
C02292,7,3722.001,1329.8310000000001,14,531.7144285714286,2025-09-16,624,Mid-Low
C02293,8,4363.1795,1396.7495000000001,16,545.3974375,2025-12-13,712,Mid-Low
C02294,3,1153.55,387.05999999999995,10,384.51666666666665,2024-11-23,327,Low Value
C02295,9,7129.816,2174.9860000000003,16,792.2017777777778,2025-09-26,634,High Value
C02296,11,8657.157,2700.917,25,787.0142727272727,2025-11-16,685,High Value
C02297,7,10506.0905,3111.1505000000006,23,1500.8700714285715,2025-06-06,522,High Value
C02298,9,3723.2965000000004,1267.5865000000001,13,413.69961111111115,2025-07-14,560,Mid-Low
C02299,5,1153.798,286.04799999999994,9,230.7596,2025-11-26,695,Low Value
C02300,9,7181.3835,1522.7534999999998,16,797.9315,2025-11-11,680,High Value
C02301,5,1966.1805000000002,478.64050000000015,8,393.2361,2025-09-21,629,Low Value
C02302,11,5504.4995,1895.3994999999998,23,500.40904545454543,2025-11-08,677,Mid-High
C02303,10,6966.8695,1764.2695000000006,22,696.68695,2025-08-23,600,High Value
C02304,3,2263.898,669.3380000000001,7,754.6326666666668,2025-10-28,666,Low Value
C02305,7,4485.941,1460.8310000000001,13,640.8487142857142,2025-12-16,715,Mid-Low
C02306,4,1578.441,362.91100000000006,11,394.61025,2025-12-14,713,Low Value
C02307,8,3369.693,986.1730000000001,12,421.211625,2025-11-15,684,Mid-Low
C02308,10,9047.290500000001,3244.3305,21,904.7290500000001,2025-12-07,706,High Value
C02309,7,4832.18,1820.67,13,690.3114285714286,2025-09-02,610,Mid-High
C02310,6,4505.614,1401.714,11,750.9356666666666,2025-12-20,719,Mid-Low
C02311,6,1746.0475,589.1675,12,291.00791666666663,2025-12-07,706,Low Value
C02312,5,4536.164,1542.254,12,907.2328,2025-06-06,522,Mid-Low
C02313,4,572.7145,128.79450000000003,4,143.178625,2025-11-06,675,Low Value
C02314,8,16504.611,5664.3110000000015,23,2063.076375,2025-11-17,686,High Value
C02315,4,2308.5739999999996,930.1339999999999,6,577.1434999999999,2025-07-02,548,Low Value
C02316,11,6179.601000000001,2210.6510000000003,21,561.7819090909092,2025-10-06,644,Mid-High
C02317,6,3040.343,1261.5729999999999,11,506.7238333333333,2025-09-13,621,Mid-Low
C02318,5,1900.277,829.787,9,380.0554,2025-11-29,698,Low Value
C02319,6,4470.606,1090.266,19,745.101,2025-12-05,704,Mid-Low
C02320,10,2922.8940000000002,564.3440000000002,17,292.2894,2025-12-11,710,Low Value
C02321,3,2277.001,918.061,5,759.0003333333334,2025-04-01,456,Low Value
C02322,5,2683.824,675.974,8,536.7648,2025-02-27,423,Low Value
C02323,7,2412.7235,756.9834999999999,14,344.67478571428575,2025-07-06,552,Low Value
C02324,6,3357.5935,1355.1135,10,559.5989166666667,2025-12-24,723,Mid-Low
C02325,6,5226.436,1616.8760000000002,10,871.0726666666666,2025-02-22,418,Mid-High
C02326,7,3056.062,1109.442,17,436.5802857142857,2025-09-30,638,Mid-Low
C02327,7,4632.4095,1524.2995,15,661.7727857142856,2025-10-30,668,Mid-High
C02328,4,2163.082,800.122,7,540.7705,2025-10-25,663,Low Value
C02329,3,1287.838,464.90799999999996,9,429.27933333333334,2024-11-05,309,Low Value
C02330,7,6118.2415,2051.1915,17,874.0345,2025-12-20,719,Mid-High
C02331,9,5745.293000000001,1957.5230000000001,20,638.365888888889,2025-12-21,720,Mid-High
C02332,12,8791.1955,3108.2855,32,732.599625,2025-12-25,724,High Value
C02333,7,3913.9535,605.8135,11,559.1362142857143,2025-06-03,519,Mid-Low
C02334,4,4492.057,868.557,10,1123.01425,2025-12-10,709,Mid-Low
C02335,4,3005.9905,1318.0605,7,751.497625,2024-08-02,214,Mid-Low
C02336,6,3977.0969999999998,1432.097,13,662.8494999999999,2025-12-10,709,Mid-Low
C02337,7,8983.297,3349.6269999999995,18,1283.328142857143,2025-11-28,697,High Value
C02338,16,13239.5985,4102.9185,32,827.47490625,2025-12-11,710,High Value
C02339,9,7893.394,1872.4740000000004,23,877.0437777777778,2025-03-26,450,High Value
C02340,5,2184.2560000000003,848.5560000000002,7,436.85120000000006,2025-12-12,711,Low Value
C02341,4,1699.028,560.238,9,424.757,2025-05-15,500,Low Value
C02342,10,5314.037,1331.097,29,531.4037000000001,2025-11-20,689,Mid-High
C02343,6,3075.192,867.812,9,512.532,2025-11-16,685,Mid-Low
C02344,8,7851.371,2146.411,20,981.421375,2025-12-26,725,High Value
C02345,9,4705.929,1499.2890000000002,16,522.881,2025-12-29,728,Mid-High
C02346,5,2040.613,446.823,6,408.12260000000003,2025-11-06,675,Low Value
C02347,9,11125.351999999999,1697.5620000000004,25,1236.150222222222,2025-11-03,672,High Value
C02348,6,4025.9345,1181.1245,13,670.9890833333333,2025-10-27,665,Mid-Low
C02349,9,7071.635,2134.745,17,785.7372222222223,2025-11-17,686,High Value
C02350,5,5712.029500000001,1862.4895000000004,12,1142.4059000000002,2025-08-13,590,Mid-High
C02351,8,8102.777500000001,3485.8875000000007,19,1012.8471875000001,2025-12-16,715,High Value
C02352,8,3980.2935,1025.5735,16,497.5366875,2025-09-25,633,Mid-Low
C02353,7,3673.2715,1305.7814999999998,11,524.7530714285714,2025-07-25,571,Mid-Low
C02354,5,3749.2039999999997,845.4540000000001,12,749.8408,2025-03-17,441,Mid-Low
C02355,6,7525.468,2319.7280000000005,13,1254.2446666666667,2025-09-03,611,High Value
C02356,5,4066.318,1668.848,7,813.2636,2025-08-24,601,Mid-Low
C02357,7,4060.6965,1359.6665,11,580.0995,2025-10-14,652,Mid-Low
C02358,11,8515.1815,2080.4615000000003,24,774.1074090909092,2025-11-25,694,High Value
C02359,5,5042.554,1550.404,14,1008.5108,2025-03-21,445,Mid-High
C02360,10,3205.6465,948.4665000000001,14,320.56465,2025-04-07,462,Mid-Low
C02361,6,3462.1005,957.5504999999999,13,577.01675,2025-11-30,699,Mid-Low
C02362,10,7184.6505,2011.6005000000002,26,718.46505,2025-11-10,679,High Value
C02363,7,3722.518,1154.208,10,531.7882857142857,2025-09-22,630,Mid-Low
C02364,9,4413.4025,1383.9824999999998,15,490.3780555555556,2025-10-29,667,Mid-Low
C02365,6,2778.0665,1005.6465000000002,12,463.0110833333333,2025-07-22,568,Low Value
C02366,2,867.4019999999999,286.9919999999999,3,433.70099999999996,2025-03-23,447,Low Value
C02367,13,7619.8634999999995,2416.8435,33,586.1433461538461,2025-11-29,698,High Value
C02368,6,5127.6245,1410.1744999999999,11,854.6040833333333,2025-10-06,644,Mid-High
C02369,7,4557.894,638.0839999999997,19,651.1277142857143,2025-12-30,729,Mid-Low
C02370,6,6466.2205,2155.8005000000003,15,1077.7034166666667,2025-12-20,719,Mid-High
C02371,9,5374.8905,1406.0705000000003,20,597.2100555555556,2025-12-28,727,Mid-High
C02372,12,8104.127,2122.597,27,675.3439166666667,2025-10-23,661,High Value
C02373,8,3033.864,980.6940000000001,13,379.233,2025-12-11,710,Mid-Low
C02374,5,5647.012500000001,2053.3125,8,1129.4025000000001,2025-12-31,730,Mid-High
C02375,9,3889.894,1458.214,13,432.2104444444444,2025-08-17,594,Mid-Low
C02376,6,6246.1630000000005,1812.0930000000005,12,1041.0271666666667,2025-09-23,631,Mid-High
C02377,5,4592.36,2118.7900000000004,13,918.472,2025-12-24,723,Mid-Low
C02378,9,6639.981,2065.221,17,737.7756666666667,2025-06-07,523,Mid-High
C02379,6,1982.1950000000002,456.125,13,330.36583333333334,2025-10-07,645,Low Value
C02380,2,3413.0389999999998,1342.269,4,1706.5194999999999,2025-08-24,601,Mid-Low
C02381,5,4934.855,1468.6150000000002,14,986.9709999999999,2025-10-15,653,Mid-High
C02382,8,2932.5345,987.7645,13,366.5668125,2025-08-30,607,Low Value
C02383,4,1787.2145,465.88449999999995,9,446.803625,2025-12-14,713,Low Value
C02384,9,4854.5805,1470.8504999999998,16,539.3978333333333,2025-10-08,646,Mid-High
C02385,6,4127.8135,1413.4735,15,687.9689166666667,2025-01-11,376,Mid-Low
C02386,6,6412.7815,2177.0114999999996,11,1068.7969166666667,2025-11-08,677,Mid-High
C02387,8,3931.0615000000003,1236.1915000000001,14,491.38268750000003,2025-11-27,696,Mid-Low
C02388,9,5297.3460000000005,1280.516,15,588.594,2025-08-01,578,Mid-High
C02389,2,1070.844,314.09400000000005,7,535.422,2025-10-25,663,Low Value
C02390,6,11096.313,3252.423,19,1849.3855,2025-12-27,726,High Value
C02391,4,988.1885,307.6385,5,247.047125,2025-12-10,709,Low Value
C02392,7,2966.8014999999996,1042.1014999999998,20,423.82878571428563,2025-09-04,612,Mid-Low
C02393,12,6300.25,2063.77,21,525.0208333333334,2025-12-30,729,Mid-High
C02394,8,6537.5070000000005,2313.4170000000004,15,817.1883750000001,2025-12-05,704,Mid-High
C02395,7,3648.3345,1073.2645,14,521.1906428571428,2025-11-30,699,Mid-Low
C02396,5,2084.963,761.7730000000001,13,416.99260000000004,2025-12-31,730,Low Value
C02397,12,7343.3925,2316.5125000000003,23,611.949375,2025-12-25,724,High Value
C02398,8,2930.6949999999997,741.7349999999998,11,366.33687499999996,2025-07-08,554,Low Value
C02399,3,1753.9119999999998,318.09199999999976,5,584.6373333333332,2025-06-01,517,Low Value
C02400,6,5347.2915,1669.7115000000003,14,891.2152500000001,2025-09-08,616,Mid-High
C02401,5,5795.775000000001,2237.0650000000005,12,1159.1550000000002,2025-06-14,530,Mid-High
C02402,10,12095.180499999999,4147.220499999999,20,1209.51805,2025-11-14,683,High Value
C02403,7,9603.6715,2710.7815000000005,21,1371.9530714285715,2025-10-15,653,High Value
C02404,5,4632.542,2091.702,10,926.5084,2025-04-06,461,Mid-High
C02405,5,4150.467000000001,1254.4270000000001,11,830.0934000000001,2025-08-23,600,Mid-Low
C02406,9,4400.775500000001,1685.3955,15,488.9750555555556,2025-12-12,711,Mid-Low
C02407,9,13148.208,4397.528,23,1460.912,2025-10-30,668,High Value
C02408,4,2753.474,467.974,12,688.3685,2025-12-27,726,Low Value
C02409,2,426.368,91.93799999999999,3,213.184,2024-09-28,271,Low Value
C02410,6,5707.106,1984.516,15,951.1843333333333,2025-06-22,538,Mid-High
C02411,5,1554.808,527.8779999999999,7,310.9616,2025-06-19,535,Low Value
C02412,6,6023.461499999999,1878.4515000000001,15,1003.9102499999999,2025-12-03,702,Mid-High
C02413,8,4695.6539999999995,1063.624,15,586.9567499999999,2025-08-28,605,Mid-High
C02414,4,2129.645,275.275,7,532.41125,2025-05-20,505,Low Value
C02415,8,4008.31,1153.6200000000001,15,501.03875,2025-10-05,643,Mid-Low
C02416,9,14208.8425,5253.2225,28,1578.760277777778,2025-11-30,699,High Value
C02417,14,7635.8665,2147.6965,26,545.4190357142858,2025-12-06,705,High Value
C02418,5,1899.9535,582.5935000000001,10,379.9907,2025-08-07,584,Low Value
C02419,8,6606.6134999999995,2140.4035,15,825.8266874999999,2025-10-26,664,Mid-High
C02420,9,6122.939,1649.2189999999998,18,680.3265555555556,2025-12-23,722,Mid-High
C02421,12,5670.246,1391.806,28,472.5205,2025-11-25,694,Mid-High
C02422,5,2092.3230000000003,636.163,11,418.4646000000001,2025-10-15,653,Low Value
C02423,5,2882.4339999999997,1302.0539999999999,15,576.4867999999999,2025-12-18,717,Low Value
C02424,9,4319.552500000001,920.8725000000002,20,479.95027777777784,2025-10-25,663,Mid-Low
C02425,9,5102.395,1377.225,16,566.9327777777778,2025-11-08,677,Mid-High
C02426,11,4263.4415,1200.0514999999998,23,387.5855909090909,2025-12-06,705,Mid-Low
C02427,9,4910.429,1411.909,14,545.6032222222223,2025-11-03,672,Mid-High
C02428,5,2739.1575000000003,1112.7675,14,547.8315,2025-11-15,684,Low Value
C02429,5,4959.6945000000005,1546.9845000000003,12,991.9389000000001,2025-05-27,512,Mid-High
C02430,6,4685.105,1955.6349999999998,9,780.8508333333333,2025-12-31,730,Mid-High
C02431,6,3274.026,1258.586,11,545.6709999999999,2025-09-28,636,Mid-Low
C02432,7,2085.8375,577.3475,10,297.9767857142857,2025-11-27,696,Low Value
C02433,7,4003.839,1539.239,12,571.977,2025-11-08,677,Mid-Low
C02434,3,6587.2345000000005,2340.4545000000003,6,2195.7448333333336,2025-10-06,644,Mid-High
C02435,7,4823.283,1140.643,12,689.0404285714286,2025-08-18,595,Mid-High
C02436,2,416.296,156.08599999999996,5,208.148,2025-11-22,691,Low Value
C02437,10,2945.044,1077.224,20,294.5044,2025-10-07,645,Low Value
C02438,7,3595.3485,855.6284999999999,13,513.6212142857142,2025-12-11,710,Mid-Low
C02439,6,4424.807,1312.717,13,737.4678333333333,2025-07-08,554,Mid-Low
C02440,9,6270.1395,2118.8695000000002,18,696.6821666666667,2025-10-28,666,Mid-High
C02441,8,8858.186000000002,2407.2660000000005,15,1107.2732500000002,2025-08-29,606,High Value
C02442,8,6188.891,1671.1610000000005,12,773.611375,2025-04-02,457,Mid-High
C02443,6,4856.2685,1573.7185000000002,16,809.3780833333334,2025-08-21,598,Mid-High
C02444,5,2386.2,833.0400000000001,8,477.23999999999995,2025-12-20,719,Low Value
C02445,8,1676.521,390.991,13,209.565125,2025-10-23,661,Low Value
C02446,6,3959.062,1519.3619999999999,16,659.8436666666666,2025-11-09,678,Mid-Low
C02447,10,5775.2585,2187.5085,18,577.52585,2025-09-30,638,Mid-High
C02448,7,5845.918000000001,2179.2580000000003,18,835.1311428571429,2025-10-08,646,Mid-High
C02449,11,5114.8625,1414.7025,21,464.9875,2025-11-24,693,Mid-High
C02450,4,4716.7395,1682.9695000000002,12,1179.184875,2025-10-22,660,Mid-High
C02451,6,4467.279500000001,1027.2595000000001,19,744.5465833333334,2025-06-03,519,Mid-Low
C02452,6,2495.088,831.9180000000001,12,415.848,2025-09-12,620,Low Value
C02453,9,11042.0175,3582.7574999999997,26,1226.8908333333334,2025-07-31,577,High Value
C02454,5,4643.7845,1627.0345,9,928.7569,2025-06-26,542,Mid-High
C02455,5,1579.4360000000001,464.386,7,315.8872,2025-09-27,635,Low Value
C02456,13,16326.7305,5476.6905,36,1255.902346153846,2025-11-19,688,High Value
C02457,8,4218.151,1107.831,15,527.268875,2025-12-21,720,Mid-Low
C02458,5,2674.1399999999994,857.4299999999996,10,534.8279999999999,2025-08-19,596,Low Value
C02459,8,6368.785,1825.2350000000001,16,796.098125,2025-10-15,653,Mid-High
C02460,7,1533.1075,204.60750000000002,9,219.01535714285714,2025-06-30,546,Low Value
C02461,10,8330.211,2561.131,28,833.0210999999999,2025-12-05,704,High Value
C02462,5,7802.5625,2625.1925,15,1560.5125,2025-12-14,713,High Value
C02463,7,3928.5985,1204.2285000000002,20,561.2283571428571,2025-10-13,651,Mid-Low
C02464,11,7656.1705,2100.8105,22,696.0155,2025-03-05,429,High Value
C02465,7,3024.406,944.7760000000001,13,432.058,2025-10-25,663,Mid-Low
C02466,8,7354.4884999999995,2255.0784999999996,18,919.3110624999999,2025-09-24,632,High Value
C02467,5,6195.2519999999995,1835.0820000000003,11,1239.0503999999999,2025-05-09,494,Mid-High
C02468,13,7394.094,2072.134,21,568.7764615384615,2025-10-27,665,High Value
C02469,6,3992.0475000000006,1266.5175000000004,13,665.3412500000001,2025-10-09,647,Mid-Low
C02470,5,2185.935,701.885,14,437.187,2025-09-22,630,Low Value
C02471,8,3736.7185,1179.4385000000002,15,467.0898125,2025-09-22,630,Mid-Low
C02472,10,5746.949500000001,2038.7895,18,574.6949500000001,2025-08-03,580,Mid-High
C02473,12,6519.0335,1844.4735,23,543.2527916666667,2025-12-12,711,Mid-High
C02474,8,6946.4325,2659.9725000000003,19,868.3040625,2025-07-28,574,High Value
C02475,6,3316.6,1019.3600000000001,11,552.7666666666667,2025-12-31,730,Mid-Low
C02476,9,3730.3105,686.4905000000001,17,414.47894444444444,2025-11-01,670,Mid-Low
C02477,9,6228.356000000001,1856.3260000000005,20,692.0395555555556,2025-12-30,729,Mid-High
C02478,8,7038.576000000001,2488.746,21,879.8220000000001,2025-08-10,587,High Value
C02479,4,3751.5340000000006,1051.884,9,937.8835000000001,2025-02-20,416,Mid-Low
C02480,11,5320.2715,1340.9215000000002,27,483.66104545454544,2025-12-20,719,Mid-High
C02481,7,6845.604,2163.0240000000003,23,977.9434285714286,2025-07-29,575,High Value
C02482,6,4682.048,845.838,12,780.3413333333333,2025-05-06,491,Mid-High
C02483,8,3538.3185000000003,1015.8885,15,442.28981250000004,2025-09-17,625,Mid-Low
C02484,7,3568.8445,1011.3145,14,509.8349285714286,2025-06-21,537,Mid-Low
C02485,8,8115.7015,2717.9115,16,1014.4626875,2025-08-19,596,High Value
C02486,5,6449.128,2079.448,12,1289.8256,2025-12-09,708,Mid-High
C02487,14,5539.875,1844.875,24,395.70535714285717,2025-11-25,694,Mid-High
C02488,9,5247.313999999999,1920.6639999999995,21,583.0348888888889,2025-06-09,525,Mid-High
C02489,7,2382.351,622.8109999999999,12,340.33585714285715,2025-12-26,725,Low Value
C02490,7,2487.02,670.3800000000001,11,355.2885714285714,2025-10-30,668,Low Value
C02491,10,8491.452000000001,2360.392,20,849.1452000000002,2025-10-29,667,High Value
C02492,4,1833.5810000000001,715.341,10,458.39525000000003,2025-11-15,684,Low Value
C02493,5,1785.6945,468.58450000000005,6,357.13890000000004,2025-03-08,432,Low Value
C02494,14,9842.831,3554.6710000000003,28,703.0593571428572,2025-12-05,704,High Value
C02495,10,9262.155,3728.2749999999996,21,926.2155,2025-08-31,608,High Value
C02496,6,2415.036,657.9960000000001,9,402.50600000000003,2025-11-09,678,Low Value
C02497,10,8925.6645,3266.6745000000005,18,892.56645,2025-11-26,695,High Value
C02498,14,10432.2995,3803.3495,33,745.1642499999999,2025-11-15,684,High Value
C02499,5,3065.152,1045.8719999999998,7,613.0304,2025-08-16,593,Mid-Low
C02500,11,4949.594,1492.214,21,449.9630909090909,2025-11-17,686,Mid-High
